you	-3.166683
i	-3.227610
the	-3.401550
to	-3.687559
a	-3.853544
it	-3.914229
and	-4.168330
that	-4.203873
of	-4.338880
is	-4.525056
in	-4.533690
what	-4.595082
we	-4.616243
me	-4.663325
this	-4.779205
he	-4.818909
for	-4.882970
my	-4.929475
on	-4.953468
have	-4.965538
your	-4.998195
do	-5.040514
was	-5.044675
no	-5.050727
not	-5.076825
be	-5.088959
are	-5.090634
don	-5.101438
know	-5.167603
can	-5.184777
with	-5.189792
but	-5.236992
all	-5.261174
so	-5.292857
just	-5.322337
there	-5.379692
here	-5.382854
they	-5.408146
like	-5.433689
get	-5.467729
she	-5.504767
go	-5.519216
if	-5.559340
right	-5.580071
out	-5.606341
about	-5.615410
up	-5.626525
at	-5.638161
him	-5.638301
now	-5.694227
oh	-5.694454
one	-5.709514
come	-5.736390
well	-5.756561
her	-5.758845
how	-5.765651
yeah	-5.833160
will	-5.848692
got	-5.849412
want	-5.858365
think	-5.917148
as	-5.943172
see	-5.949176
did	-5.971155
good	-5.971749
who	-5.975914
why	-5.982678
from	-5.990379
let	-5.992909
his	-6.015985
yes	-6.035566
when	-6.100229
going	-6.107413
time	-6.152510
an	-6.155629
okay	-6.169734
back	-6.186573
look	-6.227659
us	-6.228820
would	-6.233906
them	-6.243323
where	-6.247311
were	-6.252058
take	-6.254898
then	-6.283288
had	-6.284045
or	-6.289466
been	-6.291437
our	-6.351044
gonna	-6.354196
tell	-6.364262
really	-6.365606
man	-6.366562
some	-6.372265
say	-6.383467
hey	-6.387481
could	-6.420614
didn	-6.430733
by	-6.440061
need	-6.487281
something	-6.488717
has	-6.491927
too	-6.504320
more	-6.516291
way	-6.526446
down	-6.547886
make	-6.563411
very	-6.582507
never	-6.598305
only	-6.646129
people	-6.647762
over	-6.653506
because	-6.654334
little	-6.666439
please	-6.698460
love	-6.712567
should	-6.720563
mean	-6.723525
said	-6.726448
sorry	-6.727497
give	-6.734982
off	-6.750583
am	-6.767642
thank	-6.783358
any	-6.790635
two	-6.795077
even	-6.821611
much	-6.829628
doing	-6.838404
sure	-6.869977
thing	-6.886840
these	-6.907701
help	-6.932664
first	-6.947632
into	-6.948608
anything	-6.972593
still	-6.973634
find	-6.994202
life	-6.997278
nothing	-7.000776
sir	-7.005470
day	-7.008422
god	-7.017775
work	-7.018178
their	-7.035503
uh	-7.049777
again	-7.054228
maybe	-7.069482
must	-7.069751
before	-7.073761
other	-7.076199
wait	-7.080444
stop	-7.081726
call	-7.083502
after	-7.083914
won	-7.085907
talk	-7.093960
away	-7.098853
than	-7.104637
thought	-7.109053
home	-7.112008
night	-7.113043
put	-7.120389
great	-7.132189
those	-7.164522
last	-7.166433
better	-7.179923
everything	-7.180948
told	-7.184502
new	-7.202945
things	-7.212517
always	-7.212964
keep	-7.222996
long	-7.227269
years	-7.256729
leave	-7.264182
does	-7.264408
money	-7.278160
around	-7.278542
doesn	-7.279446
name	-7.312893
place	-7.336616
ever	-7.338360
feel	-7.338527
guys	-7.342528
father	-7.353222
guy	-7.357126
made	-7.361569
old	-7.366163
isn	-7.371677
which	-7.388234
big	-7.400774
lot	-7.414185
done	-7.421255
hello	-7.429178
nice	-7.429269
believe	-7.433280
girl	-7.436546
someone	-7.440017
fine	-7.441594
thanks	-7.453752
wanted	-7.461821
kind	-7.462504
coming	-7.468367
house	-7.471871
every	-7.472038
ok	-7.472507
through	-7.473050
being	-7.477178
course	-7.489444
stay	-7.497570
left	-7.497937
dad	-7.498061
enough	-7.502209
happened	-7.505584
came	-7.508828
may	-7.511395
mother	-7.513217
wrong	-7.518318
world	-7.519206
bad	-7.520891
might	-7.528626
three	-7.530041
today	-7.530671
listen	-7.532321
another	-7.533333
understand	-7.533910
hear	-7.546433
remember	-7.553037
ask	-7.564174
own	-7.569213
same	-7.581701
show	-7.583883
else	-7.603216
kill	-7.606882
talking	-7.612435
found	-7.613167
next	-7.618543
getting	-7.631703
care	-7.632397
car	-7.634500
looking	-7.645800
son	-7.647495
try	-7.648259
woman	-7.651564
went	-7.660378
hi	-7.665075
dead	-7.673625
many	-7.682286
mind	-7.688413
wasn	-7.690611
friend	-7.703621
best	-7.707304
mom	-7.713615
hell	-7.716451
morning	-7.718836
trying	-7.719700
boy	-7.722275
together	-7.722619
yourself	-7.723913
job	-7.734237
saw	-7.737340
family	-7.748958
real	-7.748982
without	-7.762748
baby	-7.762793
room	-7.763792
wouldn	-7.769958
already	-7.771988
move	-7.786088
most	-7.788915
seen	-7.790987
live	-7.795864
miss	-7.796277
actually	-7.801041
huh	-7.818863
shit	-7.823769
both	-7.833298
heard	-7.836513
once	-7.837058
ready	-7.846131
head	-7.847719
called	-7.856209
used	-7.860079
idea	-7.861860
knew	-7.862274
hold	-7.864639
happy	-7.865500
door	-7.869410
such	-7.869464
fuck	-7.873236
brother	-7.874174
also	-7.874459
pretty	-7.875626
bit	-7.877829
took	-7.878296
haven	-7.879630
yet	-7.881629
men	-7.884066
whole	-7.884883
start	-7.887578
use	-7.888897
while	-7.889323
since	-7.895369
wife	-7.896899
days	-7.900318
guess	-7.911643
tomorrow	-7.918019
matter	-7.921712
meet	-7.923110
bring	-7.923607
tonight	-7.926964
everyone	-7.928921
run	-7.936395
wanna	-7.940873
hard	-7.941852
ah	-7.943563
alone	-7.951767
myself	-7.951829
school	-7.953011
gone	-7.953402
um	-7.958534
end	-7.964691
saying	-7.968012
phone	-7.973751
play	-7.979639
looks	-7.979857
couldn	-7.981766
fucking	-7.984010
problem	-7.986246
few	-7.990343
friends	-7.994288
gotta	-7.994779
ago	-7.997387
open	-7.997744
anyone	-8.003582
killed	-8.003735
hope	-8.009464
face	-8.016142
until	-8.017523
lost	-8.029914
police	-8.034502
excuse	-8.041415
turn	-8.047308
business	-8.059776
case	-8.062471
wants	-8.063052
says	-8.063326
true	-8.064801
die	-8.068117
heart	-8.068809
soon	-8.071782
each	-8.078065
worry	-8.080967
later	-8.092632
year	-8.093461
watch	-8.097090
music	-8.100674
hand	-8.105308
having	-8.105992
probably	-8.122478
beautiful	-8.132019
doctor	-8.143977
sit	-8.145364
eat	-8.147865
thinking	-8.156906
young	-8.162358
second	-8.168139
working	-8.170802
water	-8.171620
person	-8.173497
part	-8.175597
kids	-8.176627
late	-8.176945
stuff	-8.184054
exactly	-8.189925
under	-8.190801
death	-8.192636
minute	-8.192858
pay	-8.193578
crazy	-8.193869
forget	-8.194606
everybody	-8.195115
kid	-8.198696
change	-8.203477
gave	-8.206247
happen	-8.208416
damn	-8.218209
five	-8.221482
drink	-8.227194
far	-8.228800
knows	-8.232229
its	-8.238131
whatever	-8.240970
eyes	-8.245546
shut	-8.250478
aren	-8.250994
hit	-8.253892
taking	-8.254472
easy	-8.256331
times	-8.260937
check	-8.261022
hands	-8.262247
minutes	-8.269077
deal	-8.270003
different	-8.271559
means	-8.273542
point	-8.274150
inside	-8.274862
makes	-8.285256
asked	-8.288401
somebody	-8.289240
mine	-8.294850
making	-8.304265
body	-8.305680
afraid	-8.305822
sleep	-8.309806
chance	-8.310532
dear	-8.314289
quite	-8.316509
four	-8.316647
anyway	-8.318175
close	-8.318325
ain	-8.319081
party	-8.321570
fun	-8.324246
against	-8.328237
word	-8.328813
comes	-8.331454
important	-8.332165
set	-8.333511
shall	-8.333529
story	-8.334272
number	-8.339045
daughter	-8.340197
least	-8.341216
waiting	-8.343268
hurt	-8.350367
wish	-8.357935
moment	-8.359240
fight	-8.359765
week	-8.362690
husband	-8.363004
girls	-8.365095
rest	-8.365630
married	-8.372947
fire	-8.374754
game	-8.374951
nobody	-8.378048
mr	-8.380426
children	-8.383367
side	-8.386664
stand	-8.388438
read	-8.393108
though	-8.394325
cut	-8.394791
started	-8.395192
sister	-8.396814
supposed	-8.403180
between	-8.407087
child	-8.411397
goes	-8.415812
hours	-8.416070
speak	-8.417587
women	-8.418408
behind	-8.434007
almost	-8.434438
truth	-8.434546
blood	-8.437759
able	-8.442557
lady	-8.443127
anymore	-8.444610
playing	-8.446573
gets	-8.450338
shot	-8.459223
reason	-8.461802
trouble	-8.469896
break	-8.470790
war	-8.472763
city	-8.474529
walk	-8.478168
town	-8.479718
trust	-8.483306
met	-8.484149
office	-8.484630
question	-8.485836
brought	-8.488030
yours	-8.488798
welcome	-8.490407
high	-8.492183
wow	-8.495652
couple	-8.499938
half	-8.503318
died	-8.504004
cool	-8.506122
free	-8.510046
either	-8.511137
seems	-8.516601
power	-8.517245
whoa	-8.517589
bye	-8.519701
buy	-8.520721
telling	-8.520927
honey	-8.524445
tried	-8.526142
front	-8.526585
team	-8.533875
answer	-8.535886
gun	-8.543492
boys	-8.547091
line	-8.548306
send	-8.551588
news	-8.554623
stupid	-8.555399
bed	-8.555794
hurry	-8.565449
full	-8.568889
months	-8.568912
save	-8.571552
sometimes	-8.576285
become	-8.576774
along	-8.580635
hate	-8.581158
food	-8.585036
outside	-8.588221
light	-8.592900
l	-8.593998
needs	-8.594947
dog	-8.599936
country	-8.600238
clear	-8.600246
order	-8.602507
em	-8.605805
fact	-8.606109
lord	-8.607030
captain	-8.607078
six	-8.613400
hot	-8.614150
funny	-8.614714
black	-8.616378
alive	-8.623557
pick	-8.624657
feeling	-8.629829
living	-8.634041
cause	-8.636413
ahead	-8.644436
lose	-8.657682
king	-8.661751
plan	-8.662606
dinner	-8.663952
sighs	-8.668711
sort	-8.669929
leaving	-8.671782
shouldn	-8.671961
running	-8.672440
boss	-8.674468
alright	-8.675385
promise	-8.681586
taken	-8.687401
safe	-8.697272
ma	-8.697956
book	-8.698509
sent	-8.698544
white	-8.708049
hour	-8.708926
anybody	-8.710701
small	-8.713066
perfect	-8.713841
lives	-8.728616
special	-8.730780
parents	-8.732031
s	-8.732095
john	-8.734212
himself	-8.736196
perhaps	-8.740836
sounds	-8.741751
serious	-8.745110
sick	-8.746748
company	-8.751576
ha	-8.752492
scared	-8.753122
uncle	-8.753864
poor	-8.757413
red	-8.765402
past	-8.766811
earth	-8.767234
possible	-8.770189
shoot	-8.770312
touch	-8.772398
sound	-8.777588
top	-8.777740
ass	-8.780337
laughs	-8.781251
cannot	-8.790829
asking	-8.799906
win	-8.800081
glad	-8.801131
control	-8.801773
hmm	-8.803477
human	-8.803594
drive	-8.805145
hair	-8.810862
jack	-8.812690
bitch	-8.816277
luck	-8.817007
murder	-8.817946
happens	-8.820778
air	-8.827844
ten	-8.827883
daddy	-8.829163
finally	-8.830173
chuckles	-8.833150
fast	-8.838415
cold	-8.838940
seem	-8.843565
laughing	-8.845139
words	-8.846949
hospital	-8.848640
street	-8.849344
hang	-8.851683
dance	-8.856183
meeting	-8.856296
till	-8.859218
others	-8.863483
catch	-8.863711
follow	-8.864539
sense	-8.865441
sex	-8.865555
lie	-8.870764
evening	-8.877133
master	-8.879128
known	-8.879191
dream	-8.879570
write	-8.880885
million	-8.885635
voice	-8.889982
sweet	-8.890482
rather	-8.890482
felt	-8.892941
sign	-8.907044
lucky	-8.908505
somewhere	-8.909718
bet	-8.917246
o	-8.920857
jesus	-8.921953
longer	-8.923139
calling	-8.924975
worked	-8.926043
quiet	-8.928459
looked	-8.929685
less	-8.934451
pull	-8.935907
beat	-8.936943
careful	-8.938280
coffee	-8.938470
return	-8.940692
secret	-8.943098
weeks	-8.946589
weren	-8.952205
date	-8.952432
seeing	-8.954867
fall	-8.959754
given	-8.960028
ooh	-8.960655
fault	-8.963659
straight	-8.964139
takes	-8.968946
song	-8.969889
future	-8.970408
gentlemen	-8.972390
loved	-8.978432
changed	-8.978490
road	-8.982935
calm	-8.984254
wonderful	-8.984499
mad	-8.987435
turned	-8.988455
drop	-8.989546
ladies	-8.991390
learn	-8.992485
step	-8.993121
absolutely	-8.993427
early	-8.993663
explain	-8.999195
clean	-9.000737
piece	-9.000903
yesterday	-9.005675
throw	-9.007395
picture	-9.010003
land	-9.010471
feet	-9.011994
wonder	-9.016712
questions	-9.016905
speaking	-9.018329
worth	-9.020870
darling	-9.024741
dude	-9.025349
giving	-9.026628
president	-9.027907
eye	-9.028237
quick	-9.033191
moving	-9.037554
figure	-9.039341
state	-9.042183
strong	-9.046113
sam	-9.047083
none	-9.048426
amazing	-9.049024
ones	-9.058047
works	-9.060855
act	-9.064682
needed	-9.065948
weird	-9.073618
law	-9.074295
worried	-9.076610
report	-9.079933
goodbye	-9.083924
missing	-9.086353
choice	-9.088022
happening	-9.089902
chief	-9.091214
wedding	-9.091357
strange	-9.092358
general	-9.092970
pain	-9.093191
kidding	-9.093908
decided	-9.094703
ya	-9.095029
pass	-9.095329
tired	-9.096569
class	-9.097236
officer	-9.103452
kept	-9.104571
wake	-9.106601
worse	-9.108993
busy	-9.109495
eh	-9.114524
mistake	-9.117468
kiss	-9.119699
court	-9.122510
building	-9.123691
finish	-9.126285
during	-9.126299
age	-9.126783
ship	-9.127295
caught	-9.129507
marry	-9.131156
meant	-9.131278
sell	-9.132997
dark	-9.133431
watching	-9.134380
system	-9.134679
suppose	-9.137574
evidence	-9.142377
movie	-9.142965
ride	-9.142965
t	-9.145555
completely	-9.146983
mouth	-9.147588
totally	-9.151100
birthday	-9.155774
tv	-9.156967
forgive	-9.158898
born	-9.159023
imagine	-9.159482
information	-9.159941
instead	-9.163693
definitely	-9.164350
security	-9.164643
certainly	-9.165595
film	-9.165987
month	-9.169410
lying	-9.170324
unless	-9.171999
train	-9.172069
seven	-9.172154
wear	-9.172337
clothes	-9.172703
michael	-9.175357
hotel	-9.176517
christmas	-9.177013
attack	-9.177593
hasn	-9.179494
round	-9.185273
expect	-9.191417
sing	-9.191977
terrible	-9.193070
george	-9.193905
bag	-9.197584
history	-9.198553
blue	-9.202612
near	-9.203324
broke	-9.205668
station	-9.206513
seriously	-9.207199
forever	-9.207403
david	-9.207476
frank	-9.207958
except	-9.208425
thinks	-9.209683
message	-9.210400
entire	-9.210737
joe	-9.211293
table	-9.219267
talked	-9.219799
across	-9.220849
rock	-9.224317
lovely	-9.226174
handle	-9.228363
middle	-9.233668
buddy	-9.233908
paid	-9.236790
protect	-9.237061
using	-9.237136
floor	-9.237843
ran	-9.242050
swear	-9.242352
spend	-9.242927
situation	-9.244289
ring	-9.244455
anywhere	-9.245016
dangerous	-9.245122
bill	-9.245349
york	-9.246548
army	-9.247839
lead	-9.248432
bought	-9.248493
finished	-9.249908
fair	-9.252730
sun	-9.253127
letter	-9.253127
fool	-9.253371
attention	-9.253539
club	-9.255774
simple	-9.258612
interesting	-9.258735
space	-9.260134
test	-9.260473
box	-9.263262
group	-9.263679
single	-9.265952
sitting	-9.267392
marriage	-9.268260
join	-9.268400
fear	-9.270015
d	-9.270761
peace	-9.271414
forgot	-9.272863
force	-9.279618
short	-9.279978
normal	-9.280575
charlie	-9.280638
present	-9.286387
enjoy	-9.286592
mike	-9.287778
crime	-9.289916
horse	-9.292471
ground	-9.293473
american	-9.293871
count	-9.295017
area	-9.295145
charge	-9.295288
honor	-9.295671
lunch	-9.297905
miles	-9.298848
radio	-9.299184
idiot	-9.301507
ball	-9.302020
surprise	-9.304510
paper	-9.304575
key	-9.304784
boat	-9.304864
quickly	-9.306088
gold	-9.308297
bar	-9.308427
fish	-9.310269
mark	-9.310399
tom	-9.310722
wearing	-9.311305
crying	-9.312131
accident	-9.312569
government	-9.312974
eight	-9.316973
fell	-9.317445
cover	-9.322657
certain	-9.322690
interested	-9.323034
deep	-9.324526
star	-9.325100
sea	-9.326596
agree	-9.328176
problems	-9.329543
detective	-9.329543
prison	-9.330401
major	-9.330748
stick	-9.330946
offer	-9.332665
difficult	-9.333327
smart	-9.333443
personal	-9.333708
record	-9.334056
stopped	-9.336710
hide	-9.337824
whether	-9.340155
bank	-9.340672
trip	-9.341606
relax	-9.344800
america	-9.345001
public	-9.345269
list	-9.347449
afternoon	-9.348978
brain	-9.349012
fix	-9.350948
bastard	-9.351234
proud	-9.351622
tea	-9.352161
service	-9.352161
screaming	-9.354289
forward	-9.355761
angry	-9.361126
park	-9.361722
soul	-9.362335
fighting	-9.362676
peter	-9.362727
rich	-9.362778
agent	-9.363512
blow	-9.364826
paul	-9.364860
dress	-9.366570
mary	-9.367649
missed	-9.368369
scene	-9.373647
killing	-9.375838
standing	-9.376253
saved	-9.379698
mm	-9.379836
respect	-9.380045
killer	-9.381642
ice	-9.381816
mess	-9.381868
tough	-9.382841
feels	-9.384548
church	-9.386885
sad	-9.388196
cell	-9.390753
drunk	-9.392754
share	-9.393896
camera	-9.395604
within	-9.396450
card	-9.397332
fly	-9.398462
ben	-9.400107
girlfriend	-9.400585
laugh	-9.400850
smell	-9.401931
broken	-9.402073
mum	-9.404026
honest	-9.404861
often	-9.409067
starting	-9.409406
calls	-9.410103
y	-9.411857
spent	-9.411964
third	-9.413505
english	-9.414816
visit	-9.415516
mama	-9.420309
judge	-9.420959
window	-9.421881
hungry	-9.422352
dare	-9.424671
relationship	-9.424725
moved	-9.425306
prove	-9.425614
private	-9.427450
wall	-9.430455
seat	-9.434074
position	-9.437118
lieutenant	-9.439472
realize	-9.439748
lt	-9.439766
especially	-9.442662
machine	-9.442810
walking	-9.443271
art	-9.443623
pleasure	-9.443826
bloody	-9.444917
college	-9.446640
french	-9.447048
involved	-9.450635
cry	-9.451454
became	-9.452778
lived	-9.453767
impossible	-9.454197
obviously	-9.454197
neither	-9.455599
accept	-9.458615
boyfriend	-9.461754
besides	-9.462018
queen	-9.463978
teacher	-9.464015
cops	-9.464449
sake	-9.467360
loves	-9.468800
carry	-9.469122
teach	-9.469179
apartment	-9.469502
upset	-9.472332
green	-9.472485
la	-9.472694
liked	-9.473855
cute	-9.478534
evil	-9.479779
professor	-9.482639
contact	-9.487958
joke	-9.488384
cop	-9.488906
huge	-9.491229
holy	-9.492820
store	-9.492956
jail	-9.494181
likes	-9.496029
lawyer	-9.496068
doubt	-9.496945
continue	-9.497101
appreciate	-9.497511
cat	-9.499132
shop	-9.503028
driving	-9.505188
congratulations	-9.505562
wrote	-9.506486
village	-9.506644
quit	-9.509463
field	-9.510095
james	-9.511182
wine	-9.511974
decision	-9.513479
south	-9.515106
sleeping	-9.515245
slow	-9.516855
laughter	-9.518447
island	-9.520222
glass	-9.520302
beginning	-9.520981
cash	-9.522840
dying	-9.523100
hundred	-9.525906
whose	-9.526207
difference	-9.527513
plane	-9.528297
push	-9.528579
continues	-9.528700
mmm	-9.529284
singing	-9.539628
eating	-9.540137
north	-9.540381
mrs	-9.540789
tree	-9.542216
madam	-9.543972
gift	-9.544789
truck	-9.546509
putting	-9.546714
bear	-9.549238
board	-9.549402
grab	-9.549669
beer	-9.549916
stuck	-9.552881
magic	-9.553149
support	-9.555896
rules	-9.556020
grunts	-9.557925
partner	-9.558049
reach	-9.558588
wind	-9.561870
colonel	-9.562432
max	-9.564474
immediately	-9.564474
seconds	-9.564516
thousand	-9.564558
gives	-9.565267
experience	-9.566855
cheers	-9.566960
victim	-9.568634
upon	-9.569472
computer	-9.570039
christ	-9.570500
planet	-9.572307
promised	-9.572412
bus	-9.572938
henry	-9.573843
dirty	-9.574453
search	-9.574938
staying	-9.579121
dreams	-9.579777
arrest	-9.584363
holding	-9.585555
suddenly	-9.587795
usually	-9.589141
lots	-9.593426
shoes	-9.595146
er	-9.597450
jump	-9.597989
rid	-9.600494
yo	-9.600689
knock	-9.600797
owe	-9.602421
harry	-9.605133
grow	-9.605524
worst	-9.609117
river	-9.609357
aunt	-9.609357
patient	-9.609488
kitchen	-9.609837
aah	-9.610667
fat	-9.611475
passed	-9.612766
m	-9.613226
final	-9.614168
summer	-9.614234
bob	-9.615089
listening	-9.615265
escape	-9.615506
everywhere	-9.618210
moon	-9.618386
arms	-9.619091
turns	-9.619444
address	-9.620370
ow	-9.622158
match	-9.622777
gasps	-9.622976
grand	-9.623662
yep	-9.625589
shh	-9.629077
nervous	-9.629656
de	-9.629878
choose	-9.630992
themselves	-9.631461
decide	-9.632041
mate	-9.632577
drinking	-9.632845
press	-9.636111
bother	-9.636223
foot	-9.636918
hadn	-9.637883
blame	-9.638130
crap	-9.638242
drugs	-9.638534
type	-9.639141
rings	-9.642699
mission	-9.643646
named	-9.644211
heaven	-9.644957
picked	-9.647606
paris	-9.647696
race	-9.648172
risk	-9.650080
books	-9.652537
further	-9.653859
danny	-9.654726
action	-9.654795
allowed	-9.654817
orders	-9.655069
learned	-9.656669
price	-9.657699
arrived	-9.658409
nick	-9.658500
otherwise	-9.659417
pictures	-9.660473
fit	-9.661576
smoke	-9.663440
favor	-9.664615
played	-9.664915
notice	-9.665884
awesome	-9.666276
smile	-9.666346
director	-9.666369
guard	-9.666923
begin	-9.670164
spot	-9.671347
surprised	-9.672764
innocent	-9.674067
narrator	-9.675138
herself	-9.675884
london	-9.675977
feelings	-9.676841
enemy	-9.677868
battle	-9.678195
ourselves	-9.679458
alex	-9.679950
dollars	-9.680067
allow	-9.681379
nine	-9.683985
gay	-9.684032
department	-9.685185
guilty	-9.685844
apart	-9.686834
earlier	-9.687069
duty	-9.688910
jim	-9.689052
suit	-9.689241
bell	-9.689619
west	-9.691512
legs	-9.693101
hero	-9.694501
destroy	-9.694858
stage	-9.694953
bunch	-9.695191
according	-9.696094
chicken	-9.696808
bigger	-9.699742
grunting	-9.699909
low	-9.700602
helping	-9.700721
admit	-9.701080
closed	-9.701463
names	-9.702157
witness	-9.702611
upstairs	-9.703115
arm	-9.703258
steal	-9.703402
jimmy	-9.703738
kick	-9.703954
twice	-9.704050
cross	-9.704074
ways	-9.704481
sergeant	-9.705081
indeed	-9.706499
gas	-9.707846
keeping	-9.711803
energy	-9.713762
pregnant	-9.713762
waste	-9.714974
helped	-9.715095
fired	-9.716114
favorite	-9.717086
tony	-9.717280
taste	-9.718861
locked	-9.718886
places	-9.719811
writing	-9.719957
adam	-9.720128
brothers	-9.720201
starts	-9.720518
prince	-9.722910
form	-9.724892
sold	-9.725799
silly	-9.726731
mention	-9.726853
build	-9.727221
throat	-9.727688
hole	-9.729187
figured	-9.730861
track	-9.731157
ringing	-9.732636
lock	-9.734020
leg	-9.734341
above	-9.735850
hiding	-9.735875
steve	-9.736122
seemed	-9.736965
breakfast	-9.738404
engine	-9.738478
written	-9.739372
complete	-9.740267
video	-9.740640
applause	-9.740665
however	-9.743056
pressure	-9.743880
fresh	-9.744279
weapon	-9.744679
sky	-9.745853
stole	-9.748082
study	-9.748458
burn	-9.748658
reading	-9.748784
crowd	-9.749110
treat	-9.750441
roll	-9.750742
double	-9.751270
spirit	-9.756665
danger	-9.757627
cost	-9.758462
empty	-9.758538
level	-9.758690
memory	-9.762370
itself	-9.762395
acting	-9.762497
interest	-9.764380
nose	-9.765859
plans	-9.767187
following	-9.767340
bathroom	-9.768388
built	-9.769770
closer	-9.770257
ray	-9.770949
sarah	-9.772541
band	-9.772926
groans	-9.774237
apparently	-9.778414
excited	-9.780095
richard	-9.780483
losing	-9.781519
animals	-9.783257
flight	-9.783621
nature	-9.783828
raise	-9.785050
pop	-9.785831
client	-9.786143
bomb	-9.786456
neck	-9.787081
suspect	-9.787237
warm	-9.787498
extra	-9.788019
bottle	-9.790788
van	-9.790945
heavy	-9.791024
mommy	-9.792412
dogs	-9.792490
wild	-9.792543
ridiculous	-9.793617
simply	-9.794169
lee	-9.795561
animal	-9.795850
showed	-9.796612
billy	-9.798087
shooting	-9.799062
keeps	-9.799062
camp	-9.799247
guns	-9.799616
medical	-9.800910
shame	-9.802259
hoping	-9.802894
whom	-9.803795
bird	-9.804431
majesty	-9.804749
flowers	-9.804749
famous	-9.806475
asleep	-9.809109
beauty	-9.809642
driver	-9.810735
keys	-9.811563
rain	-9.812258
awful	-9.812578
large	-9.813434
local	-9.814211
deserve	-9.815845
goddamn	-9.816194
stone	-9.817993
jane	-9.818128
grace	-9.818612
consider	-9.819015
weekend	-9.820362
wondering	-9.822843
lay	-9.823897
plenty	-9.825061
willing	-9.825142
pants	-9.825738
sweetheart	-9.825982
skin	-9.827229
excellent	-9.827554
asshole	-9.827690
beach	-9.827771
c	-9.828070
faith	-9.828477
beg	-9.828695
fuckin	-9.828831
responsible	-9.829401
military	-9.830707
cheering	-9.830980
opportunity	-9.831306
common	-9.831661
bottom	-9.832151
german	-9.834061
whoever	-9.836112
cook	-9.836222
walked	-9.836304
papers	-9.837016
justice	-9.837591
hall	-9.841079
commander	-9.841326
drug	-9.842124
main	-9.842785
knife	-9.845407
devil	-9.845628
necessary	-9.847425
although	-9.849587
princess	-9.849587
lights	-9.849781
flying	-9.850225
dick	-9.850975
rose	-9.852476
knowing	-9.854314
clearly	-9.855402
hat	-9.855653
agreed	-9.857777
johnny	-9.858252
corner	-9.858280
code	-9.858924
note	-9.859204
tommy	-9.859512
due	-9.860101
correct	-9.862178
apologize	-9.862402
language	-9.862908
stars	-9.863471
faster	-9.863527
cars	-9.865639
folks	-9.866796
bullshit	-9.867756
fellow	-9.869509
several	-9.872428
grandma	-9.872882
shows	-9.873081
leader	-9.874616
leaves	-9.874758
restaurant	-9.875441
east	-9.875925
shouting	-9.875954
blind	-9.877151
ghost	-9.877579
cup	-9.878578
gotten	-9.879006
tight	-9.879835
conversation	-9.880894
tells	-9.882670
lies	-9.883990
nor	-9.884162
pulled	-9.884306
hanging	-9.884536
speed	-9.884938
stories	-9.884995
health	-9.885110
advice	-9.885542
held	-9.886693
murdered	-9.890558
beyond	-9.890674
rule	-9.892931
hardly	-9.893945
possibly	-9.895106
inspector	-9.895106
cousin	-9.896472
trial	-9.897053
emergency	-9.897519
ought	-9.898014
eddie	-9.898829
somehow	-9.899500
hearing	-9.901836
states	-9.904265
account	-9.905437
spoke	-9.906993
file	-9.908934
understood	-9.909406
angel	-9.910319
tape	-9.910850
milk	-9.912060
powerful	-9.912326
weapons	-9.914543
practice	-9.914662
manager	-9.914662
pardon	-9.915254
vote	-9.915788
jake	-9.916766
national	-9.916974
career	-9.917419
minister	-9.918281
super	-9.918697
taught	-9.919470
robert	-9.920006
biggest	-9.920929
plays	-9.921346
natural	-9.921644
dancing	-9.923106
copy	-9.923166
plus	-9.925408
martin	-9.929036
cake	-9.930148
freedom	-9.931953
among	-9.932134
breath	-9.932556
operation	-9.933008
chris	-9.933672
crew	-9.934457
challenge	-9.934880
market	-9.935424
meat	-9.936361
towards	-9.936906
bringing	-9.937269
dropped	-9.937966
student	-9.938269
lied	-9.938512
strength	-9.939392
size	-9.942705
breathe	-9.942705
color	-9.942827
monster	-9.943375
loud	-9.945266
photo	-9.945266
aw	-9.945602
nearly	-9.946091
sight	-9.946549
greatest	-9.947252
games	-9.949365
bridge	-9.950439
dressed	-9.951698
arrested	-9.952958
horrible	-9.953389
coach	-9.954035
planning	-9.956224
checked	-9.958294
breaking	-9.958666
noticed	-9.959285
fantastic	-9.959687
screams	-9.960152
serve	-9.962727
ideas	-9.962976
investigation	-9.963100
center	-9.964095
older	-9.964593
pack	-9.965215
soldiers	-9.965589
nonsense	-9.965620
doc	-9.966368
project	-9.967398
training	-9.969491
example	-9.970148
trick	-9.970618
prepared	-9.973126
science	-9.973879
united	-9.974539
travel	-9.975200
incredible	-9.975357
grandpa	-9.975955
paying	-9.978192
character	-9.979424
teeth	-9.980751
criminal	-9.982049
charles	-9.982271
chinese	-9.982461
truly	-9.983951
honestly	-9.984364
bro	-9.985253
survive	-9.986302
bobby	-9.986493
target	-9.987097
feed	-9.987288
nurse	-9.987384
e	-9.988563
fake	-9.989009
records	-9.989519
breathing	-9.990573
sweetie	-9.990924
numbers	-9.991244
oil	-9.991756
suicide	-9.992011
belong	-9.993164
whoo	-9.993420
perfectly	-9.993933
amy	-9.994189
forgotten	-9.995569
remain	-9.996050
original	-9.996918
papa	-9.997336
onto	-9.998720
concerned	-9.998881
credit	-9.999461
ugh	-10.000138
invited	-10.000621
discuss	-10.002915
research	-10.003400
easier	-10.004404
view	-10.004468
chair	-10.006024
hurts	-10.006738
strike	-10.006836
roger	-10.007908
fill	-10.010674
condition	-10.012599
mountain	-10.014527
dr	-10.015051
nowhere	-10.017640
sheriff	-10.018034
kim	-10.018395
turning	-10.019283
brown	-10.020105
recognize	-10.021059
heads	-10.021586
audience	-10.022081
jealous	-10.024094
pretend	-10.025713
society	-10.026276
finding	-10.026673
shirt	-10.027104
comfortable	-10.027999
meaning	-10.028397
guest	-10.028928
pieces	-10.029127
dry	-10.029791
letting	-10.031287
began	-10.031553
aye	-10.032219
jeff	-10.033719
female	-10.034753
release	-10.036792
ho	-10.037093
cards	-10.037495
pray	-10.037796
unfortunately	-10.038231
balls	-10.039908
destroyed	-10.040244
ended	-10.040714
universe	-10.041050
prepare	-10.041150
opinion	-10.041587
movies	-10.041823
soldier	-10.042596
wash	-10.043000
program	-10.044314
heat	-10.045089
usual	-10.045393
ticket	-10.045764
stolen	-10.046001
prefer	-10.046406
aware	-10.046676
surely	-10.047792
male	-10.048367
base	-10.048401
matters	-10.048671
lift	-10.049044
lab	-10.049857
command	-10.050705
proof	-10.052368
cream	-10.054137
selling	-10.054852
believed	-10.055533
create	-10.056011
h	-10.057102
afford	-10.057137
sunday	-10.057410
total	-10.058025
dumb	-10.059221
threw	-10.059427
france	-10.061173
birth	-10.061345
created	-10.062477
realized	-10.064298
british	-10.064710
noise	-10.065399
nuts	-10.065812
students	-10.065915
birds	-10.066122
social	-10.067432
brilliant	-10.068053
bodies	-10.068985
tie	-10.069849
opened	-10.071649
ours	-10.072169
bucks	-10.072550
kevin	-10.074945
mister	-10.076128
ugly	-10.077033
ryan	-10.079055
focus	-10.080312
dan	-10.080941
opens	-10.083357
exist	-10.083567
followed	-10.084128
england	-10.084303
draw	-10.084373
purpose	-10.085497
letters	-10.085708
daniel	-10.087853
opening	-10.088487
bullet	-10.088804
anna	-10.088945
lately	-10.090109
stayed	-10.091203
falling	-10.091839
season	-10.091874
ends	-10.093573
suggest	-10.094600
joy	-10.095061
distance	-10.095096
responsibility	-10.095664
whenever	-10.096800
issue	-10.097191
thousands	-10.102678
process	-10.104681
sword	-10.104753
shower	-10.105720
weak	-10.106330
fucked	-10.106366
lonely	-10.107083
happiness	-10.107765
eric	-10.107837
tiny	-10.108304
desk	-10.108628
pool	-10.108700
property	-10.108807
forced	-10.108879
settle	-10.109419
indistinct	-10.110174
weight	-10.110751
received	-10.111940
gang	-10.112156
bite	-10.112265
friday	-10.113095
disappeared	-10.113131
interview	-10.113239
expecting	-10.113817
kinda	-10.114323
surgery	-10.115481
horses	-10.118671
mayor	-10.119106
babe	-10.119542
ancient	-10.119833
handsome	-10.121580
thomas	-10.122308
saturday	-10.122600
staff	-10.123949
lines	-10.124460
unit	-10.124716
fan	-10.124862
gentleman	-10.125849
introduce	-10.127423
fate	-10.127533
split	-10.128486
recently	-10.131019
expected	-10.133374
add	-10.133669
ordered	-10.133853
slowly	-10.134074
alarm	-10.134259
member	-10.134406
slept	-10.135698
signed	-10.135809
enter	-10.135809
spanish	-10.136289
garden	-10.136918
brings	-10.138361
brave	-10.138916
pig	-10.138953
model	-10.139398
finger	-10.139769
medicine	-10.140103
access	-10.140882
failed	-10.143037
flat	-10.144191
easily	-10.144489
discovered	-10.144639
based	-10.144899
screw	-10.145086
insane	-10.146429
cares	-10.146839
weather	-10.148222
fingers	-10.148372
san	-10.150094
scott	-10.150244
path	-10.150431
soft	-10.151894
harm	-10.154450
style	-10.154638
community	-10.155730
sees	-10.157049
basically	-10.158711
al	-10.159240
signal	-10.159580
nope	-10.159997
spare	-10.161284
speech	-10.161284
covered	-10.161549
shake	-10.161625
loose	-10.162687
snow	-10.164510
russian	-10.165270
lake	-10.166146
bright	-10.167060
roof	-10.168471
ohh	-10.169196
sending	-10.169234
paint	-10.169616
remind	-10.169731
pal	-10.170037
naked	-10.171605
post	-10.171950
sugar	-10.172064
heading	-10.172524
streets	-10.173713
damage	-10.173943
silence	-10.174250
doors	-10.175517
pete	-10.175671
ed	-10.175863
success	-10.176709
wet	-10.176786
nah	-10.177749
amount	-10.178404
members	-10.178712
kate	-10.178944
manage	-10.181144
safety	-10.181647
returned	-10.181685
harder	-10.183543
fbi	-10.184086
block	-10.184590
showing	-10.184590
fancy	-10.185133
chef	-10.185793
contract	-10.186104
dig	-10.187970
chest	-10.188359
drinks	-10.190112
dave	-10.190502
buried	-10.190892
brian	-10.191634
trade	-10.193354
journey	-10.194999
stomach	-10.195704
changes	-10.197431
details	-10.197628
thoughts	-10.198217
divorce	-10.198335
funeral	-10.198729
maria	-10.198768
football	-10.199712
reality	-10.199712
theory	-10.201210
gosh	-10.202196
ruined	-10.203104
gate	-10.203262
william	-10.203460
spread	-10.203934
outta	-10.203974
japanese	-10.204053
sudden	-10.205082
coat	-10.205121
sooner	-10.206111
cheese	-10.206666
larry	-10.207658
spring	-10.208174
page	-10.208214
ears	-10.208809
simon	-10.208929
castle	-10.209525
hidden	-10.209803
storm	-10.209803
cos	-10.210878
personally	-10.213190
artist	-10.213269
hill	-10.213349
exciting	-10.213429
permission	-10.215547
jerry	-10.216347
expensive	-10.216387
tickets	-10.216588
forest	-10.217790
barely	-10.219154
eggs	-10.219635
goin	-10.220600
regret	-10.221686
lesson	-10.221807
lover	-10.221847
bread	-10.222411
andy	-10.222652
subject	-10.222733
legal	-10.224144
growing	-10.224386
ill	-10.225032
jason	-10.225436
mood	-10.226002
owner	-10.226689
caused	-10.228147
beeping	-10.228795
points	-10.229241
dating	-10.229809
loss	-10.230621
secretary	-10.230702
revenge	-10.233060
santa	-10.234404
likely	-10.234608
rent	-10.237712
connection	-10.237753
assistant	-10.237793
reasons	-10.238530
yelling	-10.238776
painting	-10.239759
trees	-10.239800
doctors	-10.240620
rush	-10.240825
foreign	-10.241030
rough	-10.241030
murderer	-10.241317
century	-10.241317
nights	-10.242919
pair	-10.244195
runs	-10.244565
pocket	-10.245513
farm	-10.245801
matt	-10.246172
bike	-10.246667
obvious	-10.246791
ate	-10.247287
grew	-10.247700
professional	-10.247824
tim	-10.248154
goodness	-10.248443
parts	-10.248609
alan	-10.252005
university	-10.253043
square	-10.253126
grandfather	-10.253666
europe	-10.254580
genius	-10.254997
cases	-10.255371
ruin	-10.255996
winter	-10.256121
tongue	-10.256287
memories	-10.256329
da	-10.258247
buying	-10.258790
cancer	-10.259041
clock	-10.260211
ocean	-10.260295
dna	-10.260965
liar	-10.261258
tour	-10.261551
thief	-10.261760
bleep	-10.262137
lisa	-10.263060
rights	-10.263689
including	-10.264151
competition	-10.264487
smith	-10.264739
planned	-10.264823
emily	-10.265033
boring	-10.267348
victims	-10.267348
mentioned	-10.268233
bones	-10.271654
plant	-10.273178
bless	-10.273687
warning	-10.273857
knocking	-10.274111
re	-10.274875
crash	-10.275384
bedroom	-10.275597
lower	-10.276149
silver	-10.276404
groaning	-10.277723
madame	-10.277808
defense	-10.278276
results	-10.278319
toilet	-10.278788
event	-10.278958
complicated	-10.279001
shape	-10.279086
priest	-10.279384
royal	-10.279598
cheap	-10.280366
romantic	-10.280494
downstairs	-10.281519
invite	-10.281903
fortune	-10.282545
tears	-10.282630
avoid	-10.282759
reached	-10.283443
higher	-10.283615
familiar	-10.283871
telephone	-10.284086
burning	-10.284814
filled	-10.285114
kelly	-10.285372
alice	-10.285457
airport	-10.286230
jobs	-10.287304
grown	-10.287390
walter	-10.287648
rachel	-10.287734
giant	-10.289067
insurance	-10.289455
woods	-10.289756
n	-10.290446
scare	-10.290575
pleased	-10.292043
period	-10.292043
political	-10.293425
player	-10.295113
stops	-10.295156
secrets	-10.295850
laura	-10.296717
repeat	-10.297325
photos	-10.297368
finds	-10.298063
statement	-10.299323
suck	-10.299671
younger	-10.300586
china	-10.302111
humans	-10.302722
delicious	-10.303202
particular	-10.303683
proper	-10.303726
rome	-10.303945
belongs	-10.304557
attacked	-10.304644
bath	-10.304732
hired	-10.305957
site	-10.306132
knowledge	-10.306658
b	-10.307052
led	-10.307359
guests	-10.307403
celebrate	-10.309202
map	-10.310873
horn	-10.311313
eventually	-10.312943
pity	-10.313473
powers	-10.314267
ashamed	-10.315416
assume	-10.315725
glasses	-10.316256
rise	-10.316610
fixed	-10.317540
request	-10.319402
officers	-10.321045
pounds	-10.321623
data	-10.321846
carefully	-10.321890
per	-10.322113
depends	-10.324742
jury	-10.325813
waited	-10.326036
positive	-10.326707
attorney	-10.327780
direction	-10.327959
families	-10.328094
doin	-10.330290
forces	-10.330514
location	-10.330604
walls	-10.332176
useless	-10.333030
grant	-10.333840
saving	-10.334471
speaks	-10.335147
fought	-10.335643
meal	-10.336771
deliver	-10.337720
answers	-10.338081
changing	-10.338715
temple	-10.341705
scary	-10.341751
millions	-10.342931
offered	-10.344113
regular	-10.345115
carrying	-10.347668
official	-10.349221
jacket	-10.349587
switch	-10.349633
grave	-10.351052
chase	-10.351098
role	-10.351877
odd	-10.352932
sexy	-10.353666
faces	-10.353804
becomes	-10.353942
closes	-10.354263
badly	-10.354769
tall	-10.355367
confused	-10.355367
affair	-10.356195
television	-10.356241
shock	-10.356287
raised	-10.356518
panting	-10.356564
pizza	-10.358131
image	-10.358500
clears	-10.359054
golden	-10.359655
patients	-10.364332
watched	-10.364378
committed	-10.365539
sexual	-10.366376
suffer	-10.366516
arthur	-10.366749
wherever	-10.367121
plate	-10.367913
appear	-10.368705
chocolate	-10.369124
clever	-10.369638
hm	-10.369638
mercy	-10.370525
shots	-10.371039
lucy	-10.372582
dealing	-10.373050
trap	-10.373237
charges	-10.373472
phil	-10.373893
bang	-10.374409
poison	-10.374596
butt	-10.375019
drove	-10.375253
yourselves	-10.376521
headed	-10.377650
babies	-10.378732
yellow	-10.379156
soup	-10.380287
mystery	-10.381278
picking	-10.381656
sat	-10.382128
wound	-10.383027
traffic	-10.385868
courage	-10.386533
hunt	-10.386627
indian	-10.387530
rat	-10.387862
terms	-10.388243
italian	-10.388861
emma	-10.389622
checking	-10.390909
disease	-10.391147
managed	-10.391576
winner	-10.391862
council	-10.392674
appointment	-10.393199
monday	-10.393534
crack	-10.393868
threat	-10.394012
jenny	-10.394681
physical	-10.394729
nation	-10.394921
source	-10.395016
chose	-10.395208
healthy	-10.396885
carl	-10.396981
victory	-10.397221
rick	-10.397749
stood	-10.398133
kicked	-10.399430
annie	-10.399718
disgusting	-10.400103
palace	-10.400151
below	-10.400825
shopping	-10.401644
neighborhood	-10.402029
march	-10.402126
lips	-10.403042
midnight	-10.403139
piss	-10.403283
advantage	-10.403718
pure	-10.404974
india	-10.405119
aside	-10.405361
jerk	-10.407491
mail	-10.407782
dawn	-10.409189
effect	-10.409334
spell	-10.409480
freak	-10.410160
wood	-10.410549
screwed	-10.410744
enemies	-10.410889
gary	-10.411376
awake	-10.411425
chuckling	-10.411668
vacation	-10.411814
violence	-10.412642
leo	-10.412934
grandmother	-10.413226
modern	-10.414153
luke	-10.414543
firm	-10.414836
prime	-10.414934
heh	-10.415129
touched	-10.415813
talent	-10.416400
whore	-10.416693
piano	-10.417574
license	-10.418211
cooking	-10.418358
honour	-10.419976
concern	-10.420025
moves	-10.421351
available	-10.421449
factory	-10.421744
gods	-10.422039
value	-10.422580
central	-10.422679
union	-10.422974
mirror	-10.423122
studio	-10.423171
media	-10.423466
taxi	-10.425340
dies	-10.425685
iron	-10.426129
hearts	-10.427117
desire	-10.427266
rob	-10.427315
claire	-10.427414
fred	-10.427513
songs	-10.427958
washington	-10.428106
monkey	-10.428156
pride	-10.428453
pills	-10.429641
miracle	-10.429740
swim	-10.430137
burned	-10.430186
smells	-10.433514
joking	-10.435007
christian	-10.436603
bleeding	-10.437801
hook	-10.437901
beating	-10.438351
protection	-10.438901
treatment	-10.441154
ear	-10.441154
carter	-10.441655
metal	-10.441755
disappear	-10.442006
grateful	-10.442608
extremely	-10.443613
treasure	-10.443713
rescue	-10.444065
capable	-10.446280
passing	-10.446985
chatter	-10.446985
result	-10.447540
suffering	-10.447742
sisters	-10.447843
laid	-10.449156
governor	-10.449206
guards	-10.450875
louis	-10.451027
text	-10.452242
literally	-10.452344
remove	-10.452597
becoming	-10.452597
performance	-10.453104
stronger	-10.453104
rate	-10.453764
deeply	-10.454526
scream	-10.454729
desert	-10.455492
vehicle	-10.455593
illegal	-10.455898
pulling	-10.457324
throwing	-10.458190
josh	-10.458394
unbelievable	-10.459313
ted	-10.459721
zero	-10.459772
dean	-10.459823
curious	-10.460078
sean	-10.460283
candy	-10.460334
bone	-10.461612
tied	-10.462431
edge	-10.463199
load	-10.463456
susan	-10.465919
ahh	-10.466073
mountains	-10.466484
boom	-10.467462
former	-10.467976
holiday	-10.469161
riding	-10.469213
scoffs	-10.469986
hundreds	-10.470193
motherfucker	-10.470193
sue	-10.470399
bags	-10.470451
stealing	-10.472880
appears	-10.473604
arrive	-10.473967
remains	-10.474330
decent	-10.474589
issues	-10.475418
tip	-10.476197
fail	-10.476456
bride	-10.476924
pissed	-10.477028
penny	-10.477599
claim	-10.477755
friendship	-10.478171
desperate	-10.478900
flower	-10.479525
dramatic	-10.480046
refuse	-10.481141
solve	-10.481245
theme	-10.481401
loving	-10.481976
properly	-10.481976
dragon	-10.483491
mostly	-10.483857
chuck	-10.484328
directly	-10.484485
surface	-10.484694
false	-10.486004
cast	-10.486109
junior	-10.487053
hunting	-10.487683
silent	-10.487736
thou	-10.489575
egg	-10.489944
germany	-10.491419
punch	-10.492526
africa	-10.492579
woke	-10.492737
intelligence	-10.492843
borrow	-10.495221
winning	-10.495327
falls	-10.495380
popular	-10.495433
escaped	-10.495697
witch	-10.495750
convinced	-10.496545
warn	-10.498029
announcer	-10.498454
champagne	-10.499250
dust	-10.499463
kyle	-10.500154
someday	-10.500526
fallen	-10.500792
stranger	-10.501005
presence	-10.501164
tear	-10.502336
internet	-10.502389
monsieur	-10.502496
therefore	-10.504096
technology	-10.506983
tires	-10.507036
toast	-10.509180
wise	-10.509395
clark	-10.509878
americans	-10.510469
notes	-10.510469
smoking	-10.510684
hank	-10.510737
ls	-10.510737
april	-10.510791
wolf	-10.513051
precious	-10.513266
rooms	-10.513266
coast	-10.514075
treated	-10.514344
material	-10.514560
released	-10.514830
uniform	-10.514830
hated	-10.515046
considered	-10.515640
rice	-10.516450
exchange	-10.516936
steps	-10.517045
blake	-10.517099
convince	-10.519589
beast	-10.521272
cow	-10.522467
files	-10.522848
signs	-10.523065
drag	-10.523120
cab	-10.523174
hung	-10.523229
carried	-10.523882
ordinary	-10.524644
successful	-10.524644
eve	-10.524971
mistakes	-10.525298
houses	-10.525407
chattering	-10.526007
brains	-10.526389
japan	-10.527045
creature	-10.527318
fourth	-10.527427
separate	-10.527974
cleaning	-10.528247
california	-10.528849
lf	-10.529451
ll	-10.529944
shift	-10.530053
elizabeth	-10.530382
chicago	-10.532028
exact	-10.532247
karen	-10.532741
goal	-10.533291
expert	-10.534006
served	-10.534666
direct	-10.537256
score	-10.537366
row	-10.537532
marks	-10.537532
twenty	-10.537808
receive	-10.538471
series	-10.538581
section	-10.538802
pilot	-10.540130
jackson	-10.541514
darkness	-10.542401
thy	-10.542734
sale	-10.543234
destiny	-10.544011
cure	-10.544067
spoken	-10.544400
armed	-10.546236
rare	-10.548075
helen	-10.549024
grade	-10.550588
juice	-10.550756
wide	-10.552379
tower	-10.552828
solution	-10.553500
schedule	-10.554230
explosion	-10.555241
wheel	-10.555465
cigarette	-10.555521
julie	-10.555521
fruit	-10.556702
blew	-10.556984
victor	-10.556984
talks	-10.557265
sacrifice	-10.557434
range	-10.557547
button	-10.558166
reports	-10.558392
prisoner	-10.558561
pie	-10.559915
effort	-10.559971
youth	-10.560649
pot	-10.561270
eaten	-10.561440
taylor	-10.562401
knees	-10.562458
garage	-10.563534
parking	-10.563930
ambulance	-10.564384
staring	-10.564781
chances	-10.565121
circumstances	-10.565291
sin	-10.565518
gordon	-10.566200
progress	-10.566200
unusual	-10.566313
county	-10.566598
stairs	-10.566654
campaign	-10.567450
vision	-10.568588
reporter	-10.569158
equipment	-10.570127
moments	-10.570412
joey	-10.571154
mass	-10.571268
alien	-10.571439
trapped	-10.572468
helps	-10.573325
route	-10.573783
defend	-10.573955
trace	-10.574184
nasty	-10.574241
tests	-10.574356
magazine	-10.574413
rocks	-10.574528
dump	-10.574757
rude	-10.576075
searching	-10.576190
clue	-10.576190
connected	-10.576247
amen	-10.576247
pushed	-10.577453
merry	-10.577510
zone	-10.578718
senior	-10.579408
closing	-10.579523
freeze	-10.579523
emperor	-10.580214
incident	-10.581424
snake	-10.581655
mexico	-10.582175
lily	-10.582290
actor	-10.582636
newspaper	-10.582983
sentence	-10.582983
greg	-10.583734
leading	-10.583965
friendly	-10.584023
jones	-10.584023
chosen	-10.584081
engaged	-10.584544
julia	-10.584775
charming	-10.585007
mustn	-10.585065
anger	-10.586107
spending	-10.586281
learning	-10.586455
spy	-10.586513
sharp	-10.586803
shadow	-10.587151
warrant	-10.587209
elevator	-10.587673
kingdom	-10.587673
ricky	-10.587731
jamie	-10.587905
squad	-10.588311
shoulder	-10.589590
wave	-10.589822
amanda	-10.590113
highness	-10.590986
kinds	-10.591103
fishing	-10.591219
sometime	-10.592851
attitude	-10.594019
sucks	-10.594720
negative	-10.595831
screen	-10.597060
workers	-10.597998
bored	-10.599524
cameras	-10.599641
similar	-10.600229
understanding	-10.601169
beeps	-10.601817
chain	-10.602464
bull	-10.603997
gasping	-10.604233
fully	-10.604528
robin	-10.605827
collect	-10.606655
gorgeous	-10.607365
morgan	-10.607602
passion	-10.608372
writer	-10.608431
empire	-10.608550
international	-10.608550
curse	-10.609024
hire	-10.609142
bastards	-10.609202
puts	-10.610270
leads	-10.610388
id	-10.610923
blows	-10.611636
sons	-10.612111
estate	-10.612230
customers	-10.613718
maggie	-10.614791
gunshot	-10.615209
device	-10.616940
troops	-10.617239
hug	-10.617538
design	-10.619513
movement	-10.619813
thunder	-10.619873
object	-10.620172
loser	-10.621192
pen	-10.621612
sobbing	-10.622093
politics	-10.622814
despite	-10.623054
alcohol	-10.623475
climb	-10.624137
clients	-10.624197
conference	-10.624378
provide	-10.624438
marty	-10.624619
seek	-10.625281
witnesses	-10.625944
earn	-10.627513
trash	-10.627695
valley	-10.628601
fashion	-10.629750
howard	-10.631022
episode	-10.631022
prize	-10.631689
previously	-10.631811
sports	-10.632964
wanting	-10.633146
debt	-10.633207
wishes	-10.633875
hitler	-10.634118
wire	-10.636126
thee	-10.636492
circle	-10.636492
approach	-10.638688
stock	-10.638749
facts	-10.639238
remembered	-10.639605
percent	-10.640033
normally	-10.640277
tail	-10.640338
joined	-10.640644
education	-10.641624
bravo	-10.641991
library	-10.642788
rape	-10.643034
wings	-10.643340
growling	-10.643647
thrown	-10.643831
tank	-10.644876
exhales	-10.645244
authority	-10.645367
current	-10.646228
failure	-10.646228
nightmare	-10.646413
hitting	-10.646659
glory	-10.648076
knocked	-10.648076
studying	-10.648323
barry	-10.648569
agency	-10.649866
apple	-10.649866
border	-10.651101
rope	-10.651906
duck	-10.652277
reputation	-10.652772
confidence	-10.653206
yard	-10.653206
beloved	-10.653330
lack	-10.654818
actual	-10.655129
skills	-10.655564
films	-10.656247
mental	-10.656309
salt	-10.656869
flesh	-10.657802
anne	-10.657927
secure	-10.658799
highly	-10.658986
federal	-10.660170
sand	-10.660607
emotional	-10.660670
setting	-10.661044
nothin	-10.662294
senator	-10.662294
services	-10.662920
robbery	-10.663170
hates	-10.663796
fed	-10.663984
reward	-10.665300
theater	-10.665551
johnson	-10.665802
commit	-10.666744
patrick	-10.667875
entirely	-10.668630
extraordinary	-10.668756
ships	-10.669448
opposite	-10.669952
parties	-10.670267
stands	-10.670835
terry	-10.673108
chat	-10.673614
events	-10.674120
mummy	-10.675576
bay	-10.675830
slip	-10.676083
disappointed	-10.676210
settled	-10.676527
begins	-10.677035
andrew	-10.677669
alert	-10.677733
detail	-10.677860
pink	-10.678050
fellas	-10.678432
accepted	-10.678432
background	-10.678813
garbage	-10.680149
panic	-10.680276
minds	-10.680276
belt	-10.680276
blowing	-10.680404
hollywood	-10.681295
agreement	-10.683337
jackie	-10.683337
pushing	-10.684040
ability	-10.684040
tiger	-10.684168
whispering	-10.684423
culture	-10.684551
saint	-10.685959
jesse	-10.686343
task	-10.687112
solid	-10.688331
doll	-10.688459
intend	-10.689037
district	-10.689294
pa	-10.689294
gee	-10.689422
custody	-10.689551
ignore	-10.690322
naturally	-10.691545
useful	-10.691996
attempt	-10.692511
abandoned	-10.693414
cutting	-10.693672
kissed	-10.693865
guarantee	-10.693994
barking	-10.693994
gather	-10.694576
policy	-10.694705
violent	-10.695868
maid	-10.696321
embarrassing	-10.696450
childhood	-10.697097
wasting	-10.697810
bow	-10.698523
chick	-10.699236
sara	-10.700860
disaster	-10.702226
revolution	-10.703267
online	-10.703984
f	-10.704049
demon	-10.704702
heavily	-10.704832
coincidence	-10.705354
perform	-10.705746
thin	-10.706791
terrific	-10.706791
mac	-10.707511
crown	-10.707773
identity	-10.707773
virgin	-10.708100
impressive	-10.708362
windows	-10.711181
potential	-10.713548
guitar	-10.713680
committee	-10.716250
dozen	-10.717109
delivery	-10.717241
advance	-10.717968
quietly	-10.718695
stan	-10.719291
teaching	-10.719688
hunter	-10.719887
latest	-10.720284
hurting	-10.720417
swing	-10.721080
capital	-10.721478
counting	-10.721743
drew	-10.721810
dirt	-10.722274
whistle	-10.723337
marie	-10.723404
hits	-10.724068
doug	-10.724335
deny	-10.725533
urgent	-10.725933
threatened	-10.727200
behavior	-10.727400
molly	-10.727667
mixed	-10.727867
stays	-10.730073
assure	-10.730140
subtitles	-10.730408
explanation	-10.730742
wins	-10.731613
unique	-10.732686
chasing	-10.733089
billion	-10.733357
duke	-10.733559
production	-10.733559
slave	-10.733827
agents	-10.733827
carol	-10.733894
lets	-10.734634
cruel	-10.734903
mask	-10.735508
sally	-10.735912
behave	-10.736316
bury	-10.739891
massive	-10.740499
pathetic	-10.740499
species	-10.741446
approaching	-10.741920
jo	-10.741920
loan	-10.743072
struggle	-10.744089
dish	-10.744225
trusted	-10.745040
jumped	-10.746603
firing	-10.746875
channel	-10.747352
abby	-10.748101
stopping	-10.748783
asks	-10.749601
jean	-10.749874
swimming	-10.750079
daily	-10.750147
basement	-10.750284
linda	-10.750352
quarter	-10.750489
erm	-10.751650
bound	-10.752061
navy	-10.752266
article	-10.752403
guide	-10.752403
accused	-10.752540
transfer	-10.752745
guts	-10.753498
quality	-10.753635
fella	-10.754526
roman	-10.755075
greater	-10.755487
damned	-10.756311
couch	-10.758236
cheer	-10.759752
vegas	-10.760648
shoe	-10.760993
title	-10.761062
shy	-10.761683
punishment	-10.761891
los	-10.762858
clicks	-10.762858
closet	-10.764381
fever	-10.765073
coward	-10.765697
flash	-10.765905
impressed	-10.765975
bruce	-10.766252
siren	-10.766391
prisoners	-10.766460
sides	-10.766946
bowl	-10.767085
katie	-10.767224
supply	-10.767432
sensitive	-10.767432
hopefully	-10.767919
rolling	-10.768753
roy	-10.769240
dollar	-10.769449
tone	-10.769518
voices	-10.770633
g	-10.771330
cheating	-10.773424
confess	-10.773913
demand	-10.773913
museum	-10.773983
unknown	-10.774123
drama	-10.775243
suspicious	-10.775593
adult	-10.776434
todd	-10.776784
frightened	-10.777907
warned	-10.778047
steady	-10.778258
kills	-10.778820
crossed	-10.779593
lou	-10.779663
particularly	-10.779733
sandwich	-10.781141
laws	-10.781423
joint	-10.781845
bullets	-10.782127
package	-10.783326
trained	-10.784244
thursday	-10.784668
boots	-10.785163
possibility	-10.785304
albert	-10.785375
civil	-10.786012
june	-10.786366
germans	-10.786649
baseball	-10.787783
express	-10.787995
miserable	-10.789770
tuesday	-10.790054
parker	-10.790196
lion	-10.790409
joseph	-10.791120
refused	-10.791191
shine	-10.791405
assault	-10.791547
hong	-10.791903
jokes	-10.791974
breaks	-10.792116
argue	-10.792330
trail	-10.792971
option	-10.793470
recall	-10.793827
mighty	-10.794326
collection	-10.794754
oliver	-10.795754
wilson	-10.795754
accent	-10.795826
believes	-10.796397
decisions	-10.796898
embarrassed	-10.797327
mobile	-10.797471
customer	-10.798617
terribly	-10.798617
sec	-10.799549
charity	-10.799979
considering	-10.800841
pussy	-10.800912
donna	-10.801200
protecting	-10.801344
flag	-10.801990
kidnapped	-10.802638
italy	-10.803214
balance	-10.803430
creatures	-10.803574
nuclear	-10.804438
wallet	-10.805159
shout	-10.805664
vincent	-10.805953
entered	-10.806098
impression	-10.806170
angela	-10.806242
jay	-10.806314
degrees	-10.806675
favour	-10.807543
reaction	-10.807904
network	-10.808555
jessica	-10.808700
version	-10.808700
concert	-10.809642
gear	-10.811165
singer	-10.811382
diamond	-10.811382
defeat	-10.811527
steven	-10.811745
lane	-10.811818
blast	-10.812326
wounded	-10.812399
anytime	-10.812544
partners	-10.812617
ages	-10.812690
charlotte	-10.812690
ceremony	-10.813126
league	-10.813926
bars	-10.814217
orange	-10.814217
specific	-10.816403
conditions	-10.817060
plastic	-10.817425
crisis	-10.817717
fifth	-10.817717
term	-10.818740
self	-10.820131
offering	-10.820277
bud	-10.820350
suffered	-10.820936
reported	-10.821156
commissioner	-10.821596
rip	-10.822403
mysterious	-10.823064
entrance	-10.823137
messed	-10.823651
tunnel	-10.824828
designed	-10.824975
neighbor	-10.825049
aboard	-10.825637
sweat	-10.825711
justin	-10.825932
ghosts	-10.826079
crimes	-10.826816
costs	-10.827185
deserves	-10.827406
dreaming	-10.827480
bust	-10.827849
el	-10.827922
teddy	-10.828070
kong	-10.828291
messages	-10.828365
enjoying	-10.828587
afterwards	-10.828735
comfort	-10.829030
mason	-10.830361
surrender	-10.830731
gym	-10.830731
kitty	-10.831767
crush	-10.831915
yup	-10.832138
arranged	-10.833547
suits	-10.833992
pee	-10.835032
stress	-10.835701
cave	-10.835701
wing	-10.835776
jordan	-10.835924
arrange	-10.835999
comrade	-10.836296
noble	-10.836371
tricks	-10.837041
betty	-10.837190
launch	-10.837637
legend	-10.837786
mix	-10.837786
golf	-10.838009
imagination	-10.838009
fox	-10.838457
kissing	-10.839277
butter	-10.839277
tax	-10.839949
gross	-10.840099
edward	-10.841594
texas	-10.842792
insist	-10.844216
marcus	-10.845567
classic	-10.846017
selfish	-10.846243
skull	-10.846694
frankie	-10.846694
shown	-10.846995
bat	-10.847070
survived	-10.847145
print	-10.847145
champion	-10.847371
bills	-10.847672
therapy	-10.848274
lifetime	-10.848726
throughout	-10.848877
nathan	-10.849555
toward	-10.850234
sauce	-10.850461
experiment	-10.850989
margaret	-10.851442
describe	-10.852576
ross	-10.852652
grass	-10.852728
cheat	-10.853863
attend	-10.854014
homework	-10.854014
lewis	-10.854090
betrayed	-10.854242
servant	-10.854317
cap	-10.854317
tyler	-10.854469
bible	-10.854696
practically	-10.855682
catherine	-10.855758
steel	-10.855910
wipe	-10.855910
burns	-10.856062
j	-10.856365
generation	-10.856973
cabin	-10.857277
financial	-10.857733
industry	-10.858494
bond	-10.859407
sheep	-10.859712
scientists	-10.859940
beaten	-10.860245
heck	-10.860397
deck	-10.860397
fans	-10.860550
script	-10.861160
brand	-10.861236
degree	-10.861542
painful	-10.861771
coughing	-10.862305
religion	-10.863069
cats	-10.863604
stephen	-10.864140
influence	-10.864369
fuel	-10.864369
drawing	-10.865135
rabbit	-10.867359
exercise	-10.868280
attractive	-10.868818
touching	-10.870049
virus	-10.870665
realise	-10.871204
torture	-10.871744
blessed	-10.872515
plain	-10.873133
rebecca	-10.873287
recent	-10.873441
barbara	-10.873519
footsteps	-10.873750
sacred	-10.874137
removed	-10.874755
pretending	-10.876381
wasted	-10.876458
jewish	-10.877311
goodnight	-10.878009
robot	-10.878241
crystal	-10.878319
confirm	-10.878862
lad	-10.879018
mile	-10.879173
division	-10.879251
scratch	-10.880572
reminds	-10.881195
walks	-10.882051
ending	-10.882207
russia	-10.882753
contest	-10.882908
valuable	-10.884703
distant	-10.884860
dumped	-10.885485
motion	-10.885641
electricity	-10.885797
centre	-10.886345
murders	-10.886658
tina	-10.886736
jeremy	-10.887128
seal	-10.887284
standard	-10.887911
ellen	-10.887911
wore	-10.888538
surrounded	-10.888852
struck	-10.888930
inform	-10.889244
gentle	-10.889244
status	-10.889401
purse	-10.889636
prints	-10.889872
players	-10.890029
charged	-10.890186
begging	-10.890421
delivered	-10.891758
kenny	-10.891758
buck	-10.891915
nina	-10.892151
construction	-10.892387
confirmed	-10.892387
confession	-10.892623
trigger	-10.892938
cells	-10.893332
frankly	-10.893490
ali	-10.893490
exit	-10.893726
response	-10.894041
cancel	-10.894278
argument	-10.895225
principal	-10.895383
turkey	-10.895777
lucas	-10.896014
clinic	-10.896093
greetings	-10.896647
neighbors	-10.897042
vice	-10.897437
toy	-10.897991
hannah	-10.898150
everyday	-10.898545
generous	-10.898941
gain	-10.899100
idiots	-10.899575
holly	-10.899893
enjoyed	-10.900448
jungle	-10.901242
link	-10.901401
underground	-10.901639
smiling	-10.902275
mistress	-10.902831
teams	-10.903308
product	-10.903866
beef	-10.903866
whispers	-10.904742
religious	-10.905140
presents	-10.905140
identify	-10.905619
chip	-10.905699
chffffff	-10.906496
surveillance	-10.906576
carlos	-10.906896
vampire	-10.908494
routine	-10.908894
uses	-10.909855
michelle	-10.910095
underneath	-10.910496
systems	-10.911538
temperature	-10.912261
waves	-10.912582
tribe	-10.912582
brad	-10.913305
deputy	-10.913466
sophie	-10.913707
headquarters	-10.913707
equal	-10.914029
phones	-10.914753
ken	-10.915155
reckon	-10.915800
related	-10.916041
incredibly	-10.916041
chill	-10.916283
spit	-10.916767
tracks	-10.916767
oscar	-10.917009
makeup	-10.917251
bug	-10.917897
sounded	-10.917897
spirits	-10.918220
nerve	-10.918543
divorced	-10.918785
stake	-10.920241
port	-10.920322
doorbell	-10.920322
worries	-10.921213
nephew	-10.921537
miller	-10.922266
units	-10.922915
proceed	-10.923646
landing	-10.923971
traitor	-10.924540
outfit	-10.924702
chloe	-10.924946
bail	-10.925190
fields	-10.925597
patience	-10.925760
recording	-10.925922
foolish	-10.927389
loaded	-10.927389
tokyo	-10.927959
davis	-10.928204
costume	-10.928612
wayne	-10.928694
injured	-10.928775
somethin	-10.929510
ian	-10.929755
pet	-10.930082
cage	-10.930409
digging	-10.931473
spain	-10.932947
seats	-10.933029
awkward	-10.933193
cleaned	-10.934423
pattern	-10.934505
filthy	-10.934670
visiting	-10.934752
jews	-10.935409
answering	-10.935573
concentrate	-10.936478
someplace	-10.936560
citizens	-10.936807
aim	-10.936889
nancy	-10.937136
affairs	-10.937630
thick	-10.937630
sport	-10.938619
basic	-10.938701
electric	-10.939113
pleasant	-10.939361
cliff	-10.940434
nail	-10.940764
russell	-10.941012
environment	-10.941095
western	-10.941095
average	-10.941177
ease	-10.941673
raped	-10.942170
interrupt	-10.942170
judy	-10.942418
satisfied	-10.942583
beep	-10.943163
starving	-10.943246
documents	-10.943660
anniversary	-10.943743
beth	-10.944406
election	-10.944489
warrior	-10.944986
r	-10.944986
forth	-10.945401
fetch	-10.947062
banks	-10.947062
placed	-10.947312
timing	-10.948726
stones	-10.948976
complex	-10.950060
frozen	-10.950143
replace	-10.950894
prayer	-10.950977
skip	-10.951395
angeles	-10.951645
guilt	-10.951729
tune	-10.952899
woo	-10.954237
actions	-10.954489
conscience	-10.954991
officially	-10.955075
martha	-10.957676
machines	-10.957928
smaller	-10.958097
determined	-10.958685
blown	-10.959022
hail	-10.959190
unhappy	-10.959442
booth	-10.959526
pour	-10.959611
berlin	-10.960284
cleared	-10.960453
packed	-10.960537
wrap	-10.960790
randy	-10.960958
behalf	-10.962899
reasonable	-10.963322
trunk	-10.963913
homes	-10.964082
festival	-10.964336
tradition	-10.964505
cigarettes	-10.964844
le	-10.965098
beside	-10.965182
harvey	-10.965436
motive	-10.965606
beings	-10.965860
bishop	-10.966029
dealer	-10.966199
defendant	-10.966453
backup	-10.966453
wounds	-10.967810
ouch	-10.968065
ann	-10.968319
nearby	-10.968914
drank	-10.969254
effects	-10.969254
jonathan	-10.969339
dennis	-10.970444
benefit	-10.970444
adventure	-10.971040
p	-10.971637
territory	-10.971637
ve	-10.972318
apology	-10.972830
dylan	-10.972830
unlike	-10.973171
owns	-10.973342
boxes	-10.974879
thus	-10.976162
clay	-10.976334
developed	-10.976590
busted	-10.976676
pipe	-10.977190
gray	-10.977618
goods	-10.978304
favourite	-10.979077
salad	-10.979420
loyal	-10.979849
atmosphere	-10.980021
eva	-10.980537
freaking	-10.980795
dropping	-10.981139
strangers	-10.981569
mouse	-10.981741
downtown	-10.982688
francisco	-10.982861
heroes	-10.983291
pit	-10.983464
rotten	-10.984585
paradise	-10.984758
meantime	-10.984931
jess	-10.985362
organization	-10.985449
hills	-10.985535
exam	-10.985708
cock	-10.986400
fairy	-10.986659
earl	-10.986659
comment	-10.986745
activity	-10.987265
frame	-10.987265
knight	-10.988390
testing	-10.988477
habit	-10.988910
shelter	-10.989691
flow	-10.989951
jennifer	-10.991253
holes	-10.991601
prevent	-10.991688
anthony	-10.991688
lend	-10.992036
cooper	-10.992906
figures	-10.993080
boston	-10.993428
sample	-10.993428
strip	-10.993689
landed	-10.993689
buzzing	-10.994038
monk	-10.994212
slightly	-10.994299
produce	-10.994561
annoying	-10.994909
judgment	-10.995607
laundry	-10.995695
ron	-10.995869
lousy	-10.996044
souls	-10.996044
existence	-10.996568
belly	-10.997092
tries	-10.997179
foster	-10.997704
returning	-10.997791
answered	-10.998054
ward	-10.998316
plants	-10.999104
actress	-10.999279
chairman	-10.999367
individual	-10.999980
hopes	-10.999980
tattoo	-11.000156
fence	-11.000594
sink	-11.000769
punk	-11.000769
confident	-11.000857
yay	-11.001384
mistaken	-11.002086
limit	-11.002174
bothering	-11.002262
st	-11.002965
uncomfortable	-11.003317
wednesday	-11.003668
gifts	-11.003844
policeman	-11.003932
na	-11.004284
precisely	-11.005518
lawyers	-11.005606
greek	-11.006135
merely	-11.006488
criminals	-11.006488
underwear	-11.006664
hoped	-11.008254
earned	-11.008254
reveal	-11.008696
appeared	-11.009049
derek	-11.009049
heavens	-11.009226
personality	-11.009315
batman	-11.009580
virginia	-11.010643
wives	-11.010908
colour	-11.011263
worker	-11.011618
pope	-11.013393
instructions	-11.013837
intelligent	-11.013926
worrying	-11.014370
vince	-11.014370
comin	-11.015171
cried	-11.015260
traveling	-11.016418
bells	-11.016507
x	-11.017398
impact	-11.017933
robbed	-11.019541
relief	-11.019541
host	-11.019988
footage	-11.021062
odds	-11.021151
patrol	-11.021151
circus	-11.021420
mud	-11.021509
captured	-11.021688
lessons	-11.022316
occasion	-11.022764
sets	-11.022854
pulse	-11.023392
ad	-11.024649
invented	-11.024649
diamonds	-11.024918
matthew	-11.024918
auntie	-11.025008
cloud	-11.025188
francis	-11.025368
angels	-11.025548
hers	-11.025638
classes	-11.025638
signature	-11.026177
complain	-11.026357
blah	-11.026717
monitor	-11.026897
options	-11.027077
claims	-11.027167
flies	-11.028069
pat	-11.028880
britain	-11.029512
hid	-11.029602
wailing	-11.030144
listened	-11.031138
countries	-11.031500
vic	-11.031590
yell	-11.031681
rats	-11.032314
wondered	-11.032767
smooth	-11.033220
resist	-11.033401
companies	-11.033492
fantasy	-11.033673
passport	-11.033764
pitch	-11.034490
hammer	-11.035125
homicide	-11.035761
casey	-11.036124
holds	-11.036124
flew	-11.037033
jacob	-11.037943
noon	-11.038125
helicopter	-11.038307
dishes	-11.038307
spin	-11.038307
charm	-11.038307
slap	-11.038581
apply	-11.039219
fools	-11.039310
screeching	-11.039583
discover	-11.040039
previous	-11.040131
kit	-11.040222
authorities	-11.040313
moaning	-11.040404
photograph	-11.040769
sales	-11.041043
fifty	-11.041866
mickey	-11.042048
beneath	-11.042231
farewell	-11.042231
clouds	-11.042323
slipped	-11.042780
represent	-11.042871
deaf	-11.043421
facing	-11.044062
offense	-11.045070
citizen	-11.045161
clown	-11.047181
snap	-11.047365
messing	-11.047640
hood	-11.048100
twelve	-11.048284
interests	-11.048744
cheated	-11.048836
liz	-11.049204
informed	-11.049941
humanity	-11.050679
producer	-11.050863
technically	-11.051232
accounts	-11.051878
extreme	-11.052155
gettin	-11.052155
cia	-11.052525
ii	-11.052709
pays	-11.053634
profile	-11.054096
oxygen	-11.054466
jeez	-11.055114
gene	-11.055207
shed	-11.055670
minor	-11.056597
ex	-11.056690
theatre	-11.057061
scientific	-11.057247
lovers	-11.057711
chaos	-11.058176
rocket	-11.059291
math	-11.060501
stubborn	-11.060594
august	-11.060780
oi	-11.060780
chips	-11.060967
intense	-11.060967
grey	-11.061432
talkin	-11.061432
terrorist	-11.061526
angle	-11.061899
invitation	-11.062178
gus	-11.062738
gambling	-11.062832
respond	-11.063765
thirty	-11.064233
procedure	-11.064326
absolute	-11.064513
investigate	-11.064606
tragedy	-11.064981
stable	-11.065074
session	-11.065823
capture	-11.066104
marrying	-11.066291
ripped	-11.066853
attacks	-11.067040
stretch	-11.067228
bush	-11.067322
dates	-11.067884
unable	-11.067978
gates	-11.068072
mars	-11.068260
artists	-11.068354
increase	-11.070797
tastes	-11.071644
cared	-11.072492
bottles	-11.072963
highest	-11.074473
whirring	-11.074567
meanwhile	-11.074567
nate	-11.075134
grabbed	-11.075512
pigs	-11.076742
chop	-11.076931
olivia	-11.077310
wheels	-11.077594
shocked	-11.078636
reverend	-11.079300
commercial	-11.079300
escort	-11.079490
engagement	-11.079680
corpse	-11.080060
louise	-11.080629
worthy	-11.081200
scale	-11.081200
beats	-11.081390
williams	-11.081485
threatening	-11.082056
exists	-11.082151
academy	-11.082151
acts	-11.082436
hop	-11.082912
judges	-11.083960
furniture	-11.084246
shared	-11.084533
ralph	-11.085487
consequences	-11.085582
engineer	-11.085773
schools	-11.085869
softly	-11.086633
bombs	-11.086920
caroline	-11.087111
shark	-11.087207
transport	-11.087207
population	-11.087877
succeed	-11.088642
creepy	-11.090656
sneak	-11.091040
studies	-11.092385
destruction	-11.092481
keith	-11.092577
protected	-11.092577
monsters	-11.092769
joining	-11.092962
punished	-11.093058
lightning	-11.093154
malcolm	-11.094309
shell	-11.094406
fascinating	-11.094695
chamber	-11.094887
ethan	-11.095080
romance	-11.095080
instance	-11.095369
jumping	-11.095755
groups	-11.095948
exhausted	-11.096238
testify	-11.096334
studied	-11.096913
walker	-11.096913
pin	-11.096913
imagined	-11.097106
drill	-11.097493
investigating	-11.097590
ye	-11.097976
experienced	-11.100008
elena	-11.100008
necklace	-11.100202
loyalty	-11.100202
junk	-11.100978
cole	-11.101560
cries	-11.101657
stanley	-11.101754
rita	-11.101851
southern	-11.102239
blocks	-11.103210
emotions	-11.103307
begun	-11.103696
maya	-11.103696
liver	-11.104085
serving	-11.104085
matches	-11.104280
surgeon	-11.104377
granted	-11.104669
jazz	-11.104961
july	-11.105058
supplies	-11.105058
deeper	-11.105156
typical	-11.105545
kicking	-11.105643
obey	-11.105935
dancer	-11.107008
remote	-11.108570
daughters	-11.109058
moron	-11.109156
latin	-11.109743
teachers	-11.110623
toby	-11.111113
sandy	-11.111309
dragged	-11.111407
strategy	-11.111505
parent	-11.111603
jin	-11.111995
album	-11.112093
compared	-11.113860
rubbish	-11.113860
helpful	-11.114646
powder	-11.114744
sync	-11.115137
bum	-11.115432
passes	-11.115728
joan	-11.116614
fort	-11.116712
choices	-11.117106
alley	-11.117402
supper	-11.117500
penis	-11.117599
alibi	-11.117796
sammy	-11.118092
pole	-11.118289
coke	-11.118585
scientist	-11.119276
fighter	-11.119770
highway	-11.121550
blade	-11.121847
alpha	-11.122541
diet	-11.122640
liquor	-11.122838
jet	-11.123631
widow	-11.123830
liberty	-11.123830
philip	-11.123830
moral	-11.124127
carrie	-11.125617
award	-11.126313
grief	-11.126412
thirsty	-11.126512
ashley	-11.127109
random	-11.127905
suspects	-11.128005
intention	-11.128304
julian	-11.129201
active	-11.129401
tools	-11.129800
driven	-11.130399
trauma	-11.130399
headache	-11.130998
safely	-11.131698
alexander	-11.131698
knee	-11.131798
lads	-11.131898
novel	-11.132098
conversations	-11.132298
waters	-11.132598
lookin	-11.132698
invisible	-11.132698
internal	-11.132998
peaceful	-11.133099
humming	-11.133199
washed	-11.133299
drives	-11.133700
talented	-11.134802
li	-11.134903
aid	-11.135304
elephant	-11.136710
troubles	-11.137816
core	-11.137916
serial	-11.138218
painted	-11.138420
divine	-11.139225
jam	-11.139528
goat	-11.139628
opera	-11.140032
thieves	-11.140334
guessing	-11.140637
objection	-11.142454
whiskey	-11.142555
florida	-11.142960
resistance	-11.143061
dressing	-11.143162
attached	-11.143466
aaron	-11.143567
brief	-11.144275
punish	-11.144275
eternal	-11.144579
lois	-11.144680
required	-11.145694
victoria	-11.146099
fabulous	-11.146607
twins	-11.146911
characters	-11.147216
cooked	-11.147318
ln	-11.147521
ruth	-11.148334
dreamed	-11.148435
arts	-11.148842
naughty	-11.149046
stabbed	-11.149554
tend	-11.149554
diane	-11.150064
tap	-11.150675
soap	-11.150879
locker	-11.151694
development	-11.151694
images	-11.151796
prick	-11.151898
global	-11.152715
string	-11.153430
bitter	-11.153532
sharing	-11.153532
corn	-11.153941
craig	-11.153941
fits	-11.154146
tent	-11.154350
forms	-11.154452
votes	-11.154657
harold	-11.154964
propose	-11.154964
monica	-11.155476
constantly	-11.155578
granny	-11.155578
nicely	-11.155988
nerves	-11.155988
arguing	-11.155988
abuse	-11.156500
relatives	-11.156705
survival	-11.156910
gloves	-11.157116
tracking	-11.157423
zoe	-11.157731
u	-11.157834
bend	-11.158244
review	-11.158963
connect	-11.159889
separated	-11.159889
elder	-11.159991
beard	-11.160403
admiral	-11.160506
diana	-11.160506
salary	-11.161227
areas	-11.161330
disturb	-11.161536
pro	-11.161639
maintain	-11.161845
solved	-11.161948
wealth	-11.162360
bitches	-11.162773
possession	-11.163701
sang	-11.163701
gimme	-11.163805
plates	-11.163908
shoulders	-11.164011
burnt	-11.164528
recorded	-11.164734
upper	-11.164941
counts	-11.165044
tale	-11.165148
profit	-11.165148
colleague	-11.165458
warehouse	-11.165665
hostage	-11.165665
shore	-11.165768
porn	-11.165872
miami	-11.166079
fifteen	-11.166182
visitors	-11.166182
bo	-11.166286
net	-11.166389
insult	-11.166493
owen	-11.166596
cities	-11.166907
causing	-11.166907
lemon	-11.167114
heal	-11.167114
banging	-11.167218
honeymoon	-11.167425
appeal	-11.167736
marshall	-11.168047
critical	-11.168877
creating	-11.168877
scotland	-11.168980
crane	-11.170019
enormous	-11.170123
testimony	-11.170123
praise	-11.170642
fights	-11.170642
indians	-11.170954
commission	-11.170954
growls	-11.171162
nicole	-11.171475
sins	-11.172203
fraud	-11.172724
branch	-11.172828
happily	-11.173453
bout	-11.173870
covering	-11.175123
occurred	-11.175959
beans	-11.177528
raw	-11.177632
muscle	-11.178470
pages	-11.178575
tense	-11.178680
relationships	-11.178784
management	-11.178889
assignment	-11.179099
blonde	-11.179309
catching	-11.179518
exposed	-11.179518
canada	-11.179623
dont	-11.180673
han	-11.180778
von	-11.181093
comedy	-11.181618
marco	-11.181934
stroke	-11.182249
whistling	-11.182460
buildings	-11.182670
shaking	-11.182775
facility	-11.182880
appropriate	-11.183091
remarkable	-11.183196
transferred	-11.183723
drawn	-11.183828
tits	-11.183828
clicking	-11.183933
symbol	-11.184144
motor	-11.184250
employees	-11.185093
ambassador	-11.185198
mothers	-11.185304
pile	-11.185621
feeding	-11.185621
soda	-11.186043
checks	-11.186359
bears	-11.186676
cookies	-11.186676
slut	-11.186993
awfully	-11.187628
stepped	-11.187945
toys	-11.187945
levels	-11.187945
differently	-11.188051
magnificent	-11.188051
steak	-11.188368
tube	-11.188474
leaders	-11.188474
superior	-11.189003
herr	-11.189109
pan	-11.189215
expression	-11.189639
currently	-11.191442
throne	-11.192610
deadly	-11.192610
bee	-11.192716
tooth	-11.192822
depressed	-11.193673
potatoes	-11.193886
wicked	-11.194631
resources	-11.194951
native	-11.195164
centuries	-11.195377
karl	-11.195483
poetry	-11.196443
multiple	-11.196870
cable	-11.196976
shortly	-11.197510
buzz	-11.197617
socks	-11.197831
fingerprints	-11.197831
goddess	-11.198044
chin	-11.198044
anxious	-11.198579
september	-11.198900
colors	-11.198900
basketball	-11.199006
promises	-11.199327
explained	-11.199434
appearance	-11.199969
musical	-11.201684
sends	-11.201684
slide	-11.201791
aii	-11.201898
shawn	-11.202113
ultimate	-11.202972
pork	-11.203509
communication	-11.203616
payment	-11.203831
structure	-11.204153
paperwork	-11.204261
obsessed	-11.204583
lazy	-11.204691
russians	-11.205014
actors	-11.205229
squeeze	-11.205337
magical	-11.205767
colleagues	-11.206306
admire	-11.207276
madness	-11.207492
roads	-11.207599
entry	-11.207707
injury	-11.208139
burden	-11.208463
racing	-11.208463
manner	-11.208679
freezing	-11.209219
bits	-11.210192
norman	-11.210300
mount	-11.210949
battery	-11.211166
dessert	-11.211166
pound	-11.211382
visited	-11.211599
motel	-11.211599
rumbling	-11.211707
cinema	-11.211924
fond	-11.212249
halfway	-11.212466
rifle	-11.212899
reception	-11.213442
statue	-11.213659
fridge	-11.213767
brick	-11.214202
abandon	-11.214310
lap	-11.214419
natalie	-11.215832
wars	-11.216049
recommend	-11.216485
brush	-11.216702
nelson	-11.216920
pill	-11.217247
concept	-11.217247
w	-11.217465
delay	-11.217465
quarters	-11.217573
korea	-11.217573
janet	-11.217791
rub	-11.218664
mall	-11.218882
soil	-11.218882
complaint	-11.219318
sail	-11.219537
baker	-11.220083
coughs	-11.221176
bucket	-11.221394
description	-11.221722
badge	-11.222489
measure	-11.222489
hip	-11.222708
function	-11.222817
indistinctly	-11.223146
harris	-11.223474
foundation	-11.223694
labor	-11.224242
willie	-11.224242
waiter	-11.225120
homeless	-11.225449
proved	-11.225669
unfortunate	-11.225999
log	-11.226108
meetings	-11.226218
giggles	-11.226328
combat	-11.226988
poem	-11.226988
polish	-11.227208
handed	-11.227318
mia	-11.227648
weed	-11.227868
raymond	-11.228749
tons	-11.228859
satellite	-11.230624
jersey	-11.230624
eagle	-11.230734
privacy	-11.230734
chapter	-11.230955
treating	-11.231176
wisdom	-11.231950
flip	-11.231950
entering	-11.231950
barn	-11.231950
farmer	-11.232060
clan	-11.232171
budget	-11.234273
pub	-11.234273
temporary	-11.234384
effective	-11.234717
sonny	-11.235271
wendy	-11.235715
juan	-11.235937
lamb	-11.235937
plot	-11.236492
riley	-11.237047
proposal	-11.238048
sticks	-11.238381
searched	-11.238492
blessing	-11.239160
rage	-11.239272
bothered	-11.239717
sydney	-11.239828
basis	-11.239940
manners	-11.240163
recover	-11.240274
twist	-11.240386
neil	-11.240832
leak	-11.241166
item	-11.241278
catholic	-11.242171
sighing	-11.242506
retired	-11.242618
kings	-11.243400
inner	-11.243624
cents	-11.243735
affect	-11.243735
forbidden	-11.244071
patch	-11.244071
drops	-11.244519
necessarily	-11.244631
provided	-11.245078
meters	-11.245190
booked	-11.245414
returns	-11.245639
gloria	-11.245975
fires	-11.245975
humor	-11.246199
torn	-11.247433
rocky	-11.248107
introduced	-11.248332
creative	-11.248556
betray	-11.248893
soviet	-11.249006
various	-11.249118
added	-11.249343
discovery	-11.249456
cowboy	-11.249456
suspected	-11.250806
suggested	-11.251257
delighted	-11.251370
sticking	-11.251370
dive	-11.251483
shane	-11.251708
radar	-11.251934
prosecutor	-11.251934
amber	-11.252159
vast	-11.252159
quinn	-11.252385
owned	-11.253062
cookie	-11.253626
finest	-11.253739
felix	-11.253739
pump	-11.254417
valentine	-11.254530
counter	-11.255209
sorts	-11.255662
coin	-11.256228
warren	-11.256341
slaves	-11.256454
marine	-11.256568
illness	-11.256794
sack	-11.257134
bid	-11.257248
require	-11.257474
moscow	-11.257474
largest	-11.257701
washing	-11.257701
achieve	-11.257815
causes	-11.258268
k	-11.258268
mo	-11.258495
dope	-11.258609
nest	-11.259290
palm	-11.259517
logan	-11.259745
constant	-11.260086
boo	-11.260199
medication	-11.260882
gravity	-11.261793
booze	-11.261793
noah	-11.262020
evan	-11.262134
abroad	-11.262134
christine	-11.262476
rising	-11.263160
analysis	-11.263616
cuts	-11.263730
eats	-11.263844
employee	-11.264301
vodka	-11.264529
damaged	-11.264872
solar	-11.264986
height	-11.264986
pops	-11.264986
yards	-11.265443
terrified	-11.266015
suitcase	-11.266701
chemical	-11.267617
preparing	-11.268305
advanced	-11.268878
fund	-11.268878
wears	-11.269337
chirping	-11.269452
web	-11.271290
phase	-11.272210
prom	-11.272555
suggesting	-11.272670
fleet	-11.272785
lame	-11.273246
irish	-11.273592
editor	-11.273937
october	-11.274283
assumed	-11.274629
whip	-11.274745
mel	-11.275206
region	-11.275206
amongst	-11.275784
temper	-11.276015
discussion	-11.276130
engines	-11.276477
operate	-11.277170
sunshine	-11.277402
acted	-11.277864
undercover	-11.278212
horror	-11.278559
tested	-11.279022
smash	-11.279022
contrary	-11.279254
roses	-11.279486
poker	-11.279834
wrapped	-11.279834
korean	-11.280066
graham	-11.280298
mi	-11.280530
fu	-11.280646
ivan	-11.281110
focused	-11.281226
liam	-11.281342
tragic	-11.281807
carla	-11.282156
demons	-11.283086
rounds	-11.283202
entertainment	-11.283319
gathered	-11.283551
uhh	-11.283668
yells	-11.283784
lincoln	-11.283784
crossing	-11.284366
blanket	-11.284949
nut	-11.285299
travis	-11.285415
pockets	-11.285415
limited	-11.285532
paintings	-11.286232
sober	-11.286232
caesar	-11.286465
sis	-11.286582
intended	-11.286932
niece	-11.287166
computers	-11.287166
tennis	-11.288335
needle	-11.288919
chicks	-11.289036
traditional	-11.289036
delicate	-11.289154
independent	-11.289739
leslie	-11.290325
lauren	-11.291028
grandson	-11.291497
repair	-11.291732
brandon	-11.292201
executive	-11.292553
colin	-11.292788
recognized	-11.293141
holmes	-11.293258
regarding	-11.293376
weakness	-11.293493
aliens	-11.293611
gunshots	-11.293729
european	-11.293846
method	-11.293964
tool	-11.294787
demands	-11.295258
permit	-11.295376
towel	-11.295376
daisy	-11.295612
nowadays	-11.295729
spider	-11.295729
northern	-11.295729
rangers	-11.296201
zoo	-11.296319
praying	-11.297026
antonio	-11.297026
passengers	-11.297380
con	-11.297498
australia	-11.297616
technique	-11.297970
cellphone	-11.298561
gently	-11.298679
operations	-11.298915
planes	-11.299034
bunny	-11.299388
gunfire	-11.299980
shining	-11.300098
backwards	-11.300453
skill	-11.300571
baron	-11.301282
kidnapping	-11.301756
iike	-11.301993
marshal	-11.302230
petty	-11.302467
sealed	-11.302823
massage	-11.303298
raising	-11.303417
menu	-11.303417
diary	-11.303417
fucker	-11.303654
wagon	-11.303773
audition	-11.304129
mitch	-11.304129
mexican	-11.304248
casino	-11.304605
bacon	-11.304842
diego	-11.305199
dutch	-11.305794
promotion	-11.305913
click	-11.306032
forgiveness	-11.306270
burst	-11.306389
permanent	-11.306747
interfere	-11.306866
chanting	-11.307223
dammit	-11.307461
spencer	-11.307700
recovered	-11.307819
registered	-11.308654
sunny	-11.308893
packing	-11.309012
scenes	-11.309012
superman	-11.309132
questioning	-11.309371
unfair	-11.309848
admitted	-11.309968
ancestors	-11.309968
polite	-11.309968
completed	-11.311283
swallow	-11.311283
conduct	-11.311882
prayers	-11.312361
sheet	-11.312600
fried	-11.312720
avenue	-11.314159
poisoned	-11.314279
reverse	-11.315240
newspapers	-11.315600
ford	-11.315721
complaining	-11.316322
senses	-11.316562
investment	-11.317164
absurd	-11.317766
potato	-11.318489
understands	-11.318730
grows	-11.318850
inspired	-11.319695
ruby	-11.320781
celebrating	-11.320781
tag	-11.321023
ram	-11.321265
requires	-11.321869
bonnie	-11.321869
bugs	-11.321990
leonard	-11.322111
elliot	-11.322232
hooked	-11.322353
jill	-11.322474
ranch	-11.322595
safer	-11.323321
worn	-11.323443
crashing	-11.323685
lands	-11.323927
heather	-11.324412
ash	-11.324897
leather	-11.325261
grounds	-11.325868
assuming	-11.325989
nails	-11.326111
dana	-11.326354
conspiracy	-11.326354
thanksgiving	-11.326718
pierre	-11.326718
guardian	-11.328056
rumors	-11.328299
yen	-11.328421
megan	-11.328421
ashes	-11.328786
terror	-11.329395
misunderstanding	-11.329883
tire	-11.330371
boats	-11.331225
parade	-11.331469
halt	-11.331591
immunity	-11.331957
adults	-11.332080
steam	-11.332813
kang	-11.333180
closely	-11.333180
pearl	-11.333302
soccer	-11.334036
adrian	-11.335261
priority	-11.335506
shouts	-11.335752
donald	-11.336242
happier	-11.336365
khan	-11.336365
struggling	-11.336610
root	-11.337101
larger	-11.339068
november	-11.339068
boot	-11.339191
conflict	-11.339437
laughed	-11.339437
debbie	-11.340053
cherry	-11.340299
honking	-11.340422
concerns	-11.340669
celebration	-11.340669
sore	-11.340915
unconscious	-11.341038
cattle	-11.341038
breasts	-11.341408
fairly	-11.341408
fee	-11.341408
recognise	-11.341655
wade	-11.341655
radiation	-11.341655
holidays	-11.341655
raining	-11.341655
forgetting	-11.341902
lungs	-11.342889
register	-11.343013
shadows	-11.343136
specifically	-11.343507
sarge	-11.343630
ideal	-11.344125
turtle	-11.344991
spoil	-11.345115
deserved	-11.345734
ronnie	-11.345982
gina	-11.346353
candidate	-11.346477
lance	-11.346477
types	-11.346477
bloke	-11.346725
explode	-11.346973
immediate	-11.347345
belonged	-11.347345
identified	-11.347966
di	-11.348586
hunger	-11.348835
closest	-11.349083
combination	-11.349954
nanny	-11.350327
seth	-11.350327
gabriel	-11.350451
develop	-11.350451
detectives	-11.350451
severe	-11.350949
en	-11.351323
organized	-11.351447
franklin	-11.352195
gut	-11.352444
splendid	-11.352444
dismissed	-11.353442
pm	-11.354067
yang	-11.354316
halloween	-11.354441
ellie	-11.354566
vulnerable	-11.355191
continued	-11.355191
vital	-11.355316
comrades	-11.355441
bureau	-11.355441
drawer	-11.355566
harper	-11.355817
retreat	-11.355817
carson	-11.356067
benny	-11.356192
pillow	-11.356317
troy	-11.356568
ace	-11.356568
cart	-11.356818
nap	-11.357069
chan	-11.357069
ham	-11.357194
announce	-11.357695
borrowed	-11.357946
parked	-11.358824
galaxy	-11.358949
voted	-11.359075
muffled	-11.359075
sebastian	-11.359200
jewelry	-11.359451
kisses	-11.359828
luggage	-11.360331
groom	-11.360708
oops	-11.360708
lighter	-11.360834
masters	-11.361462
alliance	-11.361966
buddies	-11.362218
clothing	-11.362470
denied	-11.362595
drown	-11.363099
alike	-11.363352
excellency	-11.363352
relative	-11.363982
photographs	-11.364360
burger	-11.364487
dough	-11.364613
alicia	-11.364865
wreck	-11.364992
approve	-11.365244
produced	-11.365497
christina	-11.365623
physically	-11.365749
stations	-11.365876
eli	-11.366002
samantha	-11.366002
spiritual	-11.366255
sire	-11.366381
roaring	-11.366381
stab	-11.366634
inch	-11.366761
servants	-11.366761
limits	-11.366887
unexpected	-11.367647
arrival	-11.367773
whimpering	-11.367773
basket	-11.367900
sheets	-11.368153
scandal	-11.368280
stink	-11.368660
homer	-11.369167
tara	-11.369294
christopher	-11.369294
toes	-11.369294
shield	-11.369928
shooter	-11.370182
instant	-11.371071
objects	-11.371198
rehearsal	-11.371452
disturbing	-11.371579
directed	-11.372087
scan	-11.372469
electronic	-11.372596
republic	-11.372596
overnight	-11.372596
counsel	-11.373233
sirens	-11.373360
dorothy	-11.373487
bait	-11.373615
dignity	-11.373869
explains	-11.373869
lean	-11.373997
heroin	-11.374124
tracy	-11.374506
rex	-11.375016
barney	-11.375272
gossip	-11.375272
humble	-11.375527
economy	-11.375527
worlds	-11.376804
impress	-11.377826
clara	-11.377954
tissue	-11.377954
threaten	-11.378466
et	-11.378466
bump	-11.378594
supreme	-11.379106
bingo	-11.379362
mitchell	-11.379490
excitement	-11.379618
mankind	-11.379875
document	-11.380387
broad	-11.380516
vietnam	-11.380772
vessel	-11.380772
lit	-11.381029
dale	-11.381029
killers	-11.381542
connor	-11.381542
mario	-11.381927
foul	-11.382312
stare	-11.382569
deaths	-11.382826
hut	-11.383341
elements	-11.383598
coma	-11.384113
laying	-11.384241
coffin	-11.384499
paula	-11.384628
cocaine	-11.384756
puppy	-11.384885
louder	-11.385272
handled	-11.385529
announcement	-11.385529
oath	-11.385658
mob	-11.386303
cotton	-11.386948
deposit	-11.387077
taxes	-11.387852
injuries	-11.388627
jen	-11.389145
autopsy	-11.389533
advise	-11.389662
gig	-11.390180
lecture	-11.390439
posted	-11.390698
skinny	-11.390698
lo	-11.390957
include	-11.391087
revealed	-11.391476
infected	-11.391735
relieved	-11.392254
assistance	-11.392254
solo	-11.392773
determine	-11.393812
terrorists	-11.393942
elsewhere	-11.394072
lamp	-11.394202
practical	-11.395112
marked	-11.395243
adorable	-11.395503
rubber	-11.395503
purple	-11.395633
operating	-11.395633
suite	-11.395763
apologies	-11.395893
personnel	-11.396284
beam	-11.396545
poet	-11.396545
samples	-11.396675
arrow	-11.397066
counselor	-11.397066
carpet	-11.397457
allen	-11.397457
audrey	-11.397718
spotted	-11.397849
floating	-11.398240
corrected	-11.399939
located	-11.399939
journalist	-11.400200
insisted	-11.400331
operator	-11.401902
rely	-11.402033
singh	-11.402164
fooled	-11.402688
arrives	-11.402950
leon	-11.403738
walt	-11.404394
eastern	-11.404394
ay	-11.404525
shave	-11.405314
remaining	-11.405445
toss	-11.405445
anderson	-11.405971
lip	-11.406629
acid	-11.406629
nora	-11.407156
si	-11.407815
december	-11.408078
anonymous	-11.408606
inn	-11.409133
planted	-11.409265
oldest	-11.409397
breast	-11.410454
sixth	-11.410718
error	-11.411115
reporting	-11.411247
egypt	-11.412438
islands	-11.412438
jules	-11.414691
roommate	-11.414824
sings	-11.414824
scum	-11.415488
visitor	-11.415886
giggling	-11.416152
described	-11.416152
geez	-11.416152
inches	-11.416285
commitment	-11.416418
hercules	-11.416684
react	-11.416684
cows	-11.417216
protest	-11.417216
misery	-11.417748
theft	-11.418147
embrace	-11.418147
darn	-11.418547
harsh	-11.418547
andrea	-11.418680
communicate	-11.418813
fathers	-11.418947
faithful	-11.419080
hector	-11.419346
flame	-11.419480
medal	-11.419746
silk	-11.420147
photographer	-11.420147
trevor	-11.420414
cemetery	-11.420414
rear	-11.420680
freddy	-11.420680
banana	-11.420680
allison	-11.421482
emotion	-11.421883
chap	-11.422150
dated	-11.422417
excuses	-11.422551
shitty	-11.422819
bin	-11.423756
jew	-11.424157
gum	-11.424559
crushed	-11.424559
efforts	-11.424961
content	-11.424961
corporal	-11.426169
realised	-11.426303
del	-11.426572
rap	-11.426706
hopeless	-11.426840
debate	-11.426974
era	-11.427243
luckily	-11.427243
ton	-11.427781
liquid	-11.428184
swell	-11.428319
peggy	-11.428722
feast	-11.428722
murphy	-11.428857
attracted	-11.429126
application	-11.430204
profession	-11.430204
bench	-11.430339
vanessa	-11.430473
ahem	-11.430743
symptoms	-11.430878
scout	-11.431687
crashed	-11.432092
keen	-11.432362
aircraft	-11.433579
formed	-11.433714
hon	-11.434661
aggressive	-11.435203
pale	-11.435338
significant	-11.435338
duncan	-11.435609
clubs	-11.435745
visual	-11.435745
embassy	-11.436287
defence	-11.436422
cabinet	-11.436422
display	-11.436558
fame	-11.436694
gibbs	-11.437101
drowned	-11.437508
wolves	-11.437780
filming	-11.437780
dunno	-11.437915
cursed	-11.438323
twin	-11.438595
sorrow	-11.439138
vault	-11.439546
defeated	-11.439682
watson	-11.439819
quote	-11.439955
penalty	-11.440091
bargain	-11.440091
pepper	-11.440227
speaker	-11.440635
compare	-11.440772
satan	-11.440908
helmet	-11.440908
scar	-11.441180
copies	-11.441725
fuss	-11.441998
envelope	-11.442407
perry	-11.443090
stinks	-11.443363
african	-11.443499
arrangements	-11.443636
wished	-11.444046
honored	-11.444319
believing	-11.445003
discussed	-11.445276
assigned	-11.445413
rosa	-11.445824
oven	-11.446371
jenna	-11.446645
attacking	-11.446645
tin	-11.446919
sonic	-11.447468
collar	-11.447879
mere	-11.448291
romeo	-11.448428
belief	-11.448703
storage	-11.449115
rusty	-11.449802
psycho	-11.450764
climbing	-11.450764
melissa	-11.451039
fears	-11.451177
sum	-11.451315
dedicated	-11.451728
ladder	-11.452003
alternative	-11.452968
raid	-11.452968
dining	-11.453381
ms	-11.453381
corporate	-11.453657
folk	-11.454071
jon	-11.454347
replaced	-11.454485
bailey	-11.454623
un	-11.454900
heels	-11.455038
duties	-11.455314
smarter	-11.455314
existed	-11.455314
surprising	-11.455452
chess	-11.455591
requested	-11.455729
cruise	-11.456697
primary	-11.456836
rhythm	-11.456974
drum	-11.457251
models	-11.457389
motorcycle	-11.457389
adopted	-11.457805
barrel	-11.457943
cargo	-11.457943
planets	-11.458221
shove	-11.458221
wha	-11.458359
surprises	-11.459191
rosie	-11.459469
dings	-11.459746
trailer	-11.460302
cannon	-11.460580
tables	-11.460857
arse	-11.460857
ally	-11.460996
lawrence	-11.461274
wee	-11.461692
tapes	-11.462248
dull	-11.462387
sandra	-11.462387
teenage	-11.462526
kent	-11.462666
cooperate	-11.463083
risks	-11.463362
dug	-11.463501
worthless	-11.463501
arriving	-11.463780
kindness	-11.464059
ties	-11.464198
items	-11.464338
grip	-11.464896
relations	-11.465314
rumor	-11.465454
skirt	-11.465733
frog	-11.465873
paige	-11.466851
lloyd	-11.467131
claimed	-11.467830
perfume	-11.467830
instrumental	-11.467830
flames	-11.467970
association	-11.467970
loses	-11.468390
january	-11.468670
spike	-11.468670
israel	-11.469090
eleven	-11.469230
gallery	-11.469511
ginger	-11.469511
activities	-11.469931
iraq	-11.469931
boarding	-11.471335
fist	-11.471756
stuffed	-11.472318
improve	-11.472318
creation	-11.472459
connie	-11.472740
infection	-11.473162
strikes	-11.473303
wiped	-11.473303
tension	-11.473303
whistles	-11.473584
kindly	-11.473725
certificate	-11.473866
curtis	-11.474006
bold	-11.474288
threats	-11.474429
claudia	-11.474429
sid	-11.474992
twisted	-11.475415
suspended	-11.475415
affected	-11.475697
envy	-11.475839
whale	-11.476121
dial	-11.476262
cameron	-11.476403
martial	-11.476403
controlled	-11.476544
lung	-11.476544
nigga	-11.477533
coal	-11.477957
upside	-11.477957
imperial	-11.478098
pam	-11.478239
paranoid	-11.479513
signing	-11.479796
congress	-11.479938
villa	-11.480504
candles	-11.480646
filling	-11.480646
becky	-11.480930
comic	-11.480930
faint	-11.480930
recovery	-11.481072
volunteer	-11.481072
tech	-11.481213
bleed	-11.481355
positions	-11.481355
cindy	-11.481781
narrow	-11.483343
forbid	-11.483769
stuart	-11.483912
perspective	-11.484196
faced	-11.484481
neat	-11.484623
pierce	-11.484623
observe	-11.485050
cycle	-11.485335
psychic	-11.485335
handling	-11.485335
goose	-11.485762
accidentally	-11.485905
conclusion	-11.485905
designer	-11.486047
sits	-11.486190
importance	-11.486475
spots	-11.487616
francs	-11.487901
sweep	-11.488044
destroying	-11.488473
communist	-11.489330
blackmail	-11.490188
pacific	-11.490761
risky	-11.490761
glorious	-11.491047
filed	-11.491191
hatred	-11.492337
cam	-11.492481
deals	-11.492624
pos	-11.492768
fooling	-11.493198
persons	-11.493485
scotch	-11.493485
executed	-11.494347
brakes	-11.494491
blank	-11.494778
tender	-11.495066
kurt	-11.495210
turner	-11.495497
tub	-11.496505
sucker	-11.497225
slight	-11.497513
addition	-11.498090
campus	-11.498379
ritual	-11.498379
prey	-11.498523
graduate	-11.498956
anyways	-11.499100
ew	-11.499100
fry	-11.499534
genuine	-11.499823
ned	-11.500256
judging	-11.500690
doubts	-11.500690
warden	-11.500834
ceiling	-11.501558
practicing	-11.502282
somewhat	-11.502716
established	-11.503006
attempted	-11.503151
zombie	-11.503586
generations	-11.503586
gathering	-11.504892
warriors	-11.505038
mick	-11.505473
electrical	-11.505764
collins	-11.506491
sobs	-11.506491
couples	-11.506928
depend	-11.506928
institute	-11.507219
miranda	-11.507510
principle	-11.507510
fixing	-11.507655
therapist	-11.507801
compete	-11.508238
compliment	-11.508821
worship	-11.508967
residence	-11.509404
democracy	-11.510426
joel	-11.511010
published	-11.511157
myth	-11.511157
helpless	-11.511157
screwing	-11.511449
kennedy	-11.512180
execution	-11.512619
appetite	-11.513351
formal	-11.513937
strictly	-11.514084
sucked	-11.514230
tanks	-11.514377
chickens	-11.515257
gwen	-11.515550
technical	-11.515550
stella	-11.515844
rod	-11.516284
meets	-11.517019
shepherd	-11.517019
brazil	-11.517166
brutal	-11.517166
alison	-11.517313
vain	-11.517460
switched	-11.517901
chi	-11.517901
deer	-11.519079
brooklyn	-11.519374
dresses	-11.519521
retire	-11.519521
overcome	-11.520701
inspiration	-11.520701
cunt	-11.520848
benjamin	-11.520848
nicky	-11.520848
thrilled	-11.521143
tae	-11.521734
suggestion	-11.521734
dummy	-11.522177
sailor	-11.522325
destination	-11.522621
bass	-11.523360
picnic	-11.523360
assholes	-11.523360
idol	-11.523508
trucks	-11.523804
rank	-11.524100
denise	-11.524692
yu	-11.524840
veronica	-11.524988
blocked	-11.525285
strict	-11.525285
hiya	-11.525433
formula	-11.525581
clerk	-11.525878
samurai	-11.526620
disturbed	-11.526620
vera	-11.526768
cafe	-11.526768
wandering	-11.526768
consciousness	-11.527065
val	-11.527659
nikki	-11.528105
min	-11.529146
bare	-11.529295
hans	-11.529741
caleb	-11.529741
butcher	-11.530039
arrangement	-11.530039
chased	-11.530188
ministry	-11.530188
brandy	-11.530337
sweater	-11.530635
boobs	-11.530635
locate	-11.531380
apologise	-11.532126
nazi	-11.532275
parole	-11.533171
examine	-11.533171
trains	-11.533470
candle	-11.533470
prior	-11.533918
stream	-11.534068
passage	-11.535115
reaching	-11.535265
organ	-11.535265
directions	-11.535564
asses	-11.535714
outer	-11.535714
proves	-11.535714
morris	-11.535714
luxury	-11.536313
pistol	-11.536913
v	-11.536913
losers	-11.537363
funds	-11.537963
sunset	-11.538113
strings	-11.538113
fortunately	-11.538263
gotcha	-11.538263
tomb	-11.539014
freddie	-11.539165
engineering	-11.539916
element	-11.540518
balloon	-11.540970
ty	-11.541421
broadcast	-11.541421
spray	-11.541421
ninja	-11.541723
eternity	-11.541873
handy	-11.542175
crawl	-11.543381
slice	-11.543532
nations	-11.543532
behaviour	-11.543683
pace	-11.544287
stiff	-11.544287
lick	-11.544741
concrete	-11.545799
allah	-11.545799
vegetables	-11.546102
euros	-11.546404
sausage	-11.546556
constable	-11.546707
spinning	-11.546859
rolls	-11.547162
genetic	-11.547768
loudly	-11.547919
marvelous	-11.548071
subway	-11.548071
creep	-11.548223
scheme	-11.548829
performed	-11.549740
plug	-11.549892
rejected	-11.550500
brenda	-11.550956
respected	-11.551412
backs	-11.552021
protocol	-11.553087
muscles	-11.554155
kidney	-11.554307
finishing	-11.554460
products	-11.554460
im	-11.554460
wu	-11.555070
invasion	-11.555834
affection	-11.555834
woody	-11.555987
endless	-11.555987
discipline	-11.556140
horns	-11.556293
absence	-11.556751
waking	-11.556904
dudes	-11.557057
philosophy	-11.557210
cracked	-11.557517
nicholas	-11.557823
reed	-11.558129
verdict	-11.558129
drake	-11.558435
connections	-11.558589
privilege	-11.558589
anyhow	-11.559048
scent	-11.559048
naive	-11.559202
daylight	-11.559355
controls	-11.559508
airplane	-11.559508
values	-11.559662
jolly	-11.559662
swore	-11.560122
blaring	-11.560276
consent	-11.560583
puzzle	-11.561043
disagree	-11.561812
argh	-11.563196
winds	-11.563196
vanished	-11.563504
wizard	-11.563658
ranger	-11.563812
celebrity	-11.563966
sniffles	-11.563966
stores	-11.564428
aha	-11.564891
intentions	-11.565354
plague	-11.565662
farmers	-11.565662
breeze	-11.565971
rascal	-11.566125
convenient	-11.567207
bonus	-11.567207
dong	-11.567207
hush	-11.567361
instinct	-11.568289
entitled	-11.568289
porter	-11.568444
maurice	-11.568444
wrist	-11.568599
originally	-11.568908
coins	-11.568908
drain	-11.569838
physics	-11.569993
phoebe	-11.569993
furious	-11.569993
sniffs	-11.570303
vampires	-11.570303
defending	-11.570768
sector	-11.570768
income	-11.570923
finn	-11.571078
offended	-11.571233
decides	-11.571854
laser	-11.572165
fled	-11.572476
beers	-11.572631
boxing	-11.572631
accurate	-11.572631
kung	-11.572786
snakes	-11.573253
thumb	-11.573564
bald	-11.573719
sharon	-11.574186
suspicion	-11.574342
convicted	-11.574498
roots	-11.574653
shares	-11.574965
bernard	-11.575120
jessie	-11.575276
wang	-11.575276
harrison	-11.576212
blues	-11.576212
confusing	-11.576524
lobby	-11.576836
recipe	-11.576836
las	-11.576836
winston	-11.577304
generally	-11.577929
seeking	-11.578397
secretly	-11.578397
declare	-11.578554
freaked	-11.578866
missile	-11.578866
ensure	-11.579023
tricky	-11.579492
pointed	-11.579649
hockey	-11.579805
bubble	-11.579962
contacts	-11.579962
maximum	-11.580275
reminded	-11.580275
carriage	-11.581058
curtain	-11.582156
clues	-11.582783
hostages	-11.583254
circles	-11.583254
author	-11.583254
wallace	-11.583411
receiving	-11.584040
debts	-11.584512
cellar	-11.584669
tortured	-11.584826
tips	-11.585141
mates	-11.585298
mortal	-11.585613
reporters	-11.585613
associate	-11.585771
honesty	-11.585928
laptop	-11.586401
jung	-11.586716
katherine	-11.587662
rainbow	-11.588135
seed	-11.588135
mature	-11.588451
deed	-11.588609
kay	-11.588925
expenses	-11.590664
discussing	-11.590822
pirate	-11.590980
meals	-11.590980
performing	-11.591138
remained	-11.591455
prostitute	-11.591930
adams	-11.591930
retirement	-11.592406
platform	-11.592564
claus	-11.592723
erica	-11.593198
beds	-11.593833
writes	-11.593992
illusion	-11.593992
mill	-11.594151
dealt	-11.594151
hears	-11.595104
tryin	-11.595422
manhattan	-11.595422
mole	-11.595581
rang	-11.595899
prosecution	-11.595899
fatal	-11.596376
copper	-11.596535
troubled	-11.596694
heir	-11.597331
traces	-11.597491
owners	-11.597650
length	-11.597650
dentist	-11.597809
zach	-11.597969
lesbian	-11.597969
enterprise	-11.597969
tournament	-11.598128
travelling	-11.598128
confessed	-11.598606
roast	-11.598766
website	-11.598925
ja	-11.599245
mikey	-11.599245
flood	-11.599723
harbor	-11.599723
lola	-11.599883
rory	-11.600362
richie	-11.600682
mansion	-11.600682
mademoiselle	-11.600842
auction	-11.601002
desires	-11.601481
bachelor	-11.601801
haunted	-11.602281
distracted	-11.602602
smashed	-11.603403
rodney	-11.603723
scheduled	-11.604044
negotiate	-11.605167
champ	-11.605167
allows	-11.605167
shotgun	-11.605649
nigger	-11.605970
cocktail	-11.605970
donkey	-11.606291
pointing	-11.606291
butler	-11.606934
dizzy	-11.607095
methods	-11.607256
reference	-11.607256
georgia	-11.607417
bully	-11.607417
lydia	-11.607417
collapse	-11.607578
alfred	-11.608061
ana	-11.608383
minimum	-11.608383
chairs	-11.608544
hee	-11.608705
patty	-11.609189
owes	-11.609511
included	-11.609672
carmen	-11.609672
civilization	-11.609672
prices	-11.610479
wealthy	-11.610963
bart	-11.611125
depression	-11.611125
tide	-11.611286
rented	-11.611448
bra	-11.611609
lin	-11.611609
fellows	-11.612094
rot	-11.612094
password	-11.612094
th	-11.612256
kirk	-11.612417
pedro	-11.612417
spill	-11.612741
cured	-11.613065
naomi	-11.613226
hardest	-11.613226
deceased	-11.613712
sleepy	-11.613874
static	-11.614036
hawaii	-11.614360
almighty	-11.614684
murray	-11.614846
offers	-11.614846
bruno	-11.615170
phrase	-11.615170
disgrace	-11.615170
sources	-11.615332
approval	-11.615495
turtles	-11.615657
screech	-11.615819
snack	-11.615819
collected	-11.616631
ding	-11.616793
fur	-11.616956
jewels	-11.617443
jan	-11.617443
cheek	-11.617606
legally	-11.617606
ditch	-11.617606
benefits	-11.617931
roars	-11.618093
arnold	-11.618744
dime	-11.619070
domestic	-11.619070
chuckle	-11.619395
hack	-11.619884
ransom	-11.619884
chang	-11.619884
bore	-11.620210
muslim	-11.620536
loads	-11.620699
waitress	-11.620699
nurses	-11.621025
glenn	-11.621025
spite	-11.621025
rebel	-11.621188
clearing	-11.621188
andre	-11.621351
fortunate	-11.621678
survivors	-11.621678
reply	-11.622004
disappoint	-11.622004
orbit	-11.622167
expose	-11.622167
gin	-11.623148
austin	-11.623311
toe	-11.623475
sympathy	-11.623638
intel	-11.625111
growth	-11.625439
psychiatrist	-11.625766
slams	-11.626094
encounter	-11.626094
daphne	-11.626586
passenger	-11.626750
monkeys	-11.626914
accompany	-11.627406
hats	-11.627406
column	-11.628063
sigh	-11.628392
pounding	-11.628556
economic	-11.629214
tales	-11.629378
theirs	-11.630201
brat	-11.630530
follows	-11.630695
spreading	-11.630695
burt	-11.631024
hilarious	-11.631189
hallway	-11.631683
hamilton	-11.632178
exclusive	-11.632673
chimes	-11.632838
greet	-11.632838
decades	-11.632838
bowling	-11.633333
buttons	-11.633498
confusion	-11.633664
thud	-11.634986
hooker	-11.635648
ruining	-11.635813
dreadful	-11.635813
collecting	-11.636641
lions	-11.636973
sheila	-11.637636
douglas	-11.637968
february	-11.638133
elvis	-11.638631
forty	-11.638797
sleeps	-11.638963
sung	-11.638963
brass	-11.639462
shrink	-11.639462
zack	-11.639794
whimpers	-11.639960
sworn	-11.640126
email	-11.640958
proven	-11.641291
tasty	-11.641291
covers	-11.641457
sandwiches	-11.641624
rarely	-11.641624
wyatt	-11.642290
programme	-11.642457
irene	-11.642957
dee	-11.643624
contacted	-11.644291
chemistry	-11.644458
assured	-11.644625
applied	-11.644792
elected	-11.644792
subjects	-11.645126
lust	-11.645461
label	-11.645628
shakespeare	-11.645795
tan	-11.645962
ego	-11.645962
forgiven	-11.646129
phoenix	-11.646297
companion	-11.646297
lottery	-11.646464
worm	-11.646631
publicity	-11.646631
butterfly	-11.646799
dialogue	-11.646799
cal	-11.647133
tremendous	-11.647468
pervert	-11.647636
establish	-11.647971
dearest	-11.648139
intimate	-11.648139
eager	-11.648306
se	-11.648641
cathy	-11.648809
atlantic	-11.649312
contains	-11.649312
thompson	-11.649480
shirley	-11.649648
bets	-11.649648
inhales	-11.649816
presentation	-11.649816
allergic	-11.649984
den	-11.649984
wells	-11.650152
spoiled	-11.650488
chen	-11.650656
accomplished	-11.650824
repay	-11.650824
politicians	-11.650992
logic	-11.650992
gratitude	-11.651328
afghanistan	-11.651664
exception	-11.651664
ultimately	-11.651664
pablo	-11.652000
compromise	-11.652000
majority	-11.652000
journal	-11.652169
signals	-11.652337
bent	-11.652505
dock	-11.652842
meg	-11.652842
essential	-11.653010
campbell	-11.653010
climate	-11.653179
experiments	-11.653347
ink	-11.653347
magazines	-11.653516
rivers	-11.653516
teresa	-11.653516
administration	-11.653516
passionate	-11.653684
precise	-11.654021
lawn	-11.654021
via	-11.654527
jeans	-11.654527
murmuring	-11.654696
resort	-11.655033
announced	-11.655202
buddha	-11.655709
fries	-11.656046
capacity	-11.656384
lena	-11.656553
opponent	-11.656553
chains	-11.656722
minus	-11.657060
caitlyn	-11.657060
apples	-11.657060
angie	-11.657229
seattle	-11.657568
aww	-11.657737
instrument	-11.658075
healing	-11.658245
convention	-11.658414
messenger	-11.658414
explore	-11.658753
sonia	-11.658922
versus	-11.659430
survivor	-11.660278
ruled	-11.660618
boyd	-11.660787
clarence	-11.661127
madison	-11.661127
cough	-11.662316
experts	-11.662656
disguise	-11.662656
archer	-11.662826
bicycle	-11.662826
noises	-11.664358
inviting	-11.664528
pregnancy	-11.664869
declared	-11.665039
yi	-11.665210
vicky	-11.665380
drums	-11.665551
wooden	-11.665892
innocence	-11.666233
mouths	-11.667087
bees	-11.667258
creaking	-11.667428
cloth	-11.667599
sasha	-11.667941
unh	-11.668283
skies	-11.668625
painter	-11.668625
allies	-11.668625
miguel	-11.668796
pond	-11.669138
runway	-11.669310
robbie	-11.669481
assist	-11.669823
lana	-11.669823
presented	-11.670509
mona	-11.670680
sickness	-11.670680
civilian	-11.670851
fighters	-11.671023
facebook	-11.671023
customs	-11.671194
florence	-11.671709
remembers	-11.672395
sharks	-11.672739
juliet	-11.672911
shrimp	-11.673598
tore	-11.673598
seventh	-11.674114
ou	-11.674286
avoiding	-11.674974
dawson	-11.675147
isaac	-11.675319
rolled	-11.676008
championship	-11.676008
household	-11.676180
float	-11.676352
chad	-11.676352
ballet	-11.676697
cracking	-11.676870
raj	-11.677042
possessed	-11.677215
harmless	-11.677560
curiosity	-11.677905
vicious	-11.677905
officials	-11.678423
glove	-11.678423
nearest	-11.678769
manny	-11.678942
begged	-11.678942
que	-11.679114
withdraw	-11.679287
shocking	-11.679806
guessed	-11.680498
nightmares	-11.680671
greedy	-11.680671
forehead	-11.680671
corps	-11.680845
pirates	-11.681018
rudy	-11.681018
reservation	-11.681711
hunters	-11.682057
fog	-11.682057
flu	-11.682578
hint	-11.683966
peanut	-11.683966
stark	-11.684140
gamble	-11.684314
erin	-11.684314
autumn	-11.684661
bracelet	-11.684661
contain	-11.684835
arrogant	-11.685531
simpson	-11.686053
piper	-11.686227
knocks	-11.686401
sperm	-11.686749
gesture	-11.686749
materials	-11.686924
lindsay	-11.687621
alexis	-11.687969
ticking	-11.688144
standards	-11.688144
ribs	-11.688493
receipt	-11.689191
regards	-11.689715
whatsoever	-11.690239
homeland	-11.690414
leap	-11.690589
targets	-11.690589
snoring	-11.690764
damon	-11.690764
leaf	-11.690939
jar	-11.691639
brooke	-11.691814
proposed	-11.691989
savage	-11.692514
caring	-11.692514
ivy	-11.692689
approximately	-11.692689
kidnap	-11.693566
carries	-11.693741
bounce	-11.693741
creek	-11.693917
pony	-11.694268
cleaner	-11.694268
businessman	-11.694443
lunatic	-11.694794
unlikely	-11.694970
gal	-11.694970
situations	-11.695145
colony	-11.695145
sells	-11.695497
choi	-11.695673
chambers	-11.695673
volume	-11.696728
sweets	-11.696904
panties	-11.697080
respects	-11.697256
reads	-11.697432
seeds	-11.697784
engage	-11.698136
explosives	-11.698665
stewart	-11.699194
violet	-11.699546
mutual	-11.699546
lighting	-11.699546
scores	-11.699723
lenny	-11.699723
savings	-11.699899
beware	-11.700076
stephanie	-11.700252
educated	-11.700606
complaints	-11.700782
cassie	-11.700959
doomed	-11.700959
offensive	-11.701666
harvest	-11.701843
qualified	-11.702020
relaxed	-11.702373
cape	-11.702373
buffalo	-11.702550
triple	-11.702727
fireworks	-11.703081
palmer	-11.703081
armor	-11.703081
poverty	-11.703258
leadership	-11.703790
rode	-11.704499
ambition	-11.705741
cakes	-11.705918
trousers	-11.706806
bean	-11.706806
melt	-11.706806
racist	-11.707340
bam	-11.707517
ankle	-11.707695
occupied	-11.708407
nicer	-11.708407
correctly	-11.708941
terrifying	-11.708941
hugh	-11.709119
gasp	-11.709297
villain	-11.709297
willy	-11.709297
marc	-11.709832
draft	-11.710189
factor	-11.711438
whew	-11.712152
countess	-11.712152
portrait	-11.712509
suggests	-11.713582
font	-11.713582
blair	-11.713761
learnt	-11.713940
pencil	-11.714836
coordinates	-11.714836
collapsed	-11.715194
reserve	-11.715373
jeffrey	-11.715732
shirts	-11.716270
umbrella	-11.716988
stevie	-11.717347
ta	-11.717347
traveled	-11.717706
auto	-11.717886
logical	-11.717886
chew	-11.717886
eliminate	-11.718245
beverly	-11.718425
carbon	-11.718425
cancelled	-11.718425
crawling	-11.718425
stepping	-11.718425
independence	-11.718425
medium	-11.718785
canceled	-11.718965
tess	-11.719684
fanny	-11.719864
seated	-11.719864
upbeat	-11.720044
asian	-11.720225
drowning	-11.720225
messy	-11.720225
quest	-11.720405
represents	-11.720945
fletcher	-11.720945
memorial	-11.720945
doyle	-11.721306
stressed	-11.721667
bearing	-11.721667
watches	-11.721667
spoon	-11.722388
cooperation	-11.722569
tucker	-11.723291
earthquake	-11.723291
sailing	-11.723472
involve	-11.723653
houston	-11.723833
asia	-11.725281
spectacular	-11.725462
reliable	-11.725462
breach	-11.726005
sophisticated	-11.726367
echo	-11.726549
indicate	-11.726549
swamp	-11.726730
vehicles	-11.726911
manual	-11.727455
elegant	-11.727455
compound	-11.728181
serves	-11.728181
scares	-11.728181
rattling	-11.728363
pursue	-11.728363
dreamt	-11.728544
stefan	-11.728908
revolutionary	-11.729271
wa	-11.729271
rig	-11.729635
convincing	-11.729998
fiona	-11.730180
tribal	-11.730180
cleveland	-11.730362
lex	-11.730544
depth	-11.730544
blaming	-11.731090
aids	-11.731090
elaine	-11.731272
wakes	-11.731272
occur	-11.731819
camping	-11.733278
fart	-11.733278
stamp	-11.733643
kathy	-11.733643
assassin	-11.734191
approved	-11.734191
crucial	-11.734373
annual	-11.734373
torch	-11.734373
dallas	-11.734556
fulfill	-11.734739
bon	-11.734921
resting	-11.735287
reunion	-11.735836
witnessed	-11.736202
graduated	-11.736568
sub	-11.736934
howling	-11.737117
clyde	-11.737300
hospitals	-11.737484
stall	-11.737667
legacy	-11.737850
otto	-11.738034
riot	-11.738034
shops	-11.738217
whereabouts	-11.738217
teenager	-11.738584
samuel	-11.738767
squealing	-11.738951
mines	-11.739134
danced	-11.739134
crowded	-11.739318
orleans	-11.739685
literature	-11.739869
morgue	-11.740052
strongest	-11.740236
agnes	-11.740420
transmission	-11.740788
panel	-11.740971
sole	-11.740971
sequence	-11.740971
sexually	-11.740971
georgie	-11.741339
hugo	-11.741339
denny	-11.741523
smack	-11.741707
congratulate	-11.742075
anxiety	-11.742075
choking	-11.742444
tolerate	-11.742812
mode	-11.743181
communications	-11.743365
welfare	-11.743365
dice	-11.743365
orphan	-11.743549
locks	-11.743918
settlement	-11.743918
advertising	-11.743918
uniforms	-11.744472
mcgee	-11.744472
devoted	-11.744656
shoots	-11.744656
principles	-11.744841
circuit	-11.745025
nickname	-11.745210
dot	-11.745210
elderman	-11.745210
scenario	-11.745395
choir	-11.745579
stunt	-11.746134
smoked	-11.746134
isolated	-11.746319
equally	-11.746503
statements	-11.746688
gil	-11.746873
shaw	-11.747058
lipstick	-11.747058
courtesy	-11.747799
hobby	-11.748169
hesitate	-11.748354
hatch	-11.748354
luis	-11.748540
sylvia	-11.749281
phoned	-11.749281
experiences	-11.749466
popped	-11.749652
quid	-11.750023
fragile	-11.750209
husbands	-11.750394
fiction	-11.750394
persuade	-11.750765
pastor	-11.750765
dolls	-11.750765
pose	-11.750951
ji	-11.750951
ming	-11.750951
rupees	-11.751137
tricked	-11.751323
ruins	-11.751509
sadly	-11.751694
owed	-11.751694
importantly	-11.752438
louie	-11.752624
industrial	-11.752624
musician	-11.753369
labour	-11.753555
evolution	-11.753741
salute	-11.754114
ba	-11.754300
cent	-11.754673
bartender	-11.754859
calendar	-11.754859
hal	-11.754859
miracles	-11.754859
balcony	-11.755605
horny	-11.755979
regard	-11.755979
valerie	-11.756165
fold	-11.756352
organs	-11.756726
nigel	-11.757473
theo	-11.757660
einstein	-11.757660
boris	-11.758034
suitable	-11.758034
inaudible	-11.758596
melody	-11.760469
phillip	-11.760844
movements	-11.760844
differences	-11.761032
barbecue	-11.761219
trading	-11.761782
strongly	-11.761782
fluid	-11.761970
scholarship	-11.762158
translation	-11.762346
cricket	-11.762722
shuttle	-11.762722
moans	-11.762722
quicker	-11.763662
picks	-11.763850
murderers	-11.763850
videos	-11.763850
initial	-11.764038
perimeter	-11.764226
questioned	-11.764414
yea	-11.764414
cousins	-11.764979
divided	-11.765168
linked	-11.765356
laboratory	-11.765922
crab	-11.766676
pulls	-11.766865
landlord	-11.767053
reggie	-11.767053
hostile	-11.767242
classified	-11.767620
cultural	-11.767998
measures	-11.767998
update	-11.769132
cottage	-11.769321
backyard	-11.769321
amateur	-11.769510
chopper	-11.769699
rash	-11.769699
despair	-11.769699
honorable	-11.770078
shiny	-11.770267
hawk	-11.770457
shorts	-11.770457
ni	-11.771025
representative	-11.771215
wong	-11.771215
pouring	-11.771404
distress	-11.771404
tanner	-11.771594
telegram	-11.771783
pimp	-11.771973
dip	-11.771973
trophy	-11.771973
marilyn	-11.772542
hallelujah	-11.772542
neal	-11.772542
es	-11.772542
howdy	-11.772922
misses	-11.773872
flush	-11.774252
magician	-11.774822
dynamite	-11.775013
cuba	-11.775013
conquer	-11.775583
unpleasant	-11.775964
jealousy	-11.776155
regrets	-11.776345
lifted	-11.776726
increased	-11.776917
toxic	-11.776917
broadway	-11.777298
sakes	-11.777870
pudding	-11.777870
rally	-11.778252
needing	-11.778443
bloom	-11.778443
corporation	-11.778634
buys	-11.778634
disorder	-11.778825
interrupting	-11.778825
sadness	-11.779016
needn	-11.779207
cease	-11.779398
barnes	-11.779398
scoundrel	-11.779589
sensible	-11.779780
evans	-11.779780
specialist	-11.779972
dragging	-11.780163
bribe	-11.780545
burke	-11.780737
bothers	-11.780737
interrogation	-11.780928
prescription	-11.781119
referring	-11.781119
knives	-11.781694
graduation	-11.781885
liking	-11.782460
bubbles	-11.782460
grid	-11.782460
haircut	-11.783419
regardless	-11.783803
lodge	-11.783995
poisoning	-11.783995
feathers	-11.784379
edgar	-11.784571
software	-11.784763
marina	-11.785340
sophia	-11.785340
queens	-11.785532
oak	-11.785724
trips	-11.785724
scaring	-11.785916
avery	-11.785916
awhile	-11.785916
sofa	-11.786109
conscious	-11.786301
swords	-11.786494
instincts	-11.786494
deliberately	-11.786686
starve	-11.786879
venus	-11.787071
olive	-11.787071
maniac	-11.788035
psychological	-11.788227
robinson	-11.788613
soo	-11.789192
belle	-11.789192
landscape	-11.789385
straw	-11.789771
dam	-11.790157
mandy	-11.790543
sayin	-11.790737
accuse	-11.790737
rehab	-11.791123
switzerland	-11.791317
agenda	-11.791317
glue	-11.791510
salesman	-11.791510
diner	-11.792091
projects	-11.792284
floors	-11.792478
mainly	-11.792478
biological	-11.792671
sincere	-11.793834
weigh	-11.794028
pad	-11.794222
swiss	-11.794416
cue	-11.794610
witches	-11.794804
opposed	-11.794804
tourists	-11.795580
sneaking	-11.795775
harvard	-11.795775
spying	-11.795969
sketch	-11.796163
parliament	-11.796746
behold	-11.797135
blamed	-11.797330
topic	-11.797330
offices	-11.797719
sacrificed	-11.798303
loop	-11.798498
drivers	-11.798498
battles	-11.798693
blond	-11.798887
plead	-11.798887
races	-11.798887
tanya	-11.799082
salmon	-11.799472
bizarre	-11.799667
rico	-11.799667
isabel	-11.799862
wig	-11.799862
reaches	-11.800057
heights	-11.800057
possibilities	-11.800838
wax	-11.801033
travels	-11.801228
confidential	-11.801228
pursuit	-11.801228
herd	-11.801424
scissors	-11.801424
cd	-11.801619
spies	-11.802010
exams	-11.802010
invention	-11.802010
explaining	-11.802596
replacement	-11.802792
bombing	-11.802792
erik	-11.803379
springs	-11.803575
chelsea	-11.803771
sabrina	-11.803771
kicks	-11.804162
integrity	-11.804358
dash	-11.804750
jae	-11.805142
senate	-11.805142
mentally	-11.805731
flee	-11.805927
gangster	-11.806123
beautifully	-11.806123
roberts	-11.806319
slim	-11.806516
choosing	-11.806909
promising	-11.806909
objective	-11.807105
joyce	-11.807301
altogether	-11.807301
attract	-11.807498
ernie	-11.807695
melanie	-11.807695
prep	-11.807891
neighbours	-11.807891
nailed	-11.807891
briefcase	-11.808088
buzzer	-11.808088
quitting	-11.808481
puppet	-11.808481
restore	-11.808481
dozens	-11.808678
betting	-11.808678
pancakes	-11.808678
corridor	-11.808678
embarrass	-11.808875
visits	-11.809072
database	-11.809072
cheryl	-11.809072
achieved	-11.809465
sucking	-11.809662
encourage	-11.810056
grades	-11.810056
gps	-11.810253
barks	-11.810253
patterns	-11.810648
relevant	-11.811437
mafia	-11.811634
hudson	-11.811634
expense	-11.812029
intact	-11.812226
occasionally	-11.812226
kiddo	-11.812226
heartbeat	-11.812621
identical	-11.812621
cigar	-11.813016
billions	-11.813412
alec	-11.813412
gained	-11.813609
venice	-11.813609
classical	-11.814203
noodles	-11.814401
consistent	-11.814401
clip	-11.814797
resign	-11.814797
insects	-11.814797
failing	-11.814995
organic	-11.814995
seize	-11.814995
charging	-11.815193
mug	-11.815193
iris	-11.815787
crow	-11.816580
ella	-11.816778
fountain	-11.816977
observation	-11.816977
abortion	-11.816977
railroad	-11.817175
straighten	-11.817175
legitimate	-11.817771
sting	-11.817969
youngest	-11.818367
fork	-11.818565
du	-11.818565
flynn	-11.818565
ciao	-11.818764
coroner	-11.818963
jonas	-11.818963
marching	-11.819162
touches	-11.819162
jade	-11.819361
feared	-11.819559
griffin	-11.819559
expedition	-11.819758
forcing	-11.820156
neighbour	-11.821750
digital	-11.821750
deeds	-11.821949
milan	-11.821949
bernie	-11.821949
attic	-11.822149
jr	-11.822548
whores	-11.822548
sentimental	-11.822747
cooler	-11.822747
eun	-11.823346
bert	-11.823346
feds	-11.823546
reese	-11.823546
plea	-11.823746
polly	-11.823945
metres	-11.824545
harmony	-11.824545
difficulty	-11.825345
bands	-11.825345
dried	-11.825345
aunty	-11.825745
maker	-11.825745
randall	-11.825945
supporting	-11.825945
brake	-11.826146
girlfriends	-11.826146
features	-11.826346
photography	-11.826346
vengeance	-11.826546
inappropriate	-11.826546
vacuum	-11.827147
throws	-11.827348
kane	-11.827548
residents	-11.827548
endure	-11.827548
substance	-11.827749
corrupt	-11.827749
potter	-11.827749
investigator	-11.827949
thread	-11.827949
priests	-11.828150
gap	-11.828351
whining	-11.828953
scarf	-11.828953
institution	-11.829355
immortal	-11.829756
marsh	-11.830158
chapel	-11.830360
desperately	-11.830360
accidents	-11.830360
alcoholic	-11.830360
fabric	-11.830762
nazis	-11.831164
railway	-11.831164
sal	-11.831164
dame	-11.831365
rebels	-11.831768
custom	-11.831970
pension	-11.832372
cans	-11.832574
possess	-11.832775
kira	-11.832977
poster	-11.833179
developing	-11.833784
addict	-11.834389
feature	-11.834389
cope	-11.834591
lords	-11.834793
delightful	-11.834995
wrestling	-11.835399
rio	-11.836006
reduce	-11.836410
rescued	-11.837017
peg	-11.837220
mercedes	-11.837625
guaranteed	-11.837828
emotionally	-11.837828
poland	-11.837828
accountant	-11.837828
theories	-11.838030
tumor	-11.838435
automatic	-11.838638
amusing	-11.838638
unnecessary	-11.839044
higgins	-11.839044
voting	-11.839450
buster	-11.839653
stadium	-11.840262
visible	-11.840465
easter	-11.840465
jeep	-11.840465
dj	-11.840668
les	-11.840668
garcia	-11.840871
tracked	-11.840871
ignorant	-11.841278
pledge	-11.841481
deserted	-11.841481
esther	-11.841481
rum	-11.841684
fisher	-11.842091
wheelchair	-11.842295
salvation	-11.842498
lester	-11.842702
wonders	-11.842702
clattering	-11.842905
maintenance	-11.842905
tobacco	-11.843109
underwater	-11.843109
divide	-11.843720
slightest	-11.843924
discount	-11.843924
yoga	-11.843924
vagina	-11.844128
rushing	-11.844128
modest	-11.844332
wes	-11.844740
reduced	-11.844944
whisper	-11.845556
pressing	-11.845556
tops	-11.845556
variety	-11.845760
ignored	-11.845964
helena	-11.845964
writers	-11.846169
grain	-11.846169
essentially	-11.846373
archie	-11.846577
ofthe	-11.846577
individuals	-11.846577
meredith	-11.846577
gavin	-11.846782
subtle	-11.846986
interviews	-11.846986
pinky	-11.848009
cord	-11.848214
sites	-11.848418
brennan	-11.848418
maddie	-11.848828
vienna	-11.848828
issued	-11.849033
lasted	-11.849033
explosive	-11.849443
origin	-11.849647
unto	-11.849853
rogue	-11.850058
superintendent	-11.850468
cody	-11.850468
jacques	-11.850468
ol	-11.850878
challenges	-11.851494
corruption	-11.851700
sullivan	-11.851905
shutter	-11.852111
erase	-11.852522
ski	-11.852933
forensics	-11.853139
flavor	-11.853550
fastest	-11.853550
joon	-11.853962
vet	-11.854168
civilians	-11.854992
lobster	-11.855198
housing	-11.856229
canal	-11.856436
robots	-11.856436
shade	-11.856848
ambitious	-11.857055
orchestra	-11.857468
succeeded	-11.858088
guidance	-11.858088
hence	-11.858295
bella	-11.858915
seoul	-11.858915
jose	-11.859950
inevitable	-11.860365
tick	-11.860572
rival	-11.860987
refuses	-11.861609
purchase	-11.861816
wander	-11.861816
ireland	-11.862024
hanna	-11.862024
hanged	-11.862024
napoleon	-11.863062
elite	-11.863270
craft	-11.863270
cult	-11.863478
whisky	-11.863686
profits	-11.863894
shelf	-11.864518
kai	-11.864518
allowing	-11.864518
chart	-11.864518
accusing	-11.865142
buzzes	-11.865142
weekends	-11.865142
humiliated	-11.865559
hissing	-11.865767
treats	-11.865975
granddaughter	-11.865975
serena	-11.866392
submit	-11.866601
supervisor	-11.866601
sniffing	-11.866809
resident	-11.867018
tearing	-11.867226
obliged	-11.867435
opportunities	-11.867644
knights	-11.867644
hangs	-11.868061
jerusalem	-11.868688
stew	-11.868688
counted	-11.868897
instruments	-11.869315
triumph	-11.869733
nun	-11.869942
frequency	-11.869942
resume	-11.870151
marines	-11.870151
distract	-11.870570
satisfaction	-11.870989
historical	-11.871198
creates	-11.871617
costumes	-11.871827
swedish	-11.871827
lizzie	-11.872246
depending	-11.872875
sour	-11.873085
spark	-11.873085
freely	-11.873295
scotty	-11.873295
freaks	-11.873295
shan	-11.873505
globe	-11.873715
peak	-11.873715
sentenced	-11.873715
fierce	-11.873925
scam	-11.873925
hollow	-11.873925
anton	-11.874135
hoo	-11.874135
concentration	-11.874135
presume	-11.874135
invest	-11.874345
eleanor	-11.874345
radical	-11.874555
protective	-11.874766
smiles	-11.874976
stunning	-11.875607
frustrated	-11.875607
suspenseful	-11.875817
breed	-11.875817
adore	-11.875817
controlling	-11.876028
reagan	-11.876028
pasta	-11.876238
precinct	-11.876449
swallowed	-11.876659
execute	-11.876659
towels	-11.876870
architect	-11.876870
delta	-11.877081
honks	-11.877502
preserve	-11.877924
dose	-11.878135
stove	-11.878557
codes	-11.878768
instantly	-11.878979
bugger	-11.878979
vivian	-11.879190
yoon	-11.879190
doo	-11.880035
haul	-11.880246
orphanage	-11.880458
bolt	-11.881304
autograph	-11.881727
sharply	-11.881727
habits	-11.881939
villagers	-11.881939
cracks	-11.882150
dwight	-11.882150
omar	-11.882362
assembly	-11.882574
meds	-11.882574
marge	-11.882786
magnetic	-11.882998
romans	-11.883422
joshua	-11.883846
sorted	-11.884483
assets	-11.884483
insulted	-11.885332
outstanding	-11.885332
essence	-11.885332
wardrobe	-11.885332
ling	-11.885332
nam	-11.885545
benson	-11.885757
restaurants	-11.885970
disco	-11.886395
flirting	-11.886395
abilities	-11.886820
dolly	-11.886820
handful	-11.886820
mice	-11.887246
pumpkin	-11.887246
bennett	-11.887672
sweating	-11.887885
anchor	-11.888311
thankful	-11.888311
interior	-11.888311
moore	-11.888950
urge	-11.889377
surrounding	-11.889803
strain	-11.890444
curtains	-11.890657
gypsy	-11.890657
tomato	-11.890657
blanche	-11.890657
bonds	-11.890871
compassion	-11.890871
greece	-11.891298
ceo	-11.891512
arabic	-11.891726
examination	-11.891726
participate	-11.892368
veins	-11.892368
cups	-11.892582
additional	-11.892796
sofia	-11.893010
obsession	-11.893010
responsibilities	-11.893224
ridge	-11.893224
intent	-11.893224
axe	-11.893438
reckless	-11.893652
missiles	-11.893866
razor	-11.894509
corners	-11.894509
frightening	-11.894724
rains	-11.894938
mutant	-11.895367
wally	-11.895582
whereas	-11.896226
heavenly	-11.896441
promoted	-11.896441
dang	-11.896656
maiden	-11.897086
comments	-11.897086
batteries	-11.897731
bark	-11.898161
seas	-11.898161
congressman	-11.898591
canyon	-11.899237
casual	-11.899237
rack	-11.899237
expectations	-11.900100
flowing	-11.900962
adjust	-11.900962
decade	-11.901178
pine	-11.901178
tails	-11.901178
baxter	-11.901826
wires	-11.902258
pigeon	-11.902690
finance	-11.903123
respectable	-11.903555
demonstration	-11.903988
prank	-11.904421
appointed	-11.904421
treason	-11.905071
views	-11.905721
violin	-11.905721
stir	-11.905938
lifestyle	-11.906155
realm	-11.906155
monty	-11.906372
roosevelt	-11.906589
missy	-11.906589
fitting	-11.907023
tuna	-11.907240
tuck	-11.907240
inspection	-11.907457
nursing	-11.907675
jared	-11.907892
poop	-11.908109
cardinal	-11.908109
altar	-11.908326
herman	-11.908326
carlo	-11.908326
tourist	-11.908544
conviction	-11.908544
jelly	-11.908979
thrill	-11.908979
lounge	-11.908979
cha	-11.909196
zip	-11.909196
hogan	-11.909414
dimension	-11.909414
choke	-11.909632
backing	-11.909632
pains	-11.909849
bodyguard	-11.909849
rug	-11.909849
jaw	-11.910067
ants	-11.910285
popcorn	-11.910503
courtroom	-11.910721
reynolds	-11.910721
pointless	-11.910721
documentary	-11.911157
donor	-11.911375
mortgage	-11.911375
tunnels	-11.911375
enforcement	-11.911593
demanding	-11.911811
cocks	-11.911811
eliminated	-11.911811
agh	-11.912247
rapidly	-11.912465
refer	-11.912684
shipment	-11.913339
tasted	-11.913339
fails	-11.913339
michel	-11.913558
rushed	-11.913776
ordering	-11.913995
efficient	-11.913995
outrageous	-11.915088
gracious	-11.915745
slaughter	-11.916622
marijuana	-11.916841
monroe	-11.917060
pipes	-11.917279
backed	-11.917499
vest	-11.917718
approached	-11.917718
mechanic	-11.918157
mumbai	-11.918596
arizona	-11.918816
legendary	-11.919256
delayed	-11.919475
resolve	-11.919695
relation	-11.919915
amelia	-11.920355
mechanical	-11.921015
fare	-11.921015
karma	-11.921236
jefferson	-11.921236
chorus	-11.921456
nana	-11.921676
extend	-11.921676
info	-11.922999
saddle	-11.923440
pretended	-11.924102
equals	-11.924544
motherfuckers	-11.924986
artificial	-11.925207
accomplish	-11.925650
burial	-11.925871
lynn	-11.926092
detention	-11.926313
vow	-11.926313
bake	-11.926535
breakdown	-11.926535
dvd	-11.926978
delhi	-11.927642
selected	-11.928751
lightly	-11.928973
dealers	-11.929417
layer	-11.930083
gown	-11.930083
courtney	-11.931417
incoming	-11.932085
reid	-11.932085
countryside	-11.932307
cheaper	-11.932307
smelled	-11.932307
devon	-11.932530
ducks	-11.932530
lethal	-11.932753
swan	-11.932753
attending	-11.932753
moonlight	-11.932976
ropes	-11.933198
dispatch	-11.933198
notebook	-11.933867
punched	-11.933867
identification	-11.934090
contracts	-11.934313
scattered	-11.934313
trusting	-11.935430
susie	-11.935653
prayed	-11.935653
volunteers	-11.936100
remembering	-11.936100
adopt	-11.936323
calvin	-11.936547
worms	-11.936994
consideration	-11.936994
bandits	-11.936994
moses	-11.937218
zombies	-11.937442
lionel	-11.937890
non	-11.938338
transplant	-11.938562
crackling	-11.938786
loneliness	-11.939010
frasier	-11.939010
epic	-11.939683
gladly	-11.939683
marcel	-11.939907
mon	-11.940131
frost	-11.940356
registration	-11.940805
prophet	-11.941254
launched	-11.941254
constitution	-11.942378
roland	-11.943503
claude	-11.943503
sock	-11.943728
dragons	-11.943954
buyer	-11.944179
regulations	-11.944855
mimi	-11.945532
volcano	-11.945758
accomplice	-11.945758
bounty	-11.945983
hotels	-11.946209
favors	-11.946435
opinions	-11.946435
pressed	-11.946661
asylum	-11.946887
blunt	-11.947113
duel	-11.947113
niles	-11.947791
consult	-11.947791
nevertheless	-11.948243
carnival	-11.948243
au	-11.948469
baba	-11.948469
hah	-11.948696
paths	-11.949375
rides	-11.949601
tray	-11.949601
cynthia	-11.949601
te	-11.949601
handcuffs	-11.949601
shannon	-11.949601
barrier	-11.949828
supposedly	-11.950055
faggot	-11.950281
hunch	-11.950962
disposal	-11.950962
yacht	-11.950962
stain	-11.951189
thoughtful	-11.951643
healed	-11.951643
thinkin	-11.951870
syndrome	-11.952097
hairy	-11.952324
kansas	-11.952778
happiest	-11.953006
entertain	-11.953006
ambush	-11.953460
recommended	-11.953460
childish	-11.953460
meter	-11.953915
gilbert	-11.953915
lease	-11.954143
climbed	-11.954370
nadia	-11.954370
unstable	-11.954370
exploded	-11.954826
apollo	-11.955054
rogers	-11.955281
politician	-11.955281
rs	-11.955281
awaits	-11.955509
abraham	-11.955737
evelyn	-11.955965
particles	-11.956193
violation	-11.956193
lined	-11.956421
amazed	-11.956649
lure	-11.956649
lyrics	-11.956878
pod	-11.956878
fran	-11.957106
universal	-11.957106
hulk	-11.958248
drunken	-11.958248
hyah	-11.958248
continuing	-11.958476
goals	-11.958705
warming	-11.959162
dc	-11.959391
chemicals	-11.959391
owl	-11.959620
xena	-11.960078
compromised	-11.960307
grounded	-11.960307
cane	-11.960536
avenge	-11.960994
dexter	-11.960994
phantom	-11.960994
notion	-11.961223
directors	-11.961452
tease	-11.961681
forensic	-11.961681
doe	-11.961681
outcome	-11.961911
slam	-11.961911
shattered	-11.961911
cheque	-11.962140
baked	-11.962140
sought	-11.962599
racket	-11.963058
hammond	-11.963058
rider	-11.963747
exotic	-11.963747
cory	-11.963977
extent	-11.964207
eighth	-11.964207
stack	-11.965357
wheat	-11.965357
shipping	-11.965357
satisfy	-11.965817
kara	-11.966278
departure	-11.966278
finch	-11.966278
blocking	-11.966508
regiment	-11.966969
kin	-11.967431
klaus	-11.967661
surf	-11.968123
kilometers	-11.968815
rises	-11.969046
frighten	-11.969046
abused	-11.969277
gerald	-11.969971
colours	-11.970202
hath	-11.970433
marvin	-11.970665
texts	-11.970665
spaghetti	-11.970665
chester	-11.970665
bosses	-11.971127
elephants	-11.971359
snarling	-11.971359
contained	-11.971359
laurie	-11.971822
arab	-11.971822
bumped	-11.971822
chili	-11.972054
yah	-11.972285
sustained	-11.972749
abducted	-11.972749
panicked	-11.972749
shallow	-11.972981
diving	-11.972981
artie	-11.973213
harriet	-11.973213
generator	-11.973213
federation	-11.973445
mulder	-11.973445
arresting	-11.973677
techniques	-11.973677
feather	-11.973909
printed	-11.974373
untie	-11.974373
jupiter	-11.974606
hay	-11.975768
stalking	-11.975768
conrad	-11.976000
phony	-11.976233
brett	-11.976233
whack	-11.976466
scored	-11.976466
continent	-11.977397
articles	-11.977630
oxford	-11.977863
z	-11.977863
organize	-11.978329
sensors	-11.978562
shanghai	-11.978562
wh	-11.978796
sniper	-11.979262
noisy	-11.979496
framed	-11.979496
horizon	-11.979496
twilight	-11.979729
reflection	-11.979729
masks	-11.980196
godfather	-11.980196
merchant	-11.980430
wages	-11.980430
robe	-11.980663
waist	-11.980663
stinking	-11.981131
disappointment	-11.981131
venture	-11.981833
voyage	-11.982067
curry	-11.982535
ominous	-11.982769
sunlight	-11.982769
oui	-11.983003
overseas	-11.983003
casualties	-11.983003
aaah	-11.983003
mattress	-11.983941
grill	-11.983941
marketing	-11.983941
accepting	-11.984175
occupation	-11.984175
deadline	-11.984175
freed	-11.984175
exhibit	-11.984410
poems	-11.984410
echoing	-11.984644
shin	-11.984644
compliments	-11.984644
til	-11.984879
define	-11.984879
urine	-11.984879
foreman	-11.985114
facial	-11.985348
combined	-11.985818
brody	-11.986288
probation	-11.986523
reject	-11.986758
catches	-11.987935
dances	-11.987935
gemma	-11.987935
pinch	-11.988170
ingredients	-11.988170
ra	-11.988170
hurricane	-11.988641
chatting	-11.988877
mini	-11.989112
heel	-11.989584
adding	-11.989584
bandit	-11.990291
destined	-11.990763
limo	-11.990999
spa	-11.990999
graves	-11.991236
turkish	-11.991236
listed	-11.991472
corpses	-11.991472
matty	-11.991708
evacuate	-11.991708
publish	-11.991708
judith	-11.991944
banned	-11.991944
snaps	-11.991944
cheeks	-11.992181
predict	-11.992417
ohio	-11.992417
holland	-11.992417
confront	-11.992654
utterly	-11.992654
pals	-11.992654
pilots	-11.992654
umm	-11.992654
jonah	-11.992890
ironic	-11.993127
improved	-11.993127
popping	-11.993127
mills	-11.993600
farther	-11.994548
delivering	-11.994548
skipper	-11.995022
flattered	-11.995022
coconut	-11.995259
acknowledge	-11.995970
shuts	-11.996208
sweden	-11.996208
hooray	-11.996445
sip	-11.996445
blessings	-11.996920
grocery	-11.996920
terminal	-11.997395
parks	-11.998109
meaningless	-11.998109
awards	-11.998109
fade	-11.998109
hiring	-11.998346
burton	-11.998584
fees	-11.998584
wretched	-11.998822
krishna	-11.999536
thoroughly	-11.999775
exhibition	-11.999775
spends	-11.999775
denver	-12.000013
winners	-12.000966
doris	-12.000966
luther	-12.001205
disappearance	-12.001205
madrid	-12.001205
supported	-12.001682
advised	-12.001682
regina	-12.002398
supermarket	-12.002398
hereby	-12.002637
pier	-12.002637
shorter	-12.002637
betrayal	-12.002876
philadelphia	-12.002876
christians	-12.003115
psychology	-12.003832
danielle	-12.004072
trent	-12.004311
keeper	-12.004311
detroit	-12.004311
canadian	-12.004311
su	-12.004550
associates	-12.004790
gerry	-12.005029
restless	-12.005748
collector	-12.005987
marvellous	-12.005987
physician	-12.006227
exposure	-12.006227
grudge	-12.006467
lid	-12.007426
followers	-12.007426
glow	-12.007667
submarine	-12.007907
towns	-12.007907
pawn	-12.007907
edith	-12.008387
includes	-12.008627
lu	-12.008868
proposition	-12.008868
joker	-12.009108
spilled	-12.009349
opposition	-12.009349
jang	-12.009349
haley	-12.009349
hose	-12.009589
partnership	-12.009589
usa	-12.010070
timmy	-12.010311
breathes	-12.011034
whoops	-12.011034
astronaut	-12.011274
porch	-12.011757
leonardo	-12.011757
responding	-12.011757
wishing	-12.011757
boil	-12.012239
kneel	-12.012239
tammy	-12.013445
clumsy	-12.013445
rapid	-12.013687
xiao	-12.013687
stevens	-12.013929
invested	-12.014170
janice	-12.014170
roller	-12.014412
thai	-12.014412
justify	-12.014412
garlic	-12.014654
yelled	-12.014895
simone	-12.015137
ammunition	-12.015137
sushi	-12.015379
shaft	-12.015379
definition	-12.015621
gardens	-12.015863
chandler	-12.016348
ne	-12.016590
notify	-12.016590
brady	-12.016590
beasts	-12.016832
setup	-12.016832
greed	-12.017802
dared	-12.018044
unlucky	-12.018287
classroom	-12.018287
treaty	-12.018530
hike	-12.019015
dagger	-12.019015
spine	-12.019744
detect	-12.020230
chow	-12.020473
des	-12.020960
teenagers	-12.021203
handwriting	-12.021203
mock	-12.021447
challenging	-12.021447
salon	-12.021447
virtue	-12.021690
lawsuit	-12.021690
shelly	-12.022177
clap	-12.022177
mustache	-12.022421
offence	-12.022664
med	-12.022664
sultan	-12.022908
attraction	-12.022908
franco	-12.023152
courts	-12.023396
fortress	-12.023396
peel	-12.024128
petrol	-12.024372
disappears	-12.024372
asset	-12.024372
warp	-12.024372
workshop	-12.024616
traps	-12.024860
jeannie	-12.025593
appreciated	-12.025838
condemned	-12.026082
garrett	-12.026327
muttering	-12.026572
shook	-12.026572
naval	-12.026816
egyptian	-12.027061
expand	-12.027306
sunrise	-12.027551
swine	-12.027551
jingle	-12.027551
lordship	-12.027551
peach	-12.027551
filmed	-12.027551
pakistan	-12.028286
oughta	-12.028286
selection	-12.028531
squeaking	-12.028531
condom	-12.028776
sadie	-12.029021
barbie	-12.029267
alongside	-12.029267
risking	-12.029512
democratic	-12.029757
nerd	-12.029757
dancers	-12.029757
crook	-12.030249
mack	-12.030494
grasp	-12.030494
translate	-12.030740
behaving	-12.031231
humiliating	-12.031477
quarrel	-12.031723
lively	-12.031969
fury	-12.031969
policemen	-12.032215
sensei	-12.032215
elders	-12.032215
battlefield	-12.032215
sticky	-12.032461
glen	-12.032461
liu	-12.032707
primitive	-12.032707
reign	-12.032707
eugene	-12.032954
stash	-12.032954
evolved	-12.033200
shifts	-12.033200
unlock	-12.033446
devices	-12.033446
peculiar	-12.033693
talents	-12.033939
anita	-12.033939
foreigners	-12.034186
snacks	-12.034186
mint	-12.034432
pissing	-12.034679
fuse	-12.034679
manuel	-12.034679
towers	-12.034679
freezer	-12.035172
inheritance	-12.035419
villages	-12.035913
beckett	-12.036901
jewel	-12.036901
bollocks	-12.036901
shells	-12.037148
swept	-12.037396
recognition	-12.037643
shovel	-12.038138
artistic	-12.038386
qualities	-12.038881
ferry	-12.039624
darren	-12.040368
misunderstood	-12.040865
portal	-12.040865
atomic	-12.041113
javier	-12.041361
ava	-12.041361
claiming	-12.041858
examined	-12.041858
defensive	-12.041858
kenneth	-12.042106
kat	-12.042355
sensation	-12.042355
ahhh	-12.042355
increasing	-12.042852
fugitive	-12.043101
urban	-12.043350
visions	-12.043847
bathing	-12.044096
gregory	-12.044096
delight	-12.044096
iot	-12.044595
genes	-12.044595
boundaries	-12.045093
caution	-12.045093
ellis	-12.045342
strangled	-12.045342
thorough	-12.045592
ike	-12.045841
bites	-12.046090
nude	-12.046090
tidy	-12.046340
patricia	-12.046340
tate	-12.046590
obligation	-12.046839
ari	-12.047339
clearance	-12.047838
reserved	-12.048088
nasa	-12.048338
spock	-12.049089
marion	-12.049339
reflect	-12.049590
jammed	-12.049590
sleeve	-12.050090
classy	-12.050090
fag	-12.050592
angelo	-12.050842
bradley	-12.051093
bananas	-12.051093
saints	-12.051093
longest	-12.051344
confirmation	-12.051595
mushrooms	-12.051595
cyrus	-12.051845
toni	-12.051845
finals	-12.052347
millionaire	-12.052347
adoption	-12.052599
wired	-12.052850
comet	-12.053101
handing	-12.053101
cheerful	-12.053101
deb	-12.053101
acceptable	-12.053604
realistic	-12.053604
waits	-12.053855
sufficient	-12.053855
cosmic	-12.054107
nolan	-12.054358
gabe	-12.054358
intellectual	-12.054358
vomit	-12.055113
warmth	-12.055617
magnum	-12.055869
associated	-12.056121
alas	-12.056373
engineers	-12.056373
offend	-12.056625
overwhelming	-12.056625
sherry	-12.056625
inherited	-12.056877
antoine	-12.057129
whooping	-12.057634
scars	-12.057634
sheldon	-12.058139
purposes	-12.059402
robbing	-12.059402
refrigerator	-12.059655
instructor	-12.059655
darrin	-12.059655
moms	-12.059655
overtime	-12.059908
percy	-12.060161
laurel	-12.060161
females	-12.060414
sacrifices	-12.061427
representing	-12.062441
drift	-12.062441
ruthless	-12.062695
po	-12.062695
arguments	-12.062948
crappy	-12.062948
musicians	-12.063202
sidney	-12.063710
depressing	-12.063710
lasts	-12.063710
doom	-12.063964
milo	-12.064218
cant	-12.064218
backpack	-12.064726
aisle	-12.064980
insulting	-12.064980
edition	-12.065235
losses	-12.065235
sh	-12.065235
preacher	-12.065489
schmidt	-12.065998
swinging	-12.067016
managing	-12.067271
sinking	-12.067271
lacey	-12.067271
casting	-12.067781
trials	-12.068546
demonstrate	-12.068801
diseases	-12.068801
beggar	-12.069057
amounts	-12.069312
traced	-12.069567
raven	-12.070078
activate	-12.070334
slapped	-12.070590
heroic	-12.071357
roar	-12.071613
queer	-12.071869
uk	-12.072125
matching	-12.072125
trump	-12.072381
resignation	-12.072637
newton	-12.073150
sincerely	-12.073406
stacy	-12.073406
saul	-12.073406
madman	-12.073663
jenkins	-12.073919
poke	-12.073919
spicy	-12.074176
swap	-12.074176
programs	-12.074946
sheer	-12.075203
spaceship	-12.075203
schultz	-12.075203
blink	-12.075203
steer	-12.075460
males	-12.075717
injection	-12.075974
ant	-12.076488
reform	-12.076488
properties	-12.076745
virtually	-12.077002
camps	-12.077002
tapping	-12.077517
tequila	-12.078032
inquiry	-12.078290
fainted	-12.078290
formation	-12.078805
shields	-12.079579
escaping	-12.079579
unemployed	-12.079837
murdering	-12.080095
interviewed	-12.080353
striking	-12.080612
vows	-12.080870
donovan	-12.080870
antique	-12.081128
il	-12.081128
sherlock	-12.081387
puke	-12.081387
hysterical	-12.081645
taller	-12.081645
employment	-12.081904
thats	-12.082162
agrees	-12.082421
dodge	-12.082680
unite	-12.083716
mumbling	-12.083975
rabbits	-12.084493
repeating	-12.084752
mule	-12.084752
locals	-12.084752
neighbourhood	-12.085531
hayes	-12.085790
bats	-12.085790
beliefs	-12.085790
spared	-12.086050
vegetable	-12.086310
liv	-12.086829
bunker	-12.086829
channels	-12.087089
phenomenon	-12.087349
hips	-12.087349
grayson	-12.087869
expelled	-12.088910
camille	-12.089171
languages	-12.089431
iv	-12.089431
premises	-12.089692
pronounce	-12.089953
ng	-12.089953
bridges	-12.090474
ape	-12.090474
julius	-12.090735
bruises	-12.090996
convict	-12.091257
prettier	-12.091518
elections	-12.091779
annoyed	-12.092040
hometown	-12.092040
earrings	-12.092302
discreet	-12.092302
poured	-12.092563
morphine	-12.092563
henderson	-12.093086
jun	-12.093086
narrating	-12.093347
rookie	-12.093347
peanuts	-12.093347
camel	-12.093609
abe	-12.093609
chewing	-12.093871
imagining	-12.093871
runner	-12.093871
hyun	-12.093871
tomatoes	-12.094394
sponsor	-12.094656
fulfilled	-12.095180
probe	-12.095180
karate	-12.095967
grease	-12.096229
dinosaurs	-12.096491
rebellion	-12.096754
marta	-12.097279
lone	-12.097541
nan	-12.097804
underestimate	-12.098330
acres	-12.098593
carlton	-12.099119
hacked	-12.099382
barber	-12.099645
mining	-12.099645
aged	-12.099908
designs	-12.100172
preferred	-12.100435
onions	-12.100435
stray	-12.100435
void	-12.101226
sixteen	-12.101489
slower	-12.101489
hannibal	-12.101489
sabotage	-12.101753
rabbi	-12.101753
concerning	-12.102281
dixon	-12.102281
holt	-12.102809
mannix	-12.103073
noted	-12.103073
peterson	-12.103073
dental	-12.103073
obama	-12.103073
squirrel	-12.103337
committing	-12.103337
werewolf	-12.103337
slipping	-12.103601
matthews	-12.103865
explosions	-12.103865
seo	-12.104394
russ	-12.104394
whitney	-12.104394
ignoring	-12.104659
infinite	-12.104659
cavalry	-12.104659
lam	-12.104923
suzanne	-12.104923
bomber	-12.104923
ruling	-12.105453
boiling	-12.105982
needles	-12.105982
semester	-12.106512
irrelevant	-12.106777
savior	-12.107043
veil	-12.107573
tramp	-12.107573
roberto	-12.107838
deepest	-12.107838
perfection	-12.107838
shutting	-12.107838
iii	-12.108369
tiffany	-12.108369
mentor	-12.108369
branches	-12.108635
enthusiasm	-12.108901
arena	-12.109166
listens	-12.109432
hardware	-12.109432
greatly	-12.109432
battalion	-12.109432
moustache	-12.109698
irresponsible	-12.109698
audio	-12.109964
ga	-12.109964
initiative	-12.110230
sweaty	-12.110230
noel	-12.110496
requests	-12.110762
distraction	-12.110762
parrot	-12.111561
steed	-12.111561
entertaining	-12.111561
whipped	-12.111827
proving	-12.112094
assaulted	-12.112094
piggy	-12.112627
pause	-12.112627
surviving	-12.112627
funding	-12.113160
dinosaur	-12.113160
acquaintance	-12.113160
bedtime	-12.113160
rail	-12.113694
rooster	-12.113694
cowards	-12.113694
hastings	-12.113961
container	-12.114495
lori	-12.114495
secured	-12.114763
tossed	-12.115030
stripper	-12.115030
steele	-12.115297
waving	-12.115565
clamoring	-12.115565
banker	-12.115832
bacteria	-12.115832
indicates	-12.115832
assassination	-12.116100
starring	-12.116635
drawings	-12.116635
cupboard	-12.116635
sanctuary	-12.116635
surgical	-12.116635
pairs	-12.116635
purely	-12.116903
temptation	-12.116903
elderly	-12.116903
geoffrey	-12.116903
vibe	-12.117171
profound	-12.117439
gong	-12.117439
transformed	-12.117439
crop	-12.117439
detailed	-12.117707
scrap	-12.117975
abigail	-12.118243
careless	-12.118779
dove	-12.119048
sloppy	-12.119048
atlanta	-12.119853
hideous	-12.120122
lizard	-12.120659
separation	-12.120928
intern	-12.120928
tab	-12.120928
psych	-12.121197
ranks	-12.121197
parish	-12.121466
booty	-12.121735
peasant	-12.122004
squeal	-12.122004
oooh	-12.122004
comb	-12.122004
bash	-12.122273
restored	-12.122543
platoon	-12.122812
junkie	-12.122812
involves	-12.123351
rupert	-12.123621
norm	-12.124160
carrier	-12.124160
fatty	-12.124160
difficulties	-12.124430
producers	-12.124700
superb	-12.124700
tha	-12.124969
candidates	-12.125239
summoned	-12.125239
refuge	-12.125510
righteous	-12.125510
carolina	-12.125780
onion	-12.126320
natasha	-12.126320
pickup	-12.126591
spells	-12.126861
wesley	-12.126861
carrington	-12.127132
armies	-12.127132
seasons	-12.127402
senor	-12.127402
billie	-12.127402
specialty	-12.128756
thirst	-12.128756
select	-12.129027
rendezvous	-12.129027
smiled	-12.129298
colorado	-12.129570
visa	-12.129841
spice	-12.130112
caller	-12.130384
foods	-12.130384
rational	-12.130384
scottish	-12.130655
cunning	-12.130927
grunt	-12.131198
knot	-12.131198
hairs	-12.131470
payments	-12.131742
granddad	-12.132014
massacre	-12.132014
competitive	-12.132286
herb	-12.132286
mae	-12.132558
immune	-12.133102
grenade	-12.133102
regularly	-12.133102
stakes	-12.133374
kilos	-12.133374
monks	-12.133646
gail	-12.133919
guinea	-12.133919
invent	-12.134191
nursery	-12.134464
protein	-12.134464
elbow	-12.134736
keller	-12.135009
clowns	-12.135282
thirteen	-12.135554
tattoos	-12.135554
flown	-12.135554
mustard	-12.135554
terrace	-12.135827
alter	-12.136100
franz	-12.136373
transportation	-12.136646
lens	-12.136646
alaska	-12.136920
interference	-12.136920
freakin	-12.137193
wont	-12.137193
weep	-12.137193
clive	-12.137193
mourning	-12.137193
crooked	-12.137193
trainer	-12.137466
janitor	-12.137466
gradually	-12.137740
immigration	-12.138013
filth	-12.138013
momma	-12.138013
jackass	-12.138287
cho	-12.138287
reminder	-12.138287
culprit	-12.138287
gabrielle	-12.138560
innit	-12.138834
magistrate	-12.138834
jasmine	-12.139108
womb	-12.139656
texting	-12.139656
injustice	-12.139656
figuring	-12.139930
fracture	-12.140204
insanity	-12.140752
peasants	-12.141026
blossom	-12.141026
etc	-12.141301
agony	-12.141850
sounding	-12.141850
oz	-12.141850
elementary	-12.142399
seized	-12.143499
teaches	-12.143499
lovejoy	-12.143499
phillips	-12.143774
eighteen	-12.143774
shack	-12.144049
teen	-12.144049
definite	-12.144049
scrub	-12.144324
ruler	-12.144875
mold	-12.144875
contents	-12.144875
bitten	-12.145150
antidote	-12.145150
saves	-12.145701
bunk	-12.145977
thor	-12.146529
republican	-12.146529
graveyard	-12.146529
attempts	-12.146804
poirot	-12.146804
aspect	-12.146804
relate	-12.147356
lemonade	-12.147633
flour	-12.147909
nypd	-12.148461
biology	-12.148738
dusty	-12.148738
felony	-12.148738
jax	-12.148738
fundamental	-12.149014
jai	-12.149568
successfully	-12.149844
potentially	-12.149844
donnie	-12.149844
strangely	-12.150121
condoms	-12.150121
quantum	-12.150121
utter	-12.150398
activated	-12.150675
installed	-12.151229
interrupted	-12.151229
discharge	-12.151506
devastated	-12.151506
substitute	-12.151506
splash	-12.151506
julio	-12.151784
exile	-12.152061
aspirin	-12.152061
authentic	-12.152894
summit	-12.153171
beck	-12.153171
addiction	-12.153449
lent	-12.153449
drone	-12.153449
involving	-12.153727
boyfriends	-12.154005
tango	-12.154839
permanently	-12.155117
province	-12.155395
attempting	-12.155952
deceived	-12.156509
triangle	-12.156788
skipped	-12.156788
strawberry	-12.157067
mirrors	-12.157624
preston	-12.158182
overwhelmed	-12.158182
swift	-12.158182
creeps	-12.158741
token	-12.159020
temporarily	-12.159299
poisonous	-12.159299
heidi	-12.159299
diagnosis	-12.159299
ninth	-12.159579
locations	-12.159579
retrieve	-12.159858
robbers	-12.160138
conclusions	-12.160418
joanna	-12.160418
disabled	-12.160418
ira	-12.160977
extension	-12.161257
lining	-12.161257
yuri	-12.161537
freeman	-12.161537
scoop	-12.162097
merlin	-12.162378
bridget	-12.162658
revving	-12.162938
transform	-12.163780
shelby	-12.164061
hospitality	-12.164061
brooks	-12.164341
survey	-12.164341
hunted	-12.164622
cozy	-12.164622
recommendation	-12.164903
providing	-12.165184
microphone	-12.165184
skeleton	-12.165184
muslims	-12.165465
toll	-12.165746
reconsider	-12.166028
creaks	-12.166028
extended	-12.166309
spear	-12.166309
overboard	-12.166309
ai	-12.166872
clinton	-12.167154
petition	-12.167435
baggage	-12.167717
scumbag	-12.167717
tribute	-12.167999
weddings	-12.168281
facilities	-12.168845
bangs	-12.168845
claw	-12.168845
donation	-12.169127
isabelle	-12.169409
traitors	-12.169691
mei	-12.169974
jasper	-12.170256
borders	-12.170821
australian	-12.170821
colby	-12.170821
boxer	-12.171104
whilst	-12.171387
misfortune	-12.171669
elaborate	-12.171669
sights	-12.172235
maestro	-12.172802
mysteries	-12.173085
loosen	-12.173368
gifted	-12.173368
involvement	-12.174219
affects	-12.174502
summon	-12.174502
sherman	-12.174502
churchill	-12.175070
theresa	-12.175070
solitary	-12.175354
wilderness	-12.175354
baltimore	-12.175354
olympic	-12.175354
undo	-12.175638
mechanism	-12.175638
vietnamese	-12.175922
vanish	-12.175922
dome	-12.176206
biting	-12.176206
ronald	-12.176206
texted	-12.176490
sage	-12.177059
yummy	-12.177343
tactics	-12.177343
slack	-12.177343
snapped	-12.177628
weekly	-12.177628
bushes	-12.179337
grandparents	-12.179337
henri	-12.179907
obtain	-12.180192
hart	-12.180192
flights	-12.180763
adventures	-12.181049
hottest	-12.181334
eden	-12.181620
mild	-12.181620
dom	-12.181620
fourteen	-12.181906
smuggling	-12.182191
blend	-12.182191
chancellor	-12.182477
biscuits	-12.182763
gorilla	-12.182763
dynasty	-12.183049
acquired	-12.183336
businesses	-12.183336
countless	-12.183622
fritz	-12.183908
brent	-12.184768
gardener	-12.185054
barracks	-12.185054
flirt	-12.185054
cooks	-12.185054
distorted	-12.185628
carved	-12.186202
jumps	-12.186202
superhero	-12.186202
forests	-12.186776
clapping	-12.186776
psychiatric	-12.186776
snuck	-12.187063
roughly	-12.187063
screamed	-12.187063
raja	-12.187351
disappearing	-12.187351
establishment	-12.187638
whales	-12.187925
lump	-12.188213
dwarf	-12.188213
environmental	-12.188213
mam	-12.188213
pint	-12.188501
loading	-12.188788
diplomatic	-12.188788
exclaims	-12.189076
context	-12.189076
volunteered	-12.189364
risked	-12.189364
gangs	-12.189364
boost	-12.189652
fax	-12.189940
dante	-12.189940
partial	-12.189940
refusing	-12.190516
gaze	-12.190516
rene	-12.190516
nuisance	-12.190805
terrorism	-12.190805
jerome	-12.190805
ungrateful	-12.191093
donate	-12.191093
relieve	-12.191093
grandchildren	-12.191670
felicity	-12.191670
maureen	-12.191959
represented	-12.191959
co	-12.192536
neutral	-12.192536
philippe	-12.192536
workin	-12.192536
steering	-12.192536
rm	-12.192825
presidential	-12.192825
rental	-12.193114
challenged	-12.193114
julien	-12.193403
feeds	-12.193403
je	-12.193692
vegetarian	-12.193692
teasing	-12.193692
surprisingly	-12.193692
iran	-12.193982
shrine	-12.193982
automatically	-12.194271
timer	-12.194271
gasoline	-12.194560
juliette	-12.194560
scouts	-12.195139
millie	-12.195139
google	-12.195139
dorm	-12.195139
athlete	-12.195429
shiva	-12.195719
robber	-12.195719
convent	-12.195719
balloons	-12.196009
crawford	-12.196298
barb	-12.196298
enters	-12.196588
maps	-12.196588
meth	-12.196588
ifyou	-12.196879
fruits	-12.196879
colored	-12.197169
poppy	-12.197459
metro	-12.197459
clarke	-12.197749
fernando	-12.197749
scully	-12.198040
resolved	-12.198911
sessions	-12.198911
conservative	-12.199202
rates	-12.199202
forged	-12.199493
legends	-12.199493
arrows	-12.199784
charley	-12.199784
dismiss	-12.200075
authorized	-12.200657
slavery	-12.200948
attended	-12.201240
flows	-12.201240
employed	-12.201240
decorated	-12.201240
parallel	-12.201240
detected	-12.201240
grove	-12.201531
coverage	-12.201531
hen	-12.201823
pyramid	-12.201823
overall	-12.202114
hum	-12.202406
specially	-12.202406
rebuild	-12.202698
exclaiming	-12.202989
producing	-12.202989
sewing	-12.203281
occasions	-12.203281
boards	-12.203865
trumpet	-12.203865
shaped	-12.204158
matched	-12.204450
ammo	-12.204742
typing	-12.205035
macgyver	-12.205327
blades	-12.205327
thailand	-12.205327
becca	-12.205620
wo	-12.206205
debris	-12.206498
luca	-12.206498
cement	-12.206498
hamlet	-12.206498
nat	-12.206791
communists	-12.206791
showers	-12.207084
tougher	-12.207377
sailors	-12.207377
kitt	-12.207377
comedian	-12.207377
harassment	-12.207671
missus	-12.207964
monitoring	-12.207964
smashing	-12.208257
shaved	-12.208257
inventory	-12.208257
housekeeper	-12.208844
tribes	-12.209432
vile	-12.209725
gotham	-12.210019
imaginary	-12.210019
artillery	-12.210313
ping	-12.210313
cereal	-12.210607
zoom	-12.210902
portion	-12.210902
irony	-12.211196
exceptional	-12.211196
slit	-12.211785
ss	-12.211785
despise	-12.211785
waltz	-12.211785
humour	-12.211785
crashes	-12.212079
gu	-12.212079
stammering	-12.212079
coaches	-12.212668
joo	-12.212668
await	-12.213258
bryan	-12.213258
celebrated	-12.213553
encouraged	-12.213553
devils	-12.214143
gag	-12.214438
telescope	-12.214734
verse	-12.214734
stalin	-12.215029
iet	-12.215324
babysitter	-12.215916
pr	-12.215916
distinguished	-12.216211
licence	-12.216211
addicted	-12.216507
bauer	-12.216507
speeches	-12.216803
wit	-12.216803
programmed	-12.217395
bliss	-12.217395
donny	-12.217395
elsa	-12.217691
com	-12.218284
recorder	-12.218284
hides	-12.218877
shameless	-12.219173
apartments	-12.219173
tipped	-12.219470
turf	-12.219767
tang	-12.220064
tu	-12.220064
discharged	-12.220064
psychologist	-12.220064
duh	-12.220658
delete	-12.220955
jock	-12.220955
wrath	-12.221252
estimate	-12.221549
tutor	-12.221549
jurisdiction	-12.221549
impulse	-12.221847
penguin	-12.221847
tubes	-12.222144
playground	-12.222442
sew	-12.222442
nickel	-12.222442
claws	-12.222442
giants	-12.222739
daring	-12.222739
posters	-12.223335
peacefully	-12.223633
rag	-12.224229
caves	-12.224229
nikita	-12.224229
stern	-12.224527
condolences	-12.224826
ohhh	-12.224826
dearly	-12.225124
humiliation	-12.225422
worldwide	-12.225422
cartoon	-12.225422
disrespect	-12.225721
shhh	-12.226318
underworld	-12.226318
marble	-12.226617
lilly	-12.226617
chun	-12.226617
curly	-12.226916
judged	-12.226916
bidding	-12.227215
erased	-12.227215
confuse	-12.227514
masterpiece	-12.227514
pentagon	-12.227514
oppa	-12.227514
tow	-12.227813
seduce	-12.228113
bathtub	-12.228412
pets	-12.228412
bricks	-12.228412
goa	-12.228412
hotter	-12.228711
regime	-12.228711
contempt	-12.228711
batch	-12.229011
ramsay	-12.229610
speeding	-12.229610
compartment	-12.229610
tackle	-12.229610
wage	-12.229910
shines	-12.230210
lifting	-12.230210
hustle	-12.230510
inmates	-12.230810
km	-12.230810
psst	-12.231110
scooter	-12.231410
relatively	-12.231711
stoned	-12.232011
supernatural	-12.232612
darwin	-12.233214
viewers	-12.233214
lorenzo	-12.233515
treasures	-12.233515
yankee	-12.233515
lang	-12.233816
taco	-12.233816
charts	-12.233816
brigade	-12.234117
bankrupt	-12.234418
marianne	-12.234418
bikes	-12.235021
lookout	-12.235322
merchandise	-12.235322
slippery	-12.235322
duchess	-12.235624
gulf	-12.235624
foam	-12.235925
steals	-12.235925
numerous	-12.235925
ripping	-12.236227
trusts	-12.236227
flock	-12.236227
potion	-12.236227
fiance	-12.236529
glimpse	-12.236529
invincible	-12.236831
compensation	-12.236831
kettle	-12.236831
stroll	-12.237133
trish	-12.237133
brendan	-12.237133
cafeteria	-12.237435
sane	-12.237435
currency	-12.237737
amsterdam	-12.237737
radius	-12.237737
verify	-12.238039
founded	-12.238039
medic	-12.238039
peek	-12.238039
sewer	-12.238341
vernon	-12.238644
callie	-12.238644
bbc	-12.238946
hull	-12.238946
solomon	-12.239249
madonna	-12.239249
toad	-12.240157
powell	-12.240763
maxwell	-12.240763
moose	-12.241067
souvenir	-12.241067
stitch	-12.241370
compass	-12.241370
mercury	-12.241673
locking	-12.241673
edwards	-12.241977
frederick	-12.241977
dislike	-12.241977
stu	-12.242280
rib	-12.242280
pamela	-12.242280
brace	-12.242584
ban	-12.242584
gracias	-12.242888
stitches	-12.243495
thrust	-12.244103
referred	-12.244408
achievement	-12.244408
links	-12.244408
denying	-12.244712
monastery	-12.245016
newly	-12.245321
impatient	-12.245625
recruit	-12.245930
sunk	-12.246844
ignorance	-12.247149
drugged	-12.247149
predicted	-12.247149
floyd	-12.247454
creator	-12.247760
mississippi	-12.248065
civilized	-12.248065
artery	-12.248065
dynamic	-12.248065
competing	-12.248370
buffy	-12.248370
distribution	-12.248981
turk	-12.248981
voiceover	-12.249287
stereo	-12.249287
ethel	-12.249287
ark	-12.249287
carpenter	-12.249287
warner	-12.249287
industries	-12.249593
melted	-12.249593
upsetting	-12.249593
cruz	-12.249899
labs	-12.250205
bluff	-12.250817
bender	-12.250817
unbearable	-12.251123
narcotics	-12.251429
juicy	-12.251429
eerie	-12.251429
ingrid	-12.252042
mwah	-12.252349
slippers	-12.252349
freaky	-12.252656
vip	-12.252962
troop	-12.252962
footprints	-12.253269
dani	-12.253269
pact	-12.253269
apparent	-12.253576
repeated	-12.253576
foreigner	-12.254191
feelin	-12.254805
journalists	-12.255113
employer	-12.255420
penelope	-12.256343
grim	-12.256343
medieval	-12.256343
damien	-12.256651
frustrating	-12.256959
rehearse	-12.256959
travelled	-12.256959
preparation	-12.256959
microwave	-12.256959
denial	-12.257267
flute	-12.257267
juvenile	-12.257267
paddy	-12.257267
retarded	-12.258192
memo	-12.258192
canvas	-12.258192
fa	-12.258501
symbols	-12.258501
mccoy	-12.258501
daly	-12.258501
driveway	-12.258809
funky	-12.259118
kitten	-12.259118
nicest	-12.259427
deceive	-12.259736
negro	-12.260045
chopped	-12.260045
consultant	-12.260045
rifles	-12.260663
heating	-12.260663
rays	-12.260972
architecture	-12.261282
gideon	-12.261282
butch	-12.261591
warmer	-12.262210
contribution	-12.262210
advisor	-12.262520
peoples	-12.262520
groceries	-12.262830
behaved	-12.262830
experiencing	-12.263140
settling	-12.263450
tractor	-12.263760
unacceptable	-12.263760
imitating	-12.263760
squadron	-12.263760
briggs	-12.264070
smallest	-12.264070
ethics	-12.264381
gibson	-12.264381
devotion	-12.264691
plumber	-12.264691
burgers	-12.265001
knots	-12.265001
broom	-12.265001
briefing	-12.265001
curve	-12.265312
informant	-12.265312
applauding	-12.265623
whites	-12.265623
app	-12.265623
andrews	-12.265623
blog	-12.265934
ox	-12.265934
vase	-12.265934
glance	-12.266244
collective	-12.266244
poles	-12.266244
sixty	-12.266244
fantasies	-12.266555
heritage	-12.266555
motherfucking	-12.267178
fisherman	-12.267178
armstrong	-12.267489
nder	-12.267800
complained	-12.268112
nightclub	-12.268423
willow	-12.268735
preliminary	-12.268735
server	-12.268735
provides	-12.269359
mat	-12.269359
appreciation	-12.269671
historic	-12.269671
jorge	-12.269983
promote	-12.269983
processing	-12.269983
naples	-12.270295
pumping	-12.270607
stalker	-12.270607
goats	-12.270920
francine	-12.270920
smokes	-12.270920
introduction	-12.271545
valid	-12.271857
portuguese	-12.271857
negotiations	-12.272170
wheeler	-12.272483
overheard	-12.272483
iove	-12.272483
breeding	-12.272483
barge	-12.272796
refugees	-12.273109
wah	-12.273109
observed	-12.273422
tigers	-12.273422
brothel	-12.274048
missions	-12.274048
ashore	-12.274362
panda	-12.274362
discretion	-12.274362
yale	-12.274675
disappointing	-12.274989
insect	-12.274989
prophecy	-12.275617
wanda	-12.275617
absent	-12.275617
machinery	-12.275617
generals	-12.276245
carrot	-12.276245
ferrari	-12.276245
wrecked	-12.276559
gestapo	-12.276559
greene	-12.276873
suggestions	-12.277502
puff	-12.277816
supportive	-12.278131
punching	-12.278131
lulu	-12.278445
intervention	-12.278445
layers	-12.278445
hughes	-12.278445
scholar	-12.278760
libby	-12.279075
predators	-12.279075
accusations	-12.279075
olympics	-12.279705
accounting	-12.280020
jj	-12.280020
expertise	-12.280336
strap	-12.280336
fitz	-12.280336
darryl	-12.280336
butts	-12.280651
approaches	-12.280967
flags	-12.280967
embarrassment	-12.281282
faking	-12.281914
jamal	-12.281914
vanilla	-12.281914
grapes	-12.282546
dominic	-12.282546
beacon	-12.282546
handkerchief	-12.282546
rubbing	-12.282862
mallory	-12.283178
rustling	-12.283178
lighten	-12.283494
flora	-12.284127
cuban	-12.284127
polar	-12.284127
translator	-12.285077
congrats	-12.285711
passports	-12.285711
grabbing	-12.285711
alf	-12.286028
brotherhood	-12.286028
ernest	-12.286028
professionals	-12.286028
yuan	-12.286346
understandable	-12.286346
banner	-12.286663
academic	-12.286980
thuds	-12.286980
sa	-12.286980
publicly	-12.286980
orphans	-12.286980
pearls	-12.287298
predator	-12.287298
frances	-12.288251
addison	-12.288251
syrup	-12.288887
cartel	-12.288887
nash	-12.288887
walsh	-12.288887
norma	-12.289205
bluffing	-12.289205
permitted	-12.289205
unpredictable	-12.289523
wagner	-12.289842
suspension	-12.289842
addresses	-12.289842
stamps	-12.290160
category	-12.290160
transition	-12.290160
peas	-12.290479
cautious	-12.290479
isabella	-12.290479
comparison	-12.290479
coats	-12.290797
islam	-12.291116
thugs	-12.291754
grams	-12.291754
freshman	-12.292073
toilets	-12.292073
banquet	-12.292392
coup	-12.292711
shaken	-12.292711
investigations	-12.292711
toothbrush	-12.293030
expressed	-12.293350
vulgar	-12.293350
haunt	-12.293989
improvement	-12.293989
zeus	-12.293989
murdoch	-12.294309
smelling	-12.294309
kirby	-12.294949
repairs	-12.295269
jeong	-12.295589
conducted	-12.295589
ollie	-12.295589
bakery	-12.296229
busting	-12.296229
investigated	-12.296550
admission	-12.297191
essay	-12.297191
twitter	-12.297191
depths	-12.297512
fewer	-12.297833
guarding	-12.298154
altered	-12.298154
filing	-12.298154
ecstasy	-12.298154
snatch	-12.298475
stored	-12.298796
tropical	-12.298796
pharmacy	-12.298796
dalton	-12.298796
altitude	-12.299117
admired	-12.299117
dickhead	-12.299117
priya	-12.299117
mamma	-12.299117
moe	-12.299439
grind	-12.299439
bombay	-12.299439
lowest	-12.299439
makin	-12.300082
sentences	-12.300082
mute	-12.300403
scratching	-12.300403
imprisoned	-12.300725
danish	-12.301047
glowing	-12.301369
zhang	-12.301369
martini	-12.301369
leah	-12.301691
empress	-12.301691
equipped	-12.301691
finale	-12.302013
tarzan	-12.302013
storms	-12.302658
sniff	-12.302981
slick	-12.303626
unarmed	-12.303626
violated	-12.303949
vent	-12.303949
dd	-12.304272
breakthrough	-12.304272
stud	-12.304595
addressed	-12.304595
tactical	-12.304595
vessels	-12.304595
procedures	-12.304918
ching	-12.305241
dine	-12.305241
draws	-12.305241
crowds	-12.305888
limb	-12.305888
wool	-12.305888
montana	-12.306212
giovanni	-12.306212
jerks	-12.306535
numb	-12.306859
oceans	-12.307183
priceless	-12.307183
rocking	-12.307183
commanding	-12.307183
relaxing	-12.307183
clatters	-12.307507
merci	-12.307507
gerard	-12.307507
packs	-12.307507
parlor	-12.307831
cabbage	-12.307831
intruder	-12.308155
considerable	-12.308480
argued	-12.308480
paladin	-12.308804
tellin	-12.308804
pupils	-12.309129
inspire	-12.309453
positively	-12.309453
igor	-12.309778
traded	-12.309778
shipped	-12.310103
feminine	-12.310103
vague	-12.310428
partly	-12.310428
insight	-12.310753
lucia	-12.311078
stages	-12.311078
screenplay	-12.311403
marquis	-12.311729
rahul	-12.312054
ripe	-12.312054
awaiting	-12.312705
pigeons	-12.313357
clayton	-12.313357
tempted	-12.313357
inherit	-12.313357
decline	-12.313357
pennsylvania	-12.313357
fang	-12.313357
shitting	-12.313683
tens	-12.313683
gigantic	-12.314009
guv	-12.314009
readings	-12.314009
headmaster	-12.314662
tenth	-12.314662
seals	-12.314988
peyton	-12.314988
avoided	-12.315641
blankets	-12.315968
overlapping	-12.315968
flipped	-12.315968
yield	-12.316295
ads	-12.316295
backstage	-12.316295
quiz	-12.316622
mosque	-12.317276
weaver	-12.317603
puppies	-12.317603
stated	-12.317931
vicki	-12.318258
weirdo	-12.318258
belongings	-12.318258
functions	-12.318586
reservations	-12.318586
chilly	-12.318913
betsy	-12.319241
eldest	-12.319241
traditions	-12.319569
factories	-12.319569
feedback	-12.319569
repeatedly	-12.319569
exquisite	-12.319897
pickle	-12.319897
masses	-12.320225
pauline	-12.320225
frogs	-12.320882
crosses	-12.320882
headaches	-12.321210
arctic	-12.321210
reinforcements	-12.321539
secondary	-12.321868
pajamas	-12.321868
roles	-12.322196
asteroid	-12.322196
unsub	-12.322525
mixing	-12.322525
courier	-12.322854
jeanne	-12.323183
carrots	-12.323183
fuckers	-12.323513
translated	-12.323513
longing	-12.324171
cigars	-12.324171
manipulate	-12.324171
liberal	-12.324501
investors	-12.324501
bun	-12.324501
sly	-12.324501
pickles	-12.324501
temperatures	-12.324831
sweetest	-12.324831
motto	-12.325160
moss	-12.325160
yum	-12.325160
melting	-12.326150
yan	-12.326480
requesting	-12.326480
lava	-12.326811
kris	-12.327141
monthly	-12.327141
noses	-12.327141
tickle	-12.327472
ufo	-12.328133
timothy	-12.328464
stacey	-12.328795
midst	-12.328795
herbert	-12.328795
purchased	-12.329126
tis	-12.329788
convenience	-12.330451
flashlight	-12.330451
dewey	-12.330783
tripped	-12.330783
easiest	-12.331115
shouted	-12.331115
splitting	-12.331115
bryce	-12.331115
commands	-12.331447
demanded	-12.331447
cuff	-12.331778
cosmos	-12.331778
curfew	-12.332111
instructed	-12.332111
notorious	-12.332111
prague	-12.332111
q	-12.332111
streak	-12.332111
equivalent	-12.332111
pitiful	-12.332111
fin	-12.332443
greeting	-12.332775
propaganda	-12.332775
doorstep	-12.332775
hilda	-12.333107
butterflies	-12.333107
fascinated	-12.333107
jude	-12.333440
beatrice	-12.333440
miriam	-12.333773
dumping	-12.333773
karan	-12.334105
condo	-12.334105
fearless	-12.334438
cripple	-12.334771
errand	-12.334771
halls	-12.335104
imitates	-12.335437
harley	-12.335437
ravi	-12.335437
gretchen	-12.335771
sailed	-12.335771
nico	-12.336104
baking	-12.336104
connecting	-12.336104
bourbon	-12.336437
cathedral	-12.336437
malone	-12.336771
bong	-12.337105
tying	-12.337105
lists	-12.337105
strangle	-12.337105
stripped	-12.337439
loans	-12.337439
manchester	-12.337439
briefly	-12.337773
tessa	-12.337773
unfinished	-12.338107
experimental	-12.338107
greeks	-12.338441
lil	-12.338775
mainland	-12.339109
judgement	-12.340113
stammers	-12.340113
pike	-12.340448
liars	-12.340783
slot	-12.340783
amazon	-12.341118
flooded	-12.341453
torment	-12.341453
mermaid	-12.341453
rapist	-12.341453
sanders	-12.341789
triggered	-12.341789
expects	-12.341789
lisbon	-12.341789
reader	-12.342124
keyboard	-12.342124
roam	-12.342459
seventeen	-12.342459
openly	-12.342795
deacon	-12.343131
olga	-12.343131
jackpot	-12.343467
soaked	-12.343803
printing	-12.344139
yuck	-12.344139
shorty	-12.344139
extract	-12.344811
prostitutes	-12.345484
cherish	-12.345484
logs	-12.345821
takin	-12.346158
sponge	-12.346494
bates	-12.346831
cuffs	-12.347506
virginity	-12.347506
torturing	-12.347506
unity	-12.348181
coop	-12.348181
forge	-12.348518
morse	-12.348518
guru	-12.349194
tai	-12.349194
skilled	-12.349869
dev	-12.350208
insists	-12.350208
calf	-12.350546
oof	-12.350546
allowance	-12.350884
homosexual	-12.350884
vijay	-12.351223
shapes	-12.351223
rosemary	-12.351561
idle	-12.351561
slaughtered	-12.351561
resent	-12.351900
cassandra	-12.352578
leaking	-12.352578
likewise	-12.352578
riddle	-12.352917
ghetto	-12.352917
sunglasses	-12.352917
vega	-12.353256
newest	-12.353934
valve	-12.354274
geek	-12.354274
fucks	-12.354274
gangsters	-12.354274
pies	-12.354614
publisher	-12.354953
troubling	-12.354953
trembling	-12.355293
marathon	-12.355293
douche	-12.355293
conducting	-12.355293
sundays	-12.355633
shrieks	-12.355633
fiancee	-12.356994
frankenstein	-12.356994
summers	-12.357335
wei	-12.357335
liang	-12.357335
burglar	-12.357675
spiders	-12.358357
norway	-12.358357
crops	-12.358698
infant	-12.358698
falcon	-12.358698
pursuing	-12.359722
humiliate	-12.359722
hydrogen	-12.360063
karaoke	-12.360063
encountered	-12.360063
alberto	-12.360405
corey	-12.360405
scope	-12.360405
cultures	-12.360746
speakers	-12.361088
superstar	-12.361088
orgasm	-12.361430
byron	-12.361430
gravy	-12.361430
calculations	-12.361430
vocal	-12.361430
severely	-12.361772
hating	-12.361772
novels	-12.362114
mindy	-12.363484
boiled	-12.363827
metaphor	-12.363827
kindergarten	-12.363827
fades	-12.363827
anders	-12.363827
fi	-12.364513
brazilian	-12.364856
devastating	-12.365199
bea	-12.365543
interfering	-12.365886
dripping	-12.366230
ops	-12.366573
cuz	-12.366573
holden	-12.366917
suited	-12.367261
merciful	-12.367261
hayley	-12.367261
affirmative	-12.367261
runaway	-12.367605
shoo	-12.367949
italians	-12.367949
wales	-12.367949
santiago	-12.367949
adapt	-12.367949
renee	-12.368294
mal	-12.368294
smartest	-12.368294
blacks	-12.368294
struggled	-12.368638
prostitution	-12.368983
payback	-12.368983
buenos	-12.369327
vintage	-12.369327
diapers	-12.369672
killings	-12.369672
courthouse	-12.369672
tong	-12.370362
cubs	-12.370362
surfing	-12.370362
indiana	-12.370362
spotlight	-12.370707
frontier	-12.370707
monte	-12.371052
stocks	-12.371398
patterson	-12.372089
holiness	-12.372089
denmark	-12.372089
isolation	-12.372434
starters	-12.372434
resigned	-12.373126
acquainted	-12.373126
meow	-12.373472
appearances	-12.373472
loft	-12.373819
snitch	-12.373819
ribbon	-12.374165
dares	-12.374165
greatness	-12.374511
fallon	-12.374511
coolest	-12.374858
decency	-12.375205
mayday	-12.375551
michigan	-12.375551
reactor	-12.375898
buckle	-12.375898
vanity	-12.375898
simmons	-12.375898
earning	-12.375898
marriages	-12.376593
docks	-12.376593
lopez	-12.377287
alleged	-12.377287
asap	-12.377287
preparations	-12.377635
bugging	-12.377635
conquered	-12.377635
cuckoo	-12.377982
crib	-12.378678
yogurt	-12.378678
secondly	-12.378678
nixon	-12.379026
portland	-12.379026
fishy	-12.379026
flick	-12.379026
scratched	-12.379026
muffin	-12.379374
hale	-12.379374
tailor	-12.379374
chimney	-12.379374
nuns	-12.379722
ezra	-12.379722
packet	-12.379722
homemade	-12.379722
farming	-12.379722
genuinely	-12.380071
rumours	-12.380071
daniels	-12.380071
blouse	-12.380419
kite	-12.380419
buses	-12.380768
hassan	-12.380768
rhyme	-12.380768
invaded	-12.380768
quentin	-12.381117
equation	-12.381465
transmitter	-12.381465
morons	-12.381465
lime	-12.381465
rotting	-12.381465
remorse	-12.381814
otis	-12.382164
marker	-12.382164
aiming	-12.382164
adds	-12.382164
chores	-12.382513
gem	-12.382513
blasted	-12.382513
grabs	-12.382513
courageous	-12.382513
determination	-12.382862
beaver	-12.382862
publishing	-12.382862
crickets	-12.382862
exercises	-12.383561
testament	-12.383561
apocalypse	-12.383911
phew	-12.383911
dicks	-12.384261
paralyzed	-12.384611
headlines	-12.384611
stripes	-12.384961
santos	-12.384961
breaths	-12.384961
abort	-12.385311
heap	-12.385311
ketchup	-12.386012
responded	-12.386362
edmund	-12.386362
gracie	-12.386362
protects	-12.386362
tummy	-12.386713
hog	-12.387064
yakuza	-12.387064
weeping	-12.387064
fragments	-12.387415
catastrophe	-12.387415
bp	-12.388117
churches	-12.388117
pins	-12.388117
shaving	-12.388117
legit	-12.388820
yoo	-12.388820
targeted	-12.389171
simpler	-12.389171
noticing	-12.389523
rover	-12.389523
lars	-12.389523
moreover	-12.389523
releasing	-12.389875
fascist	-12.390227
greta	-12.390227
spitting	-12.390227
colt	-12.390579
tristan	-12.390931
hardy	-12.390931
truce	-12.391636
plaza	-12.391636
bronze	-12.391988
guarded	-12.392694
airline	-12.393047
ramon	-12.393047
incapable	-12.393400
punches	-12.393400
sanchez	-12.394106
hq	-12.394106
privately	-12.394813
vatican	-12.394813
surround	-12.394813
barrett	-12.394813
edna	-12.395167
alvin	-12.395167
consolation	-12.395167
gutter	-12.395167
lan	-12.395521
astonishing	-12.395521
broker	-12.395521
seizure	-12.395521
fright	-12.395874
runnin	-12.395874
leaning	-12.395874
mic	-12.395874
scarlett	-12.396228
berry	-12.396228
paulie	-12.396583
lacking	-12.396583
verge	-12.396583
lucifer	-12.396937
contribute	-12.396937
jewellery	-12.397291
richards	-12.397291
erotic	-12.397646
feng	-12.398355
siblings	-12.398355
est	-12.398355
dre	-12.398355
cass	-12.398710
disk	-12.398710
op	-12.398710
comics	-12.399065
obstacle	-12.399421
ale	-12.399421
coral	-12.399421
hamburger	-12.399776
biscuit	-12.399776
redemption	-12.399776
thug	-12.400131
concussion	-12.400487
martinez	-12.400487
disgust	-12.401554
wright	-12.401910
nsa	-12.402623
arise	-12.402623
celebrities	-12.402623
kev	-12.402979
dolphins	-12.402979
kidneys	-12.403336
leaked	-12.403336
solving	-12.403336
plasma	-12.403693
singapore	-12.404049
scram	-12.404049
regain	-12.404049
conductor	-12.404049
ministers	-12.404049
gender	-12.404406
removing	-12.404763
cocky	-12.404763
richest	-12.405121
deciding	-12.405121
poo	-12.405478
dispute	-12.405835
brute	-12.406193
incidents	-12.406193
telly	-12.406909
capsule	-12.406909
chefs	-12.406909
psychopath	-12.407267
dumpster	-12.407267
lire	-12.407625
jarod	-12.407625
bind	-12.407625
chops	-12.407983
crust	-12.407983
poorly	-12.408341
weighs	-12.408341
bundle	-12.408341
vibrating	-12.408341
ricardo	-12.408700
encouraging	-12.408700
dwayne	-12.408700
polo	-12.408700
singers	-12.409058
ada	-12.409058
meteor	-12.409417
firmly	-12.409417
prettiest	-12.409776
hormones	-12.410135
starboard	-12.410494
chauffeur	-12.410853
download	-12.411213
garrison	-12.411572
recovering	-12.411572
heated	-12.411572
hillary	-12.412292
cctv	-12.412292
postcard	-12.412292
darlin	-12.412292
convert	-12.412292
celia	-12.412292
abi	-12.412292
sissy	-12.412292
reef	-12.412652
treasury	-12.412652
calmly	-12.412652
mathematics	-12.412652
ar	-12.412652
ups	-12.413012
shameful	-12.413372
abbey	-12.413372
strategic	-12.413732
wrists	-12.414092
payroll	-12.414092
beethoven	-12.414453
immense	-12.414814
heartless	-12.414814
magnus	-12.415175
banged	-12.415535
montgomery	-12.415897
protector	-12.416258
michelangelo	-12.416619
teller	-12.416619
raging	-12.416619
applying	-12.416981
mop	-12.416981
sol	-12.416981
atom	-12.416981
paolo	-12.416981
unload	-12.417342
detector	-12.417342
switching	-12.417342
handles	-12.417342
favorites	-12.417342
stinky	-12.417704
lina	-12.417704
norton	-12.418066
regional	-12.418066
heil	-12.418428
richer	-12.418428
secrecy	-12.418428
thighs	-12.418790
rigged	-12.418790
thesis	-12.418790
zeke	-12.418790
consumed	-12.419152
ahold	-12.419152
tuned	-12.419515
atlantis	-12.419877
repaired	-12.419877
leverage	-12.419877
winnie	-12.419877
weary	-12.419877
costa	-12.420240
rue	-12.420240
cowboys	-12.420240
employ	-12.420602
provoke	-12.420602
stool	-12.420602
postpone	-12.420965
extensive	-12.420965
beau	-12.420965
urgently	-12.421328
optimistic	-12.421328
lotus	-12.421328
apologizing	-12.421692
spooky	-12.421692
skate	-12.421692
maze	-12.421692
arrests	-12.422055
dialing	-12.422055
fireplace	-12.422418
gt	-12.422418
vicar	-12.422418
beetle	-12.422418
horace	-12.422418
suspicions	-12.422782
stupidity	-12.422782
restricted	-12.422782
skating	-12.422782
pupil	-12.422782
homo	-12.422782
thumbs	-12.423146
hostess	-12.423509
cheng	-12.423509
sneaky	-12.423873
swollen	-12.423873
por	-12.424237
unlocked	-12.424237
eliza	-12.424237
gladys	-12.424237
mixture	-12.424602
porsche	-12.424966
diagnosed	-12.424966
vaughn	-12.425331
ri	-12.425331
liberation	-12.425331
nay	-12.425695
crows	-12.426425
rockets	-12.426790
starfleet	-12.426790
reindeer	-12.427155
shampoo	-12.427520
milton	-12.427520
mai	-12.427886
skiing	-12.427886
overhead	-12.428251
disturbance	-12.428251
cohen	-12.428617
spits	-12.428617
crank	-12.428617
crocodile	-12.429349
bulls	-12.429349
medals	-12.429349
sierra	-12.429715
motivation	-12.429715
dangers	-12.429715
exploring	-12.429715
mist	-12.430081
galaxies	-12.430448
ju	-12.430448
sculpture	-12.430814
marjorie	-12.430814
adrenaline	-12.430814
malik	-12.430814
allied	-12.431181
manor	-12.431547
convoy	-12.431547
carly	-12.431547
elliott	-12.431547
merit	-12.431914
cutter	-12.431914
stressful	-12.431914
forming	-12.431914
bikini	-12.431914
sway	-12.432649
virgil	-12.433016
soy	-12.433016
nell	-12.433016
salty	-12.433016
elf	-12.433383
belts	-12.433383
yvonne	-12.433383
disney	-12.433383
contractor	-12.433751
rodeo	-12.433751
crackers	-12.433751
playboy	-12.434119
arch	-12.434119
operated	-12.434119
crews	-12.434486
scanner	-12.434486
dads	-12.434486
limbs	-12.434486
bathe	-12.434854
cardiac	-12.434854
persuaded	-12.434854
argentina	-12.434854
velvet	-12.435223
hyde	-12.435223
stem	-12.435223
rewarded	-12.435223
taiwan	-12.435223
warfare	-12.435591
lakhs	-12.435591
filter	-12.435591
pumped	-12.435591
sterling	-12.435959
gran	-12.436328
fills	-12.436328
chet	-12.436696
disc	-12.437065
percentage	-12.437065
bravery	-12.437434
edges	-12.437434
diaper	-12.437434
lyle	-12.437803
ida	-12.437803
preserved	-12.438172
sutton	-12.438542
katrina	-12.438911
champions	-12.438911
partying	-12.438911
sergei	-12.438911
pd	-12.438911
morality	-12.438911
crate	-12.439281
mina	-12.439281
complications	-12.439281
sausages	-12.439651
smoothly	-12.439651
rafael	-12.440021
cradle	-12.440021
leopard	-12.440021
chu	-12.440391
gardner	-12.440761
athens	-12.440761
abu	-12.440761
kramer	-12.441131
magnet	-12.441131
psychotic	-12.441501
vaccine	-12.441872
motivated	-12.441872
aggression	-12.441872
courses	-12.441872
willis	-12.442614
expanding	-12.442985
vance	-12.442985
bases	-12.442985
burglary	-12.443356
stumbled	-12.443356
buns	-12.443356
confronted	-12.443727
geneva	-12.443727
increasingly	-12.443727
sidewalk	-12.443727
shady	-12.443727
defended	-12.444098
resolution	-12.444470
chooses	-12.444470
tapped	-12.444470
exploding	-12.444842
punks	-12.444842
scenery	-12.445213
hitch	-12.445585
severed	-12.445585
wink	-12.445585
initially	-12.445585
assessment	-12.445585
shredder	-12.445957
villains	-12.445957
miners	-12.445957
introducing	-12.446330
focusing	-12.446702
rainy	-12.446702
amendment	-12.446702
getaway	-12.447075
recognised	-12.447075
blackout	-12.447075
leash	-12.447075
muhammad	-12.447075
eyebrows	-12.447447
livin	-12.447447
bouncing	-12.447820
nipples	-12.447820
raft	-12.447820
pharaoh	-12.447820
pots	-12.447820
refreshing	-12.448193
wandered	-12.448193
roz	-12.448193
abel	-12.448193
beatles	-12.448566
confined	-12.448566
contagious	-12.448566
madeline	-12.448939
beijing	-12.448939
frequently	-12.448939
operational	-12.448939
shakes	-12.449313
thanking	-12.449686
suffers	-12.449686
basil	-12.449686
babylon	-12.449686
drilling	-12.450807
agencies	-12.450807
buffet	-12.450807
farms	-12.451181
motives	-12.451181
cocoa	-12.451181
perception	-12.451181
targeting	-12.451930
thudding	-12.452304
blares	-12.453054
dense	-12.453054
pinned	-12.453054
pending	-12.453429
nod	-12.453804
crunch	-12.453804
stains	-12.454179
nervously	-12.454554
caribbean	-12.454929
bouquet	-12.454929
stabbing	-12.454929
screws	-12.455305
boone	-12.455305
philosopher	-12.455305
bulb	-12.455305
sinner	-12.456057
ongoing	-12.456057
editing	-12.456057
veteran	-12.456057
drip	-12.456057
mara	-12.456433
inspiring	-12.456433
gale	-12.456809
flint	-12.456809
nova	-12.456809
nevada	-12.456809
manning	-12.457185
membership	-12.457185
puerto	-12.457562
raphael	-12.457562
chalk	-12.457938
liable	-12.457938
manuscript	-12.457938
organised	-12.457938
clanging	-12.458692
markets	-12.459446
rama	-12.459823
austria	-12.459823
chocolates	-12.459823
trafficking	-12.460201
philly	-12.460578
unaware	-12.460578
loot	-12.460956
perish	-12.460956
processed	-12.460956
clone	-12.460956
whooshing	-12.460956
hangover	-12.461334
flatter	-12.461712
wretch	-12.461712
weasel	-12.461712
columbia	-12.461712
israeli	-12.462090
shatters	-12.462090
lace	-12.462468
indication	-12.462468
allan	-12.462847
cora	-12.462847
drifting	-12.462847
grady	-12.463225
undress	-12.463225
dolphin	-12.463225
faked	-12.463225
depart	-12.463604
monument	-12.463604
tyres	-12.463604
marissa	-12.463983
lorraine	-12.464362
pow	-12.464362
invade	-12.464362
scooby	-12.464362
hazel	-12.464362
rep	-12.464362
heavier	-12.465120
tart	-12.465500
mocking	-12.465500
forgets	-12.465879
sinister	-12.466259
christy	-12.466639
dex	-12.466639
judas	-12.467019
assemble	-12.467019
shortcut	-12.467399
transformation	-12.467779
posts	-12.467779
generosity	-12.467779
amusement	-12.467779
beta	-12.468160
counseling	-12.468540
bobo	-12.468540
honors	-12.468921
snatched	-12.468921
phyllis	-12.468921
measured	-12.468921
gamma	-12.468921
squeals	-12.468921
evidently	-12.468921
mildred	-12.469302
caitlin	-12.469302
dubai	-12.469302
lantern	-12.469302
combine	-12.469683
nero	-12.469683
trey	-12.469683
toughest	-12.470064
limp	-12.470064
implying	-12.470445
matrix	-12.470445
dots	-12.470445
kilometres	-12.470445
evacuation	-12.470827
earliest	-12.471208
incompetent	-12.471208
closure	-12.471590
descent	-12.471590
parachute	-12.471590
analyze	-12.471590
crushing	-12.471590
classmates	-12.471972
excessive	-12.471972
tighter	-12.471972
hump	-12.472354
fuzzy	-12.472354
tad	-12.472354
punishing	-12.472354
pageant	-12.472736
wan	-12.472736
reveals	-12.472736
wildlife	-12.472736
clare	-12.472736
poking	-12.473501
rehearsing	-12.473501
homecoming	-12.473501
swelling	-12.473501
shrieking	-12.473884
squawking	-12.473884
tardis	-12.474267
caine	-12.474267
statues	-12.475033
practiced	-12.475416
christianity	-12.475416
hazard	-12.476183
stretched	-12.476183
dea	-12.476566
trudy	-12.476566
slug	-12.476566
frustration	-12.476566
edie	-12.476950
deception	-12.477334
lillian	-12.477718
trespassing	-12.477718
elimination	-12.477718
comforting	-12.477718
len	-12.477718
preach	-12.477718
practise	-12.477718
damages	-12.478487
exits	-12.478871
yer	-12.478871
appointments	-12.478871
significance	-12.479256
drummer	-12.479256
specimen	-12.479256
voodoo	-12.479256
cleo	-12.479256
misunderstand	-12.479256
asthma	-12.479641
errands	-12.479641
hypocrite	-12.479641
snorts	-12.479641
advocate	-12.479641
cutie	-12.480026
obtained	-12.480026
cristina	-12.480026
radioactive	-12.480026
richmond	-12.480026
ideals	-12.480411
apprentice	-12.480411
unreasonable	-12.480796
inmate	-12.481182
siege	-12.481567
cobra	-12.481953
increases	-12.481953
harbour	-12.481953
illegally	-12.482339
rattle	-12.482725
trim	-12.482725
noodle	-12.482725
antibiotics	-12.483111
mattered	-12.483111
declaration	-12.483111
virtual	-12.483111
intuition	-12.483111
revs	-12.483111
darcy	-12.483497
scales	-12.483497
testified	-12.483884
gigi	-12.483884
bypass	-12.483884
pneumonia	-12.483884
manly	-12.483884
medicines	-12.484271
slowing	-12.484271
groan	-12.484271
dungeon	-12.484271
chaps	-12.484657
ncis	-12.484657
consequence	-12.484657
intercept	-12.484657
badass	-12.484657
examples	-12.485044
fists	-12.485044
klink	-12.485044
substantial	-12.485819
brag	-12.485819
pitcher	-12.485819
onboard	-12.486206
amigo	-12.486206
courtyard	-12.486206
royalty	-12.486593
spontaneous	-12.486593
ca	-12.486593
restroom	-12.486981
peep	-12.486981
negotiating	-12.486981
ache	-12.488533
swat	-12.488533
emerge	-12.488533
gambler	-12.488533
references	-12.488922
bonjour	-12.488922
darkest	-12.488922
insecure	-12.488922
attendant	-12.488922
sympathetic	-12.489310
lila	-12.489699
heroine	-12.490088
choked	-12.490088
unidentified	-12.490477
plumbing	-12.490477
darker	-12.490866
ariel	-12.490866
crude	-12.491255
dictionary	-12.491645
sparks	-12.491645
auditions	-12.491645
demo	-12.491645
oppose	-12.492035
fingernails	-12.492035
mineral	-12.492035
collateral	-12.492035
istanbul	-12.492424
venom	-12.492424
tempting	-12.492424
relay	-12.492814
bamboo	-12.492814
particle	-12.492814
ying	-12.493204
torres	-12.493204
broadcasting	-12.493204
banking	-12.493595
reminding	-12.493985
cassidy	-12.493985
axl	-12.493985
ferguson	-12.494376
estimated	-12.494376
hebrew	-12.494766
electronics	-12.495157
octopus	-12.495157
meaningful	-12.495157
stranded	-12.495157
daytime	-12.495548
dowry	-12.495939
starved	-12.495939
collision	-12.495939
admitting	-12.495939
comeback	-12.495939
hungarian	-12.496331
faculty	-12.496331
operative	-12.496331
liza	-12.496331
tenants	-12.496722
revealing	-12.497114
ko	-12.497505
ounce	-12.497505
mediterranean	-12.497505
gadget	-12.497897
paramedics	-12.497897
console	-12.498289
cyril	-12.498289
drawers	-12.498289
caravan	-12.498682
spinal	-12.498682
bummer	-12.499074
crippled	-12.499467
bled	-12.499467
defy	-12.499859
luna	-12.499859
herbs	-12.500252
hwang	-12.500645
queue	-12.501038
blinded	-12.501038
studios	-12.501038
goddammit	-12.501432
recess	-12.501825
countdown	-12.501825
maddy	-12.501825
dracula	-12.501825
alarms	-12.502219
gaining	-12.502612
quarterback	-12.503006
maxine	-12.503006
eminence	-12.503401
willingly	-12.503401
investigators	-12.503401
speculation	-12.503795
clearer	-12.503795
gino	-12.503795
cheeky	-12.504189
powerless	-12.504189
lapd	-12.504189
cruelty	-12.504584
external	-12.504584
arjun	-12.504978
quarantine	-12.504978
shush	-12.504978
allegations	-12.504978
tito	-12.505768
sands	-12.505768
spelling	-12.505768
che	-12.506163
headline	-12.506559
taliban	-12.506559
tablet	-12.506559
founder	-12.506954
gandhi	-12.506954
squash	-12.507350
josie	-12.507350
jets	-12.507350
saloon	-12.507350
tuition	-12.507746
tame	-12.507746
occasional	-12.507746
apologized	-12.508142
clinical	-12.508142
serpent	-12.508142
criticism	-12.508142
sawyer	-12.508538
fading	-12.508538
viktor	-12.508538
prop	-12.508934
shoved	-12.509331
mend	-12.509331
lonesome	-12.509331
separately	-12.509331
reg	-12.509331
evie	-12.509331
waitin	-12.509727
legion	-12.509727
tsk	-12.510124
arabs	-12.510124
accompanied	-12.510124
tread	-12.510124
findings	-12.510124
toronto	-12.510521
exploit	-12.510918
proposing	-12.510918
shi	-12.510918
scorpion	-12.510918
zoey	-12.511315
curb	-12.511315
opium	-12.511712
athletic	-12.511712
bombed	-12.511712
jumper	-12.512110
weaker	-12.512508
suing	-12.512508
bianca	-12.512906
seminar	-12.512906
confirms	-12.512906
commence	-12.512906
plains	-12.513702
debra	-12.513702
readers	-12.514100
neglected	-12.514100
tavern	-12.514100
worthwhile	-12.514100
morale	-12.514100
cleaners	-12.514100
caviar	-12.514100
welcoming	-12.514100
kimberly	-12.514100
evaluation	-12.514499
occurs	-12.514897
rituals	-12.515296
morton	-12.515695
disguised	-12.515695
precision	-12.515695
cube	-12.516094
revelation	-12.516094
titanic	-12.516094
realizing	-12.516094
doggy	-12.516094
babbling	-12.516493
cheung	-12.517292
dora	-12.517292
tenant	-12.517292
riches	-12.517292
diabetes	-12.517692
alternate	-12.518092
diversion	-12.518492
effectively	-12.518892
dedication	-12.518892
wager	-12.518892
companions	-12.518892
sinclair	-12.519293
bailed	-12.519293
smelly	-12.519293
ratings	-12.519693
trench	-12.519693
cameraman	-12.520094
dillon	-12.520094
hawkins	-12.520495
stanton	-12.520495
ajay	-12.520495
edison	-12.520495
batter	-12.520896
dye	-12.520896
abduction	-12.520896
prospect	-12.520896
morrison	-12.520896
brighter	-12.520896
wider	-12.520896
alma	-12.521297
manslaughter	-12.521297
remedy	-12.521297
damp	-12.521297
thigh	-12.521699
cologne	-12.521699
accusation	-12.521699
outsider	-12.521699
serum	-12.522100
whats	-12.522100
spaces	-12.522100
oral	-12.522502
shades	-12.522502
woe	-12.522502
elise	-12.522904
receipts	-12.522904
alias	-12.522904
notified	-12.523306
apron	-12.523306
kentucky	-12.523708
vein	-12.524110
tonic	-12.524110
squeaks	-12.524110
dim	-12.524513
steep	-12.524513
sod	-12.524513
presenting	-12.524513
cinderella	-12.524513
cub	-12.524915
chung	-12.525318
eyewitness	-12.525721
flattering	-12.526124
overdose	-12.526528
kathleen	-12.526528
doubled	-12.526528
della	-12.527335
suckers	-12.527335
automobile	-12.527738
cain	-12.527738
loo	-12.528142
brittany	-12.528547
bullied	-12.528547
humphrey	-12.528547
tyson	-12.528951
kidnapper	-12.528951
dispose	-12.528951
margarita	-12.528951
hash	-12.529355
grieving	-12.529355
initials	-12.529355
hound	-12.530165
boogie	-12.530165
dawg	-12.530570
perp	-12.530570
cloak	-12.530570
crabs	-12.530975
pastry	-12.530975
successor	-12.531380
hola	-12.531380
michele	-12.531380
cheerleader	-12.531785
slips	-12.531785
critics	-12.532191
recruited	-12.532597
macho	-12.532597
stunned	-12.532597
fuller	-12.533003
mornings	-12.533003
accidental	-12.533815
lara	-12.533815
convey	-12.533815
prototype	-12.533815
superiors	-12.534221
barcelona	-12.534221
fling	-12.534221
froze	-12.534221
atoms	-12.534221
kidnappers	-12.534628
cupcake	-12.534628
athletes	-12.534628
warsaw	-12.534628
pleasures	-12.535035
ax	-12.535442
kumar	-12.535849
uptight	-12.535849
inclined	-12.535849
stockings	-12.536256
scrooge	-12.536256
fingerprint	-12.536663
harmed	-12.536663
sensational	-12.536663
jockey	-12.537071
mourn	-12.537071
intercom	-12.537071
tory	-12.537479
penthouse	-12.537479
forthe	-12.537887
eileen	-12.537887
ginny	-12.537887
quack	-12.537887
peck	-12.538295
gospel	-12.538295
presumably	-12.538703
signatures	-12.539111
hyung	-12.539111
aspects	-12.539111
assumption	-12.539111
rumbles	-12.539520
hugging	-12.539520
sideways	-12.539520
theodore	-12.539929
organisation	-12.539929
lowered	-12.540338
youtube	-12.540338
ct	-12.540338
jaws	-12.540338
troll	-12.540747
squid	-12.540747
designers	-12.540747
mushroom	-12.540747
freeway	-12.541156
believer	-12.541156
possessions	-12.541565
tunes	-12.541975
tornado	-12.541975
cowardly	-12.541975
notch	-12.542385
routes	-12.542385
winters	-12.542795
elijah	-12.542795
annoy	-12.542795
loaf	-12.543205
commercials	-12.543205
idiotic	-12.543205
inconvenience	-12.543615
plum	-12.543615
solicitor	-12.543615
amnesia	-12.544025
deborah	-12.544025
distinct	-12.544025
sweeping	-12.544436
arson	-12.544436
doubted	-12.544436
furthermore	-12.544436
quarry	-12.544847
puss	-12.545669
farts	-12.545669
guo	-12.545669
depot	-12.546080
evenings	-12.546492
ole	-12.546492
circulation	-12.546492
socialist	-12.546492
melinda	-12.546492
dryer	-12.546903
mutters	-12.546903
vomiting	-12.546903
brock	-12.547315
fei	-12.547315
candis	-12.547315
moody	-12.548139
donated	-12.548139
reich	-12.548139
receiver	-12.548139
semen	-12.548551
converted	-12.548964
rags	-12.548964
harness	-12.549376
slate	-12.549376
padre	-12.549376
sonya	-12.549376
necessity	-12.549789
emails	-12.550202
rumpole	-12.550202
orderly	-12.550202
dinners	-12.550202
assassins	-12.550615
scold	-12.550615
certainty	-12.551029
marian	-12.551029
knox	-12.551029
upright	-12.551442
trek	-12.551442
patron	-12.551442
reborn	-12.551856
reel	-12.551856
typewriter	-12.551856
babes	-12.551856
sorrows	-12.551856
utmost	-12.552270
havin	-12.552270
patsy	-12.552684
governments	-12.552684
bhai	-12.552684
privileges	-12.552684
throats	-12.552684
remotely	-12.553098
glee	-12.553098
revolver	-12.553098
lockdown	-12.553098
woof	-12.553512
brunch	-12.553512
dwell	-12.553512
coyote	-12.553512
squat	-12.553927
manic	-12.553927
groove	-12.554341
bangkok	-12.554341
uncovered	-12.554756
mailbox	-12.555171
objections	-12.555171
lynch	-12.555171
scrape	-12.555586
commandant	-12.555586
swings	-12.555586
conventional	-12.555586
stockholm	-12.555586
raises	-12.556002
transaction	-12.556002
iced	-12.556002
oy	-12.556002
paulo	-12.556002
ignition	-12.556002
beaches	-12.556417
interpol	-12.556417
epidemic	-12.557665
honoured	-12.558081
shaggy	-12.558081
friggin	-12.558497
policies	-12.558914
statistics	-12.559331
shattering	-12.559331
bah	-12.559331
intercourse	-12.560582
charms	-12.560582
flashing	-12.560582
destructive	-12.561000
grilled	-12.561000
oregon	-12.561000
copied	-12.561000
hookers	-12.561000
paycheck	-12.561000
solitude	-12.561000
panther	-12.561000
performances	-12.561835
maids	-12.561835
exhausting	-12.561835
lambert	-12.562253
omega	-12.562671
belgium	-12.563089
stationed	-12.563089
yankees	-12.563089
liability	-12.563089
whichever	-12.563508
hunk	-12.563927
trout	-12.563927
crystals	-12.564345
learns	-12.564345
repent	-12.564764
prosperity	-12.564764
literary	-12.565184
assembled	-12.565184
ounces	-12.565603
martyr	-12.565603
northwest	-12.566023
connecticut	-12.566023
privileged	-12.566023
webster	-12.566023
excess	-12.566442
unemployment	-12.567282
viking	-12.567282
blackmailing	-12.567703
munich	-12.567703
install	-12.568123
arrogance	-12.568123
jeopardy	-12.568123
hacker	-12.568123
tongues	-12.568544
pleases	-12.568544
reset	-12.568964
risen	-12.568964
dependent	-12.568964
sued	-12.568964
perkins	-12.568964
goons	-12.569385
macleod	-12.569385
milady	-12.569385
wolfe	-12.569385
abnormal	-12.569807
bandage	-12.569807
heed	-12.569807
mabel	-12.570228
pronounced	-12.570228
bullying	-12.570228
charter	-12.570228
shelley	-12.570649
turks	-12.570649
litter	-12.570649
standby	-12.571071
izzy	-12.571071
ltd	-12.571071
peaches	-12.571493
angles	-12.571493
kerry	-12.571493
baths	-12.571493
generate	-12.571493
cobb	-12.571915
residue	-12.572337
composed	-12.572759
paco	-12.572759
kilo	-12.573182
immigrants	-12.573182
probable	-12.573182
enjoys	-12.574028
seeks	-12.574451
newman	-12.574451
vicinity	-12.574874
flank	-12.575298
der	-12.575298
clint	-12.575298
functioning	-12.575298
horatio	-12.575721
predictable	-12.575721
jedi	-12.576145
scrambled	-12.576145
expansion	-12.576145
pittsburgh	-12.576569
angus	-12.576993
natives	-12.576993
bing	-12.577418
scarlet	-12.577418
itchy	-12.577418
stirring	-12.577418
bedrooms	-12.577418
structures	-12.578267
penn	-12.578267
ensign	-12.578267
barrels	-12.578267
voters	-12.578267
madeleine	-12.578692
geoff	-12.578692
haste	-12.579117
existing	-12.579117
mcdonald	-12.579117
commotion	-12.579117
belonging	-12.579117
extinct	-12.579117
joints	-12.579117
bumper	-12.579117
mao	-12.579542
mare	-12.579542
coleman	-12.579967
influenced	-12.579967
heist	-12.579967
cynical	-12.579967
input	-12.580393
recite	-12.580819
cary	-12.580819
eagles	-12.581245
expired	-12.581245
palms	-12.581245
slash	-12.581245
bottoms	-12.581245
columbus	-12.582097
georges	-12.582524
vous	-12.582524
exaggerate	-12.582951
guided	-12.582951
pineapple	-12.582951
spence	-12.583378
ankles	-12.583805
morals	-12.584232
builds	-12.584232
colleen	-12.584232
posing	-12.584659
fireman	-12.585087
thorn	-12.585087
communities	-12.585087
lawson	-12.585087
workout	-12.585087
extraterrestrial	-12.585515
raylan	-12.585515
conceived	-12.585515
tightly	-12.585515
orlando	-12.585515
tennessee	-12.585515
yeon	-12.585943
diaz	-12.585943
fraser	-12.585943
sleeves	-12.585943
vacant	-12.585943
infantry	-12.585943
gallagher	-12.585943
booking	-12.585943
oranges	-12.586371
rhodes	-12.586799
breakup	-12.586799
layla	-12.586799
purity	-12.587228
honourable	-12.587228
militia	-12.587657
mechanics	-12.587657
mackenzie	-12.588085
bronx	-12.588085
realizes	-12.588944
hasty	-12.588944
colorful	-12.589373
ramp	-12.589373
boulevard	-12.589803
xavier	-12.589803
intriguing	-12.589803
rook	-12.589803
papi	-12.590233
callen	-12.590233
atm	-12.590663
acquire	-12.590663
necks	-12.590663
sinners	-12.590663
gents	-12.590663
episodes	-12.590663
oswald	-12.591093
dedicate	-12.591093
rests	-12.591093
pi	-12.591523
milord	-12.591523
debut	-12.591523
interviewing	-12.592385
occupy	-12.592385
aimed	-12.592816
emerged	-12.593247
sloan	-12.593247
restraining	-12.593247
cod	-12.593678
clarity	-12.593678
daft	-12.593678
islamic	-12.594110
calculated	-12.594110
lakes	-12.594110
grumpy	-12.594541
ki	-12.594541
picasso	-12.594973
eddy	-12.594973
consulting	-12.594973
obstacles	-12.594973
pesos	-12.595405
nicolas	-12.595405
plotting	-12.595405
infirmary	-12.595405
sermon	-12.595837
manipulated	-12.595837
scratches	-12.596270
aidan	-12.597135
deeks	-12.597135
critic	-12.597135
greasy	-12.597135
seung	-12.597568
zealand	-12.597568
supports	-12.598435
anatomy	-12.598868
agreeing	-12.598868
straightforward	-12.599302
prejudice	-12.599302
placing	-12.599302
flare	-12.599736
milky	-12.599736
masterchef	-12.600170
vladimir	-12.600170
premiere	-12.600170
glamorous	-12.600604
cinnamon	-12.600604
syd	-12.600604
referee	-12.601039
threshold	-12.601039
civilisation	-12.601039
sensor	-12.601039
tends	-12.601474
louisa	-12.601909
savages	-12.601909
emil	-12.602344
torpedo	-12.602344
ere	-12.602779
housewife	-12.602779
tours	-12.603214
fossil	-12.603214
replied	-12.603214
abdomen	-12.603214
soak	-12.603214
contestants	-12.603214
stretching	-12.603650
princes	-12.603650
hoffman	-12.603650
truman	-12.604086
bumps	-12.604086
educational	-12.604086
outfits	-12.604522
resurrection	-12.604522
latte	-12.604522
huang	-12.604522
politically	-12.604522
pratt	-12.604522
whoosh	-12.604522
ds	-12.604958
wiser	-12.604958
rejection	-12.604958
clutch	-12.605394
fusion	-12.605394
gloomy	-12.605394
madly	-12.605394
cambridge	-12.605394
cocktails	-12.605394
lighthouse	-12.605831
treatments	-12.605831
chronic	-12.605831
fluids	-12.605831
deleted	-12.606268
sustain	-12.606268
stanford	-12.606268
ahmed	-12.606268
couid	-12.606705
buyers	-12.606705
valet	-12.606705
darius	-12.606705
nobel	-12.607142
sank	-12.607142
southeast	-12.607142
condemn	-12.607142
resemblance	-12.607142
suicidal	-12.607579
wed	-12.607579
packages	-12.607579
taped	-12.607579
avatar	-12.607579
wireless	-12.607579
paddle	-12.608017
lice	-12.608017
tablets	-12.608455
spreads	-12.608455
itch	-12.608455
gibberish	-12.608455
ingredient	-12.608455
emilio	-12.608455
prevented	-12.608892
withdrawal	-12.608892
porno	-12.608892
pry	-12.608892
sexuality	-12.609331
br	-12.609331
vinnie	-12.609331
considerate	-12.610207
sovereign	-12.610646
pas	-12.610646
voicemail	-12.610646
cadet	-12.611085
clarify	-12.611524
immature	-12.611524
marguerite	-12.611963
banished	-12.612403
chemo	-12.612403
nicki	-12.612403
dairy	-12.612842
attach	-12.613282
murdock	-12.613282
sliding	-12.613282
spectacle	-12.613282
pushes	-12.613282
yin	-12.613282
delusional	-12.614163
allegiance	-12.614163
slope	-12.614163
pooja	-12.614163
awareness	-12.614603
jed	-12.614603
decker	-12.614603
dino	-12.614603
roaming	-12.615044
shores	-12.615044
competitors	-12.615484
tomas	-12.615484
overreacting	-12.615484
observing	-12.615484
paste	-12.615925
wits	-12.615925
fiery	-12.615925
typically	-12.616367
eclipse	-12.616367
produces	-12.616808
oysters	-12.616808
scraping	-12.617250
pros	-12.617691
impose	-12.618133
revenue	-12.618133
alabama	-12.618133
departed	-12.618576
user	-12.618576
cracker	-12.619018
hu	-12.619018
undoubtedly	-12.619018
arnie	-12.619018
mozart	-12.619018
dent	-12.619461
charmed	-12.619461
spiral	-12.619461
scans	-12.619903
hmmm	-12.619903
ka	-12.619903
louisiana	-12.620346
rumour	-12.620346
kirsten	-12.620346
touchdown	-12.620789
nadine	-12.620789
posh	-12.620789
correction	-12.620789
mornin	-12.620789
chubby	-12.621233
manifest	-12.621233
safest	-12.621676
steroids	-12.621676
fleeing	-12.621676
genie	-12.621676
dakota	-12.622120
witchcraft	-12.622564
archives	-12.622564
trance	-12.622564
symphony	-12.623008
traumatic	-12.623008
rocco	-12.623008
skipping	-12.623453
frequent	-12.623453
modeling	-12.623897
sporting	-12.623897
affecting	-12.623897
spacecraft	-12.623897
negotiation	-12.623897
talbot	-12.624342
reno	-12.624342
benton	-12.624342
calculate	-12.624342
fiddle	-12.624342
sails	-12.624787
stein	-12.625232
persistent	-12.625232
despicable	-12.625232
bruise	-12.625232
salem	-12.625677
escapes	-12.626123
mischief	-12.626123
mckay	-12.626569
cupcakes	-12.626569
brussels	-12.627014
arc	-12.627014
ripper	-12.627014
ritchie	-12.627461
vitamins	-12.627461
cognac	-12.627461
careers	-12.627907
sim	-12.627907
caps	-12.627907
imbecile	-12.627907
steaks	-12.627907
cove	-12.628353
lair	-12.628353
directing	-12.629247
stepfather	-12.629247
slammed	-12.629247
viral	-12.629694
congregation	-12.629694
illinois	-12.629694
helicopters	-12.630589
coco	-12.630589
crisp	-12.630589
outrage	-12.631037
flexible	-12.631037
goo	-12.631037
licking	-12.631037
funk	-12.631485
prefers	-12.631485
tao	-12.631933
captive	-12.631933
montreal	-12.631933
zen	-12.631933
cee	-12.631933
knuckles	-12.631933
canteen	-12.631933
credibility	-12.632381
disconnected	-12.632381
flats	-12.632381
controversial	-12.632381
enthusiastic	-12.632830
janey	-12.632830
cork	-12.633278
priorities	-12.633278
acute	-12.633278
icy	-12.633278
wormhole	-12.633727
flyer	-12.633727
bladder	-12.633727
caretaker	-12.634626
pep	-12.634626
roommates	-12.634626
programming	-12.635075
grape	-12.635075
astronauts	-12.635075
drained	-12.635525
metallic	-12.635525
sergio	-12.635525
seldom	-12.635525
destroys	-12.635525
riders	-12.635975
poetic	-12.635975
hacking	-12.635975
transported	-12.636425
contaminated	-12.636425
duct	-12.637326
dimensions	-12.637326
insensitive	-12.637326
echoes	-12.637326
initiate	-12.637777
nonetheless	-12.637777
emmett	-12.637777
grinding	-12.637777
composition	-12.638228
adjourned	-12.638228
indulge	-12.638679
wrench	-12.638679
flaw	-12.638679
messiah	-12.638679
concluded	-12.639130
accustomed	-12.639130
napkin	-12.639130
movin	-12.639582
doorway	-12.640034
muddy	-12.640486
steph	-12.640486
saturn	-12.640938
intentionally	-12.640938
chiming	-12.641390
canned	-12.641390
appearing	-12.641390
ballistics	-12.641843
nicked	-12.641843
suction	-12.642296
hideout	-12.642296
startled	-12.642296
replacing	-12.642296
solemn	-12.642296
pillows	-12.642296
submitted	-12.642749
francesca	-12.642749
override	-12.642749
carver	-12.643202
lea	-12.643202
mateo	-12.643202
mosquito	-12.643655
fragrance	-12.644109
pennies	-12.644109
detained	-12.644109
meadow	-12.644563
chopping	-12.644563
satellites	-12.645017
cables	-12.645017
youngsters	-12.645017
needy	-12.645017
refugee	-12.645017
luc	-12.645471
whitey	-12.645471
inhabitants	-12.645925
yun	-12.645925
harassing	-12.645925
ro	-12.646380
interpretation	-12.646380
burying	-12.646380
bree	-12.646835
incomplete	-12.646835
blimey	-12.647290
titan	-12.647745
retard	-12.648201
agatha	-12.648201
dilemma	-12.648201
mutt	-12.648201
prominent	-12.648201
temples	-12.648201
hoover	-12.648656
lindsey	-12.649112
cesar	-12.649112
temp	-12.649112
consul	-12.649112
hairdresser	-12.649568
planting	-12.649568
drones	-12.649568
justified	-12.650025
jensen	-12.650025
stuffing	-12.650025
norwegian	-12.650025
dork	-12.650481
stalling	-12.650481
birthdays	-12.650938
intimacy	-12.650938
tucked	-12.650938
examiner	-12.650938
qualify	-12.650938
imminent	-12.650938
masked	-12.650938
diesel	-12.651395
meditation	-12.651395
bulk	-12.651395
allie	-12.651395
prosecute	-12.651395
mumbles	-12.651395
defined	-12.651852
oklahoma	-12.652309
paw	-12.652309
default	-12.652767
crawled	-12.652767
doughnuts	-12.653225
margot	-12.653225
haunting	-12.653225
staircase	-12.653683
advances	-12.653683
solutions	-12.653683
plaster	-12.654141
proceedings	-12.654141
amends	-12.654599
fraternity	-12.654599
freud	-12.655058
cannons	-12.655058
kendall	-12.655058
armored	-12.655058
colonies	-12.655517
perez	-12.655517
birdie	-12.655517
volcanic	-12.655517
samson	-12.655976
cleopatra	-12.655976
carve	-12.655976
fishermen	-12.656435
brink	-12.656435
playin	-12.656894
martian	-12.656894
hybrid	-12.656894
knockout	-12.656894
chunk	-12.657354
constructed	-12.657354
confiscated	-12.657814
interrogate	-12.657814
voyager	-12.658274
oprah	-12.658274
commerce	-12.658274
tasks	-12.658274
precaution	-12.658734
printer	-12.658734
finishes	-12.659195
rossi	-12.659195
boob	-12.659195
nagging	-12.659656
stephens	-12.660117
hag	-12.661039
skinner	-12.661039
lunchtime	-12.661039
imported	-12.661039
transcript	-12.661501
iife	-12.661962
conceal	-12.661962
holler	-12.661962
chug	-12.662424
silas	-12.662887
paranoia	-12.662887
compelled	-12.662887
styles	-12.662887
airborne	-12.663349
sentiment	-12.663349
syria	-12.663349
pea	-12.663349
babysitting	-12.663812
improving	-12.663812
hare	-12.664275
connects	-12.664275
withdrawn	-12.664275
staged	-12.664275
englishman	-12.664738
hopkins	-12.664738
pumps	-12.664738
admirable	-12.664738
vouch	-12.664738
indicated	-12.664738
reviews	-12.664738
kristen	-12.664738
yuki	-12.665201
vey	-12.665201
trivial	-12.665664
parcel	-12.666128
scroll	-12.666592
desired	-12.666592
appealing	-12.667056
weighed	-12.667056
designated	-12.667056
bubba	-12.667521
imprisonment	-12.667521
ferris	-12.667985
fleming	-12.667985
cooling	-12.668450
containing	-12.668915
giles	-12.668915
impressions	-12.668915
advantages	-12.669380
cartwright	-12.669380
uncertain	-12.669380
deliberate	-12.669846
anticipated	-12.669846
isolate	-12.669846
tighten	-12.669846
corporations	-12.670311
petra	-12.670311
venue	-12.670311
irritating	-12.670777
revolt	-12.671243
whatcha	-12.671243
lunar	-12.671710
rightful	-12.671710
bombers	-12.671710
southwest	-12.671710
maine	-12.672176
marvel	-12.672176
chained	-12.672176
colder	-12.672643
tit	-12.672643
snooping	-12.672643
trunks	-12.672643
sully	-12.673110
excused	-12.673110
seduced	-12.673110
communicating	-12.673577
beams	-12.673577
bloodshed	-12.673577
offender	-12.673577
offspring	-12.674044
monstrous	-12.674044
bruising	-12.674044
doorman	-12.674512
prohibited	-12.674512
props	-12.674512
penetrate	-12.674980
intervene	-12.674980
tobias	-12.674980
osaka	-12.674980
aiden	-12.674980
niggers	-12.675448
cairo	-12.675448
jonny	-12.675916
patriot	-12.675916
bowls	-12.675916
rufus	-12.675916
barton	-12.676385
surgeons	-12.676385
pits	-12.676385
infamous	-12.676385
crooks	-12.676853
shag	-12.676853
lettuce	-12.676853
exaggerating	-12.677322
inferior	-12.677322
zac	-12.677322
foryou	-12.677322
boredom	-12.677791
amos	-12.678261
tolerance	-12.678261
cashier	-12.678261
polls	-12.678730
caliber	-12.678730
underpants	-12.679200
katy	-12.679200
seller	-12.679200
sensed	-12.679200
vertical	-12.679670
dart	-12.679670
sections	-12.679670
zipper	-12.679670
gabby	-12.680141
shankar	-12.680141
acceptance	-12.680141
traveler	-12.680141
timeline	-12.680611
emerald	-12.680611
gays	-12.680611
pc	-12.681082
hassle	-12.681553
thrilling	-12.681553
hopeful	-12.682024
stokes	-12.682024
sneakers	-12.682024
conditioning	-12.682024
supporters	-12.682495
rodriguez	-12.682495
teal	-12.682495
insults	-12.682495
instruction	-12.682495
flipping	-12.682967
clatter	-12.682967
flaming	-12.682967
freight	-12.683439
representatives	-12.683439
invitations	-12.683911
undressed	-12.683911
lucille	-12.683911
boiler	-12.684383
edo	-12.684383
uneasy	-12.684383
oneself	-12.684383
alfredo	-12.684383
benedict	-12.684383
davey	-12.684383
davies	-12.684383
efficiency	-12.684383
gomez	-12.684855
yelps	-12.684855
counterfeit	-12.685328
afterlife	-12.685328
smiley	-12.685328
twat	-12.685328
eccentric	-12.685328
wand	-12.685801
vi	-12.685801
memphis	-12.685801
consume	-12.686274
praised	-12.686274
formidable	-12.686274
luthor	-12.686274
lesser	-12.686274
gel	-12.686274
surrendered	-12.686274
welcomed	-12.686274
wendell	-12.686747
tee	-12.686747
launching	-12.686747
cocksucker	-12.687221
crores	-12.687695
downs	-12.687695
retiring	-12.687695
spears	-12.687695
vikram	-12.688169
authorization	-12.688169
outsiders	-12.688169
pancake	-12.688169
probability	-12.688643
accessory	-12.688643
peters	-12.689118
deported	-12.689118
contrast	-12.689118
hooks	-12.689592
remarks	-12.689592
liaison	-12.689592
blokes	-12.689592
crater	-12.689592
distribute	-12.690067
vocalizing	-12.690067
adele	-12.690067
chiefs	-12.690067
photographed	-12.690067
rehearsals	-12.690067
salvatore	-12.690067
whoop	-12.690067
credits	-12.690543
shalt	-12.691018
hup	-12.691018
stability	-12.691018
woken	-12.691494
stench	-12.691494
taps	-12.691494
flea	-12.691494
compelling	-12.691969
dolores	-12.691969
strawberries	-12.691969
allright	-12.691969
convictions	-12.692445
hubby	-12.692922
threatens	-12.692922
suburbs	-12.693398
clocks	-12.693398
peacock	-12.693398
bragging	-12.693398
gabi	-12.693875
hurrah	-12.693875
moo	-12.694352
silently	-12.694829
subconscious	-12.694829
fatso	-12.694829
pluck	-12.694829
reactions	-12.694829
lacks	-12.694829
adolf	-12.695307
mira	-12.695307
refined	-12.695307
lays	-12.695307
bungalow	-12.695784
surge	-12.695784
practices	-12.696262
precautions	-12.696262
thanked	-12.696262
jody	-12.696740
uranium	-12.696740
carolyn	-12.696740
menace	-12.696740
ernesto	-12.696740
fractured	-12.697219
christie	-12.697219
aka	-12.697219
cone	-12.697697
sauna	-12.697697
extinction	-12.698176
randolph	-12.698176
bonding	-12.698176
equality	-12.698176
bourgeois	-12.698655
insert	-12.698655
csi	-12.698655
kiki	-12.699134
teens	-12.699134
downhill	-12.699134
pedal	-12.699134
levi	-12.699614
peru	-12.699614
stables	-12.699614
irving	-12.699614
buddhist	-12.700094
ambitions	-12.700094
terrain	-12.700094
turbo	-12.700094
hae	-12.700574
screening	-12.701054
mu	-12.701054
riots	-12.701054
coaching	-12.701054
explodes	-12.701054
premature	-12.701054
lsn	-12.701534
undone	-12.701534
qi	-12.701534
communism	-12.702015
fitted	-12.702015
treacherous	-12.702496
inspect	-12.702977
hurray	-12.703458
irresistible	-12.703458
joanne	-12.703458
elias	-12.703458
northeast	-12.703458
sparrow	-12.703458
gypsies	-12.703940
performer	-12.703940
brew	-12.703940
titles	-12.704422
ingenious	-12.704422
snapping	-12.704422
turd	-12.704422
challenger	-12.704904
baghdad	-12.705386
bulletin	-12.705386
preview	-12.705868
jinx	-12.705868
immortality	-12.705868
recruits	-12.705868
ditched	-12.705868
tempt	-12.705868
procession	-12.705868
eduardo	-12.706351
melon	-12.706834
weaknesses	-12.706834
aires	-12.706834
knob	-12.706834
domain	-12.707317
conclude	-12.707317
dresser	-12.707801
bao	-12.707801
berries	-12.707801
straining	-12.708285
beads	-12.708285
windy	-12.708285
patent	-12.708768
merchants	-12.708768
profitable	-12.709253
ryder	-12.709253
prisons	-12.709253
salvage	-12.709737
mentioning	-12.709737
lass	-12.709737
tox	-12.710222
sonja	-12.710222
poof	-12.710222
productive	-12.710222
hosting	-12.710706
doth	-12.710706
ewing	-12.710706
derby	-12.710706
goldfish	-12.710706
capitol	-12.711191
leisure	-12.711191
buff	-12.711191
illusions	-12.711677
notices	-12.711677
odin	-12.711677
springfield	-12.711677
tracker	-12.712162
kyoto	-12.712162
peed	-12.712162
vitamin	-12.712648
heave	-12.712648
bryant	-12.712648
dickie	-12.712648
goodwill	-12.712648
euro	-12.712648
strapped	-12.713134
boar	-12.713134
slater	-12.713134
bogus	-12.713134
rhymes	-12.713620
brunette	-12.713620
jab	-12.713620
hippie	-12.713620
ting	-12.714107
incidentally	-12.714107
gi	-12.714594
webb	-12.715081
compensate	-12.715081
tasting	-12.715081
outbreak	-12.715568
sow	-12.715568
hallucinations	-12.715568
golly	-12.716055
factors	-12.716055
pyramids	-12.716055
copenhagen	-12.716055
hiv	-12.716055
dandy	-12.716543
detour	-12.716543
desperation	-12.716543
wrestle	-12.716543
entrusted	-12.716543
parting	-12.716543
resisting	-12.716543
err	-12.716543
bursting	-12.717031
warrants	-12.717031
savannah	-12.717031
concealed	-12.717519
dreamer	-12.717519
mandatory	-12.717519
gagging	-12.717519
finances	-12.718007
nightingale	-12.718007
lamps	-12.718496
grenades	-12.718496
premier	-12.718496
squire	-12.718496
periods	-12.718985
uhm	-12.719474
kgb	-12.719474
parasite	-12.719474
borrowing	-12.719474
rodrigo	-12.719963
influential	-12.719963
mammy	-12.719963
absorb	-12.719963
investments	-12.720453
cece	-12.720453
concentrated	-12.720453
tyrant	-12.720453
laps	-12.720453
underestimated	-12.720453
measuring	-12.720943
origins	-12.720943
applies	-12.720943
britney	-12.720943
exchanged	-12.720943
portugal	-12.720943
niggas	-12.721433
maths	-12.721433
decorations	-12.721433
orion	-12.721923
pepe	-12.722414
kyung	-12.722414
ownership	-12.722414
tweet	-12.722414
raspberry	-12.722905
racial	-12.722905
firstly	-12.722905
suv	-12.723396
intimidated	-12.723396
skunk	-12.723396
parsons	-12.723396
nearer	-12.723887
yong	-12.723887
audible	-12.723887
bmw	-12.724379
communion	-12.724379
whinnies	-12.724379
hindu	-12.724870
leroy	-12.724870
sphere	-12.725362
renaissance	-12.725362
anomaly	-12.725362
pursued	-12.725362
klein	-12.725362
chant	-12.725855
outlaw	-12.725855
surname	-12.725855
penguins	-12.725855
awarded	-12.725855
mid	-12.725855
classmate	-12.726347
applications	-12.726347
emmy	-12.726840
subtitle	-12.726840
laden	-12.727333
economics	-12.727333
ballroom	-12.727826
sinned	-12.727826
shortage	-12.727826
mort	-12.727826
phenomenal	-12.727826
czech	-12.727826
maneuver	-12.727826
tremble	-12.727826
hooking	-12.728319
screeches	-12.728319
moons	-12.728319
ae	-12.728813
sweetness	-12.729307
disrespectful	-12.729307
dane	-12.729307
consulate	-12.729307
bounced	-12.729307
parenting	-12.729801
robberies	-12.729801
remark	-12.730296
hilary	-12.730296
logo	-12.730296
describing	-12.730296
scalpel	-12.730296
cecilia	-12.730790
strangest	-12.730790
jaime	-12.730790
seymour	-12.730790
competent	-12.730790
bein	-12.730790
bi	-12.731285
lectures	-12.731285
basics	-12.731285
texture	-12.731780
leftovers	-12.731780
wimp	-12.731780
conquest	-12.731780
norris	-12.731780
mounted	-12.731780
pens	-12.731780
contestant	-12.731780
algorithm	-12.732276
columns	-12.732276
chile	-12.732276
wails	-12.732276
decree	-12.732772
jeremiah	-12.732772
rewrite	-12.732772
momentum	-12.732772
cadillac	-12.733267
attorneys	-12.733267
apes	-12.733267
captioning	-12.733267
desmond	-12.733764
lesbians	-12.733764
fairies	-12.733764
monitors	-12.734260
hua	-12.734260
weighing	-12.734260
roasted	-12.734260
discovering	-12.734260
alzheimer	-12.734260
subpoena	-12.734260
foe	-12.734757
hicks	-12.734757
cm	-12.734757
circuits	-12.735254
nag	-12.735254
hiking	-12.735254
stepmother	-12.735254
personalities	-12.735751
formally	-12.735751
revive	-12.735751
unnatural	-12.735751
pip	-12.736248
betraying	-12.736248
renting	-12.736248
prizes	-12.736248
onstage	-12.736248
comfy	-12.736248
heath	-12.736746
marrow	-12.736746
blaine	-12.736746
minority	-12.736746
marcos	-12.737244
portable	-12.737244
popularity	-12.737244
telegraph	-12.737742
hayden	-12.737742
hesitation	-12.737742
sylvester	-12.737742
alistair	-12.738240
cluster	-12.738240
grandad	-12.738240
jog	-12.738739
slay	-12.738739
sparkling	-12.739238
shithead	-12.739238
tiring	-12.739238
ooo	-12.739238
germs	-12.739238
fuhrer	-12.739737
handbag	-12.739737
unlimited	-12.739737
thumping	-12.739737
vinegar	-12.739737
splinter	-12.739737
supposing	-12.740236
faults	-12.740236
remarkably	-12.740236
sketches	-12.740236
nineteen	-12.740736
enchanted	-12.740736
hari	-12.740736
respectful	-12.740736
bien	-12.741236
honk	-12.741236
doughnut	-12.741236
tags	-12.741236
wrapping	-12.741236
tar	-12.741236
om	-12.741736
dinozzo	-12.741736
ducky	-12.741736
unfaithful	-12.741736
delia	-12.741736
rae	-12.741736
jojo	-12.741736
stance	-12.742236
barker	-12.742236
financially	-12.742236
clam	-12.742737
clanking	-12.742737
sarcastic	-12.742737
blur	-12.742737
organizing	-12.742737
nosy	-12.742737
boyle	-12.743238
pasha	-12.743238
attacker	-12.743739
horribly	-12.743739
inject	-12.743739
descend	-12.743739
wi	-12.743739
liberated	-12.744240
burner	-12.744240
fluffy	-12.744240
melancholy	-12.744742
puppets	-12.744742
anal	-12.744742
grieve	-12.745244
awe	-12.745244
gallons	-12.745244
earring	-12.745746
unprecedented	-12.746248
yank	-12.746248
jamaica	-12.746248
brutally	-12.746751
extortion	-12.746751
guardians	-12.746751
disciples	-12.746751
simultaneously	-12.747254
elves	-12.747254
malibu	-12.747254
lupin	-12.747757
postman	-12.747757
neville	-12.747757
senseless	-12.747757
chapman	-12.747757
sittin	-12.748260
hostel	-12.748260
marcia	-12.748260
melvin	-12.748260
cockroach	-12.748764
clamp	-12.748764
poets	-12.748764
chemist	-12.748764
professionally	-12.749268
faded	-12.749268
vargas	-12.749268
gunpowder	-12.749268
inc	-12.749772
gala	-12.749772
surroundings	-12.749772
wisconsin	-12.749772
rivals	-12.749772
cackling	-12.750276
withstand	-12.750276
contemporary	-12.750276
harlem	-12.750276
marlon	-12.750276
endured	-12.750781
arsenal	-12.750781
underway	-12.750781
donuts	-12.750781
daryl	-12.751286
frickin	-12.751286
injected	-12.751286
digs	-12.751286
siegfried	-12.751791
elisabeth	-12.751791
billionaire	-12.751791
cardboard	-12.752297
hugs	-12.752297
bandages	-12.752297
everlasting	-12.752802
liverpool	-12.752802
cooperative	-12.752802
diploma	-12.752802
neural	-12.753308
fortunes	-12.753308
rural	-12.753308
abbott	-12.753814
receptionist	-12.753814
antiques	-12.753814
labels	-12.753814
sizes	-12.754321
millennium	-12.754321
layout	-12.754828
immoral	-12.754828
manages	-12.754828
hisses	-12.755335
usher	-12.755335
impulsive	-12.755335
pollution	-12.755842
admirer	-12.755842
rejoice	-12.755842
iowa	-12.756349
marlene	-12.756349
hindi	-12.756857
holder	-12.756857
squeezed	-12.757365
merge	-12.757365
journalism	-12.757365
nominated	-12.757365
sundown	-12.757365
assistants	-12.757873
miraculous	-12.757873
stared	-12.757873
prescribed	-12.757873
lotta	-12.757873
swearing	-12.758382
guarantees	-12.758382
massachusetts	-12.758382
junction	-12.758382
consumption	-12.758382
astrid	-12.758382
metropolis	-12.758382
iceland	-12.758382
bridal	-12.758891
virgins	-12.758891
victorious	-12.758891
squirt	-12.759400
pads	-12.759909
modified	-12.759909
hanson	-12.759909
casket	-12.759909
blaze	-12.759909
kimble	-12.760418
cliffs	-12.760418
destroyer	-12.760418
offshore	-12.760418
tendency	-12.760928
nip	-12.760928
scanning	-12.760928
viva	-12.761438
intensive	-12.761438
gustav	-12.761438
endangered	-12.761438
va	-12.761438
circling	-12.761949
ave	-12.761949
stashed	-12.761949
das	-12.762459
backward	-12.762459
hai	-12.762459
chamberlain	-12.762459
sari	-12.762459
thermal	-12.762459
opponents	-12.762459
fiber	-12.762459
toto	-12.762970
circumstance	-12.762970
geography	-12.762970
stargate	-12.763481
interpret	-12.763481
sicily	-12.763993
pisses	-12.763993
preaching	-12.763993
transporter	-12.763993
bosom	-12.763993
salsa	-12.763993
eighty	-12.763993
shred	-12.763993
dread	-12.764504
duration	-12.764504
beggars	-12.764504
mein	-12.764504
josephine	-12.764504
networks	-12.764504
formality	-12.765016
heater	-12.765016
par	-12.765016
smug	-12.765528
ordeal	-12.765528
rhonda	-12.765528
agriculture	-12.765528
aigoo	-12.765528
katya	-12.766041
fowler	-12.766041
descended	-12.766041
lasting	-12.766041
abyss	-12.766041
marries	-12.766553
aurora	-12.766553
sleigh	-12.766553
frenchman	-12.767580
rouge	-12.767580
survives	-12.767580
margo	-12.768093
redhead	-12.768093
terrence	-12.768093
creativity	-12.768607
dominant	-12.768607
isis	-12.768607
kip	-12.768607
corny	-12.768607
aubrey	-12.768607
graphic	-12.768607
irrational	-12.769121
mathematical	-12.769121
sacked	-12.769121
paws	-12.769121
chariot	-12.769635
havoc	-12.769635
andreas	-12.769635
midget	-12.769635
celestial	-12.769635
cetera	-12.769635
nino	-12.769635
upgrade	-12.770150
blasting	-12.770150
skulls	-12.770150
videotape	-12.770664
wedded	-12.770664
babysit	-12.770664
ancestor	-12.770664
transit	-12.771179
rained	-12.771179
thingy	-12.771695
wellington	-12.771695
abide	-12.771695
reserves	-12.771695
rim	-12.772210
chico	-12.772210
settles	-12.772210
decisive	-12.772726
motors	-12.772726
cheesy	-12.773242
symbolic	-12.773242
roxy	-12.773759
clink	-12.773759
handicapped	-12.773759
mating	-12.773759
cranky	-12.773759
brightest	-12.773759
molecules	-12.773759
meyer	-12.773759
sheridan	-12.774275
animation	-12.774275
grail	-12.774275
voluntarily	-12.774792
creeping	-12.774792
furnace	-12.774792
thine	-12.774792
titus	-12.775310
pierced	-12.775310
bu	-12.775310
chinatown	-12.775310
slade	-12.775310
sai	-12.775827
toothpaste	-12.775827
cuddle	-12.776345
langley	-12.776345
egyptians	-12.776345
bankruptcy	-12.776863
lever	-12.776863
shaman	-12.776863
nipple	-12.776863
weeds	-12.776863
becker	-12.777381
reacted	-12.777381
mashed	-12.777900
sloane	-12.778418
regent	-12.778418
bentley	-12.778418
tiles	-12.778418
decoy	-12.778418
crusade	-12.778418
vivid	-12.778937
slides	-12.778937
jennings	-12.779457
catering	-12.779457
dishonest	-12.779457
subs	-12.779976
lurking	-12.779976
airplanes	-12.779976
shaky	-12.779976
barren	-12.780496
alligator	-12.780496
moth	-12.780496
uncover	-12.781016
lorna	-12.781016
axel	-12.781016
expressing	-12.781016
clacking	-12.781016
doggie	-12.781016
airlines	-12.781537
dum	-12.781537
unicorn	-12.781537
jackets	-12.781537
goofy	-12.781537
marcy	-12.781537
businessmen	-12.782058
bums	-12.782058
folded	-12.782058
defender	-12.782058
alarmed	-12.782058
goody	-12.782579
noose	-12.782579
chic	-12.782579
forgiving	-12.783100
thatcher	-12.783100
index	-12.783100
blush	-12.783621
fertile	-12.783621
amateurs	-12.783621
deliveries	-12.784143
armour	-12.784143
werner	-12.784665
shits	-12.784665
twinkle	-12.784665
parted	-12.784665
syndicate	-12.784665
alexandra	-12.784665
righty	-12.785188
regions	-12.785188
technician	-12.785710
waffles	-12.785710
skirts	-12.785710
baroness	-12.785710
castro	-12.785710
malfunction	-12.786233
memorable	-12.786233
thea	-12.786233
calories	-12.786233
cuisine	-12.786233
motorbike	-12.786233
snoop	-12.786756
acknowledged	-12.786756
spelled	-12.786756
evolve	-12.787280
cox	-12.787803
sedative	-12.788327
array	-12.788327
tenderness	-12.788327
klingon	-12.788851
garland	-12.788851
smuggled	-12.789376
nicola	-12.789376
raju	-12.789376
reversed	-12.789901
royce	-12.789901
beforehand	-12.789901
continuous	-12.789901
yoko	-12.789901
cecil	-12.789901
seniors	-12.790426
mri	-12.790426
synthetic	-12.790426
forgave	-12.790426
discoveries	-12.790426
kimmy	-12.790426
agitated	-12.790426
attendance	-12.790951
maple	-12.790951
pools	-12.791477
wanker	-12.791477
casa	-12.791477
firearms	-12.791477
offenders	-12.791477
obligations	-12.792003
moan	-12.792003
signor	-12.792003
graffiti	-12.792529
supplied	-12.792529
linen	-12.792529
defect	-12.792529
patriotic	-12.792529
ethical	-12.792529
pest	-12.792529
lengths	-12.792529
vin	-12.793055
minnie	-12.793055
spectrum	-12.793582
distinction	-12.793582
decorate	-12.793582
bounds	-12.793582
hums	-12.794109
mandarin	-12.794109
reluctant	-12.794109
rand	-12.794636
retain	-12.794636
justine	-12.795164
educate	-12.795164
minnesota	-12.795164
mp	-12.795692
cruiser	-12.795692
permits	-12.795692
screwdriver	-12.795692
exploration	-12.795692
mace	-12.795692
newborn	-12.796220
shivering	-12.796220
slime	-12.796220
oddly	-12.796220
badger	-12.796748
bruised	-12.796748
luigi	-12.796748
attaboy	-12.796748
eyeballs	-12.796748
institutions	-12.797277
panama	-12.797277
boundary	-12.797277
hypothesis	-12.797277
drought	-12.797277
rembrandt	-12.797277
absorbed	-12.797277
clinking	-12.797806
executioner	-12.797806
darts	-12.798335
catalina	-12.798335
lured	-12.798335
lingerie	-12.798335
gon	-12.798865
flaws	-12.798865
thinner	-12.798865
lucien	-12.799395
tug	-12.799925
cornered	-12.799925
bertie	-12.799925
uptown	-12.800455
clash	-12.800455
aerial	-12.800455
hansen	-12.800986
relentless	-12.800986
viable	-12.800986
raul	-12.800986
wen	-12.800986
scholars	-12.801517
marley	-12.801517
limitations	-12.801517
shelves	-12.801517
funerals	-12.802048
criticize	-12.802048
jacqueline	-12.802048
forrest	-12.802048
shaun	-12.802048
continental	-12.802579
bookstore	-12.802579
balanced	-12.802579
workplace	-12.802579
theta	-12.802579
ramsey	-12.802579
dixie	-12.803111
bankers	-12.803111
dumbass	-12.803111
superstitious	-12.803111
clause	-12.803111
fudge	-12.803643
bennet	-12.803643
assignments	-12.803643
councilman	-12.803643
slogan	-12.803643
trinity	-12.804175
quadrant	-12.804175
boarded	-12.804175
ivory	-12.804708
velocity	-12.804708
composer	-12.804708
mccarthy	-12.804708
initiated	-12.804708
covert	-12.804708
builder	-12.804708
insignificant	-12.804708
dire	-12.804708
gears	-12.804708
comply	-12.805241
credentials	-12.805241
organizations	-12.805241
applaud	-12.805241
trend	-12.805241
providence	-12.805774
sparkle	-12.805774
chump	-12.805774
derrick	-12.805774
donations	-12.805774
flooding	-12.806308
maintained	-12.806308
snowing	-12.806308
shaolin	-12.806308
ladyship	-12.806308
artifacts	-12.806308
allegedly	-12.806308
howl	-12.806308
deploy	-12.806308
showtime	-12.806308
thornton	-12.806841
deposition	-12.806841
fractures	-12.806841
handshake	-12.806841
neglect	-12.807375
adapted	-12.807375
patrols	-12.807375
bess	-12.807375
cyber	-12.807375
hetty	-12.807910
protocols	-12.807910
overdue	-12.808444
slayer	-12.808444
headphones	-12.808444
identities	-12.808444
appoint	-12.808444
rotation	-12.808979
solely	-12.808979
tasha	-12.808979
aging	-12.808979
pitching	-12.808979
examining	-12.809514
viewing	-12.809514
memorize	-12.809514
freshen	-12.809514
mango	-12.810050
valued	-12.810050
sonar	-12.810050
crichton	-12.811122
decay	-12.811122
eu	-12.811122
nightfall	-12.811122
olives	-12.811122
miniature	-12.811122
omen	-12.811122
kristin	-12.811658
bai	-12.811658
chum	-12.811658
posse	-12.811658
mutiny	-12.812195
toaster	-12.812195
span	-12.812732
jumbo	-12.812732
blames	-12.812732
mystical	-12.812732
researchers	-12.812732
exposing	-12.813269
dung	-12.813269
welsh	-12.813269
frat	-12.813269
waterfall	-12.813269
lifts	-12.813269
disgusted	-12.813269
yikes	-12.813269
windshield	-12.813269
akira	-12.813806
maintaining	-12.813806
receives	-12.813806
plantation	-12.813806
antenna	-12.813806
bodyguards	-12.813806
havana	-12.814344
anya	-12.814344
edit	-12.814344
superficial	-12.814344
allergies	-12.814344
invites	-12.814344
comparing	-12.814344
dirk	-12.814882
cartoons	-12.814882
mexicans	-12.814882
timber	-12.814882
supervision	-12.814882
siberia	-12.815421
winding	-12.815959
rust	-12.815959
intensity	-12.815959
hiccup	-12.815959
francois	-12.815959
johan	-12.815959
jogging	-12.816498
confrontation	-12.816498
flyers	-12.816498
trustworthy	-12.816498
jarvis	-12.816498
coaster	-12.817037
paragraph	-12.817037
mosquitoes	-12.817037
adios	-12.817037
lovin	-12.817577
unexpectedly	-12.817577
russo	-12.817577
amuse	-12.817577
splashing	-12.818117
soviets	-12.818117
lorry	-12.818117
dominate	-12.818117
bundy	-12.818117
howie	-12.818117
jp	-12.818657
unreal	-12.818657
screens	-12.818657
mouthing	-12.818657
ziggy	-12.818657
failures	-12.818657
commanded	-12.819197
recon	-12.819197
representation	-12.819197
bending	-12.819197
gallant	-12.819197
satisfying	-12.819197
cheater	-12.819738
pornography	-12.819738
urn	-12.819738
assign	-12.819738
uncles	-12.820279
vine	-12.820279
auspicious	-12.820279
tripping	-12.820279
seafood	-12.820820
mellow	-12.820820
announcing	-12.821362
resumes	-12.821362
hawaiian	-12.821362
ac	-12.821362
centers	-12.821904
adultery	-12.821904
scatter	-12.822446
lotion	-12.822446
opposing	-12.822988
dominated	-12.822988
unpack	-12.823531
violate	-12.823531
transmit	-12.823531
testicles	-12.823531
zhao	-12.824074
ames	-12.824617
kayla	-12.825161
hungary	-12.825161
albums	-12.825161
porridge	-12.825161
gavel	-12.825161
prem	-12.825161
rattles	-12.825705
eliot	-12.825705
titties	-12.825705
strengthen	-12.826249
sensitivity	-12.826794
fitzgerald	-12.826794
tamara	-12.826794
removal	-12.826794
sacks	-12.827338
downloaded	-12.827338
morocco	-12.827338
sniffling	-12.827338
crowns	-12.827338
saddam	-12.827338
nerds	-12.827338
accepts	-12.827338
hive	-12.827338
radha	-12.827338
outdoor	-12.827883
raquel	-12.827883
dew	-12.827883
ing	-12.827883
mt	-12.827883
currents	-12.828429
explanations	-12.828429
soaking	-12.828429
tanaka	-12.828429
vitals	-12.828975
navigation	-12.828975
joins	-12.828975
intrigued	-12.829521
harp	-12.829521
margin	-12.829521
everett	-12.829521
anthem	-12.829521
aa	-12.829521
kylie	-12.829521
distracting	-12.830067
fertility	-12.830067
amazingly	-12.830067
horrific	-12.830613
indictment	-12.830613
superstition	-12.830613
ultrasound	-12.830613
shifted	-12.830613
sincerity	-12.830613
hamburg	-12.831160
davy	-12.831160
trashed	-12.831160
casper	-12.831708
dumplings	-12.831708
digest	-12.831708
whacked	-12.831708
jacks	-12.832255
kiddin	-12.832255
casualty	-12.832255
bethany	-12.832255
thump	-12.832803
proportion	-12.832803
quantity	-12.833351
janine	-12.833351
deceiving	-12.833351
weave	-12.833899
hikaru	-12.833899
sdh	-12.833899
corrupted	-12.833899
gallows	-12.834448
budge	-12.834448
fraction	-12.834448
afar	-12.834448
hiroshi	-12.835546
leela	-12.835546
measurements	-12.835546
landlady	-12.835546
certified	-12.836096
dusk	-12.836096
luisa	-12.836096
insisting	-12.836096
hilton	-12.836646
indoors	-12.836646
hawkeye	-12.836646
saliva	-12.837196
homey	-12.837196
whispered	-12.837196
maura	-12.837747
cyanide	-12.837747
marched	-12.837747
accounted	-12.837747
diver	-12.837747
eligible	-12.838297
robbins	-12.838297
messes	-12.838297
abandoning	-12.838297
blossoms	-12.838297
wiggle	-12.838297
awaken	-12.838297
cid	-12.838848
stained	-12.838848
ballard	-12.839400
elevated	-12.839400
ryo	-12.839400
transparent	-12.839400
unclear	-12.839952
strokes	-12.839952
aria	-12.839952
hwa	-12.839952
solidarity	-12.840504
sidekick	-12.840504
starter	-12.840504
regarded	-12.840504
corinne	-12.840504
vulcan	-12.841056
bradford	-12.841056
godzilla	-12.841056
belgian	-12.841609
seemingly	-12.841609
cling	-12.841609
components	-12.842162
vibrates	-12.842162
missouri	-12.842715
constance	-12.842715
batting	-12.843268
chanel	-12.843268
sap	-12.843268
marbles	-12.843268
shifting	-12.843268
wiping	-12.843268
refill	-12.843822
famine	-12.843822
sneeze	-12.843822
puzzles	-12.843822
provisions	-12.844376
shite	-12.844376
walkin	-12.844376
syringe	-12.844376
platinum	-12.844376
preferably	-12.844931
oyster	-12.844931
exhaust	-12.844931
electromagnetic	-12.844931
consumer	-12.844931
lasagna	-12.845486
barnaby	-12.845486
catastrophic	-12.845486
winchester	-12.845486
woah	-12.846041
evacuated	-12.846041
serge	-12.846041
relic	-12.846596
describes	-12.846596
merger	-12.846596
muck	-12.846596
buds	-12.847152
socially	-12.847152
enlisted	-12.847152
deposits	-12.847152
philippines	-12.847708
archbishop	-12.847708
smuggle	-12.847708
climax	-12.847708
progressive	-12.848264
wheezing	-12.848264
singles	-12.848821
pillar	-12.848821
fearful	-12.848821
spade	-12.848821
saucer	-12.848821
ratio	-12.849378
craving	-12.849378
addicts	-12.849378
clifford	-12.849935
orson	-12.850493
nashville	-12.850493
beauties	-12.850493
obscure	-12.851050
signora	-12.851050
troublesome	-12.851050
rubble	-12.851050
largely	-12.851050
fong	-12.851609
irina	-12.851609
ahn	-12.851609
admiration	-12.851609
lizzy	-12.852167
flap	-12.852167
brutality	-12.852167
mariana	-12.852726
prevail	-12.852726
tattooed	-12.852726
brats	-12.852726
anguish	-12.852726
whim	-12.852726
nada	-12.853285
leaks	-12.853285
cum	-12.853845
cupid	-12.853845
hana	-12.853845
colonial	-12.853845
frau	-12.854404
speeds	-12.854404
perpetrator	-12.854404
watermelon	-12.854404
emptied	-12.854404
sponsored	-12.854964
rooftop	-12.854964
athena	-12.854964
managers	-12.855525
extraction	-12.855525
stat	-12.855525
rhino	-12.855525
diarrhea	-12.856085
disregard	-12.856085
warmed	-12.856085
goggles	-12.856085
colombia	-12.856085
struggles	-12.856646
fitness	-12.856646
scalp	-12.857208
veterans	-12.857208
suitcases	-12.857208
kensi	-12.857769
watchman	-12.857769
caress	-12.857769
devlin	-12.858331
exclusively	-12.858331
disciple	-12.858331
misty	-12.858331
aura	-12.858331
helm	-12.858894
crockett	-12.858894
inhale	-12.858894
buckets	-12.858894
adored	-12.858894
shillings	-12.859456
kari	-12.859456
tents	-12.859456
revoir	-12.859456
hedge	-12.859456
snorting	-12.860019
viper	-12.860019
digger	-12.860019
breaker	-12.860019
meatballs	-12.860019
suppress	-12.860019
witty	-12.860019
wonderfully	-12.860582
shogun	-12.860582
encouragement	-12.860582
intercepted	-12.860582
goddamned	-12.860582
posting	-12.861146
cleanse	-12.861146
competitor	-12.861146
abbot	-12.861146
trenches	-12.861146
sizzling	-12.861146
lyon	-12.861710
mustang	-12.861710
stewie	-12.861710
kg	-12.862274
rested	-12.862274
reflected	-12.862274
habitat	-12.862838
molecular	-12.862838
obnoxious	-12.862838
wraith	-12.863403
sarcasm	-12.863403
tung	-12.863403
renowned	-12.863968
tofu	-12.863968
wildly	-12.863968
blondie	-12.863968
refund	-12.863968
goon	-12.863968
pulp	-12.863968
exaggerated	-12.863968
embedded	-12.864534
chateau	-12.864534
harlan	-12.864534
provoked	-12.864534
antony	-12.864534
guido	-12.865100
nile	-12.865100
alfie	-12.865100
cages	-12.865100
skates	-12.865100
resemble	-12.865100
sticker	-12.865100
lennox	-12.865100
unstoppable	-12.865666
veal	-12.865666
fe	-12.865666
isle	-12.865666
characteristics	-12.865666
earthquakes	-12.866232
ambushed	-12.866232
zap	-12.866232
reaper	-12.866232
deployed	-12.866232
biblical	-12.866799
puck	-12.866799
mystic	-12.867366
aya	-12.867366
gaby	-12.867366
intends	-12.867366
muffins	-12.867933
speedy	-12.867933
republicans	-12.867933
bolts	-12.868501
enrique	-12.868501
hoax	-12.868501
raided	-12.868501
intersection	-12.868501
presently	-12.868501
supplier	-12.868501
shuffle	-12.868501
edited	-12.869069
rubbed	-12.869069
vegan	-12.869069
outdoors	-12.869069
distinctive	-12.869069
upcoming	-12.869069
brighton	-12.869069
wagons	-12.869637
granger	-12.869637
peeing	-12.869637
oracle	-12.869637
glitter	-12.869637
amulet	-12.870206
suspend	-12.870206
guild	-12.870775
convertible	-12.870775
squared	-12.870775
battling	-12.871914
steward	-12.871914
weston	-12.872484
gateway	-12.872484
rites	-12.872484
distributed	-12.873054
pavement	-12.873054
projector	-12.873054
rugby	-12.873054
jt	-12.873054
fragment	-12.873054
baldwin	-12.873625
obscene	-12.873625
zebra	-12.873625
raping	-12.873625
analyst	-12.874196
eta	-12.874196
elbows	-12.874196
detonator	-12.874767
disneyland	-12.874767
rails	-12.874767
earthly	-12.874767
modesty	-12.874767
assess	-12.875339
vinci	-12.875339
librarian	-12.875339
moran	-12.875339
suffice	-12.875911
gravitational	-12.875911
crowley	-12.875911
slumber	-12.875911
homie	-12.875911
bribes	-12.875911
aces	-12.876483
sodium	-12.876483
hubert	-12.877055
trajectory	-12.877055
credible	-12.877055
declined	-12.877055
canary	-12.877055
eyesight	-12.877055
jug	-12.877628
duplicate	-12.877628
developments	-12.877628
capitalism	-12.878201
polished	-12.878201
defenses	-12.878201
xi	-12.878201
crates	-12.878201
fences	-12.878775
differ	-12.878775
hodgins	-12.878775
enzo	-12.878775
chaotic	-12.878775
gardening	-12.879349
gram	-12.879349
tinker	-12.879923
forecast	-12.879923
ti	-12.879923
pinched	-12.880498
tangled	-12.880498
macy	-12.880498
plunge	-12.880498
bulletproof	-12.881073
module	-12.881073
firewood	-12.881073
pizzas	-12.881073
overly	-12.881073
retail	-12.881073
novak	-12.881073
grover	-12.881073
arturo	-12.881073
appalling	-12.881648
rows	-12.881648
felicia	-12.881648
concentrating	-12.882223
transferring	-12.882223
mash	-12.882223
growl	-12.882223
sliced	-12.882799
rewards	-12.882799
braces	-12.882799
livestock	-12.882799
users	-12.883375
recruiting	-12.883375
gunman	-12.883375
dictate	-12.883375
bathrooms	-12.883952
nobles	-12.883952
picky	-12.883952
linus	-12.883952
platter	-12.883952
vultures	-12.883952
organism	-12.883952
sweeter	-12.884529
scarecrow	-12.884529
manufacturing	-12.884529
pup	-12.884529
mitzvah	-12.884529
crackles	-12.884529
proudly	-12.884529
interpreter	-12.885106
leigh	-12.885106
genetically	-12.885106
frying	-12.885106
redeem	-12.885106
cara	-12.885106
ledge	-12.885106
qing	-12.885684
tyranny	-12.885684
charleston	-12.885684
cutest	-12.886261
skins	-12.886261
rosy	-12.886261
nomination	-12.886261
textbook	-12.886261
descendants	-12.886261
sabine	-12.886261
saunders	-12.886840
hast	-12.886840
dubois	-12.886840
finland	-12.886840
loretta	-12.886840
unsolved	-12.886840
pioneer	-12.886840
ramirez	-12.887418
suzie	-12.887418
hugged	-12.887418
angelica	-12.887418
cesare	-12.887418
throttle	-12.887418
powered	-12.887997
carving	-12.887997
thrive	-12.887997
allergy	-12.887997
icu	-12.888576
suzy	-12.888576
pong	-12.888576
squares	-12.888576
alphabet	-12.889156
threesome	-12.889156
accordingly	-12.889156
sect	-12.889156
maternity	-12.889156
scarce	-12.889156
internship	-12.889156
morty	-12.889156
tones	-12.889736
sirs	-12.889736
unwell	-12.889736
nellie	-12.889736
import	-12.890316
temporal	-12.890316
mohammed	-12.890316
anticipate	-12.890316
democrats	-12.890896
pfft	-12.890896
terminated	-12.890896
spree	-12.890896
ami	-12.891477
interviewer	-12.891477
respectfully	-12.891477
futile	-12.891477
dictator	-12.892059
stuffy	-12.892059
wai	-12.892640
mammals	-12.892640
fasten	-12.892640
neptune	-12.892640
giggle	-12.892640
grandchild	-12.892640
pharmaceutical	-12.893222
persian	-12.893222
tactic	-12.893222
itching	-12.893222
observer	-12.893804
tesla	-12.893804
wallpaper	-12.893804
thorne	-12.893804
jiang	-12.893804
austrian	-12.893804
output	-12.894387
goliath	-12.894970
trophies	-12.894970
joyful	-12.894970
spouse	-12.894970
giorgio	-12.894970
rightly	-12.895553
hobbies	-12.895553
vito	-12.895553
naming	-12.895553
yates	-12.895553
stale	-12.895553
teamwork	-12.895553
obedient	-12.896137
switches	-12.896137
rating	-12.896721
regulation	-12.896721
raving	-12.896721
dioxide	-12.896721
boner	-12.896721
bc	-12.897305
implant	-12.897305
mari	-12.897305
satisfactory	-12.897305
espresso	-12.897305
bach	-12.897305
sleeper	-12.897305
construct	-12.897305
rations	-12.897889
munch	-12.897889
anjali	-12.897889
coordinate	-12.897889
stag	-12.898474
dominique	-12.898474
backseat	-12.898474
chrissy	-12.899060
analyzed	-12.899060
reschedule	-12.899060
uphold	-12.899645
sorority	-12.899645
bono	-12.899645
princeton	-12.899645
inconvenient	-12.900231
crumbs	-12.900231
reconstruction	-12.900818
pipeline	-12.900818
reunited	-12.900818
confidentiality	-12.900818
embraced	-12.900818
overruled	-12.900818
enlightenment	-12.901404
puddle	-12.901404
mortals	-12.901404
comfortably	-12.901404
vlad	-12.901991
misha	-12.901991
ukraine	-12.902579
swam	-12.902579
annette	-12.903166
demonic	-12.903166
sora	-12.903166
demise	-12.903166
donatello	-12.903166
fungus	-12.903755
barefoot	-12.903755
tacos	-12.903755
skeletons	-12.903755
beak	-12.903755
fanfare	-12.904343
maryland	-12.904343
felipe	-12.904343
picard	-12.904932
mascot	-12.904932
lemonis	-12.904932
drastic	-12.904932
proceeding	-12.905521
presidents	-12.905521
intrude	-12.905521
stiles	-12.905521
sums	-12.905521
deprived	-12.906110
advertisement	-12.906110
farting	-12.906110
straightened	-12.906700
foremost	-12.906700
adjustment	-12.906700
charade	-12.906700
blanks	-12.906700
stig	-12.906700
puncture	-12.906700
spank	-12.906700
utah	-12.907290
booing	-12.907290
abs	-12.907290
minimal	-12.907290
gals	-12.907881
flashes	-12.907881
andrei	-12.908472
requirements	-12.908472
greenhouse	-12.908472
marx	-12.908472
vermont	-12.909063
comprehend	-12.909063
canoe	-12.909063
baton	-12.909654
arsehole	-12.909654
graduating	-12.909654
partially	-12.910246
sensing	-12.910246
kinky	-12.910246
titans	-12.910246
microscope	-12.910246
intimidating	-12.910246
ren	-12.910838
babu	-12.910838
territories	-12.910838
vaguely	-12.910838
geese	-12.910838
hardship	-12.910838
karin	-12.911431
exceptions	-12.911431
jing	-12.911431
gramps	-12.911431
florrick	-12.911431
doubles	-12.911431
knitting	-12.911431
slowed	-12.912024
administrator	-12.912024
blacksmith	-12.912024
ctu	-12.912024
tolling	-12.912024
correspondence	-12.912024
fashionable	-12.912024
overlooked	-12.912617
siobhan	-12.912617
matron	-12.912617
arcade	-12.912617
gestures	-12.912617
lonnie	-12.912617
quits	-12.913211
outnumbered	-12.913211
lockhart	-12.913211
verbal	-12.913805
mc	-12.913805
terminate	-12.913805
hosts	-12.914399
rye	-12.914399
chirps	-12.914399
presidency	-12.914399
roberta	-12.914399
devote	-12.914994
dumps	-12.914994
hallo	-12.915589
improvise	-12.915589
monique	-12.915589
pooh	-12.915589
starship	-12.915589
spades	-12.916184
fumes	-12.916184
cawing	-12.916184
aluminum	-12.916780
squeak	-12.916780
drafted	-12.916780
ssh	-12.916780
everest	-12.916780
michaels	-12.916780
commonwealth	-12.917376
candace	-12.917376
cappuccino	-12.917376
cucumber	-12.917376
inventor	-12.917973
folder	-12.917973
slamming	-12.917973
favours	-12.917973
peppers	-12.917973
appeals	-12.918570
walton	-12.918570
reasoning	-12.918570
adequate	-12.919167
snickers	-12.919167
glued	-12.919167
ifs	-12.919167
nets	-12.919167
hangar	-12.919167
godmother	-12.919167
forum	-12.919764
joys	-12.919764
foolishness	-12.919764
sybil	-12.920362
crest	-12.920362
playful	-12.920961
peers	-12.920961
horrors	-12.920961
bleach	-12.920961
disastrous	-12.920961
lineup	-12.921559
glamour	-12.921559
coronation	-12.921559
halo	-12.921559
sookie	-12.922158
highlight	-12.922158
ziva	-12.922158
ponies	-12.922158
errors	-12.922158
viv	-12.922158
alvarez	-12.922757
pluto	-12.922757
weights	-12.922757
arabia	-12.922757
imperative	-12.922757
trader	-12.922757
galileo	-12.923357
tainted	-12.923357
drugstore	-12.923357
lenses	-12.923357
obstruction	-12.923357
segment	-12.923957
envious	-12.923957
gertrude	-12.923957
twisting	-12.923957
nikolai	-12.923957
insured	-12.923957
overlook	-12.923957
icon	-12.923957
rollin	-12.924558
commentator	-12.924558
pitt	-12.924558
camilla	-12.924558
cerebral	-12.925158
qin	-12.925158
zelda	-12.925158
spoiling	-12.925158
tsar	-12.925158
frames	-12.925158
cushion	-12.925158
divers	-12.925760
hallowed	-12.925760
chute	-12.925760
cavity	-12.925760
reds	-12.925760
volcanoes	-12.925760
angelina	-12.925760
sahib	-12.925760
strung	-12.925760
watts	-12.926361
monopoly	-12.926361
bros	-12.926963
immigrant	-12.926963
apache	-12.927565
caffeine	-12.927565
squeezing	-12.927565
postponed	-12.927565
encounters	-12.927565
stuttering	-12.928168
rut	-12.928168
calmed	-12.928168
opener	-12.928168
baek	-12.928771
impotent	-12.928771
tabs	-12.928771
franchise	-12.928771
entity	-12.929374
slimy	-12.929374
hygiene	-12.929374
andi	-12.929978
containment	-12.929978
knickers	-12.929978
jumpy	-12.929978
pistols	-12.929978
irregular	-12.929978
lowly	-12.930582
controller	-12.930582
rung	-12.930582
hades	-12.930582
anarchy	-12.930582
wisely	-12.930582
blackmailed	-12.930582
dudley	-12.930582
dramatically	-12.931186
researching	-12.931186
borg	-12.931186
touchy	-12.931791
fay	-12.931791
seventy	-12.931791
bullies	-12.931791
stealth	-12.932396
divya	-12.932396
divisions	-12.932396
yearbook	-12.932396
abdul	-12.932396
poll	-12.932396
blinds	-12.933002
sneezes	-12.933002
bigfoot	-12.933608
ninety	-12.933608
dharma	-12.933608
cramp	-12.933608
cockpit	-12.933608
truthful	-12.933608
lilith	-12.934214
ghastly	-12.934214
hangin	-12.934214
edwin	-12.934214
whines	-12.934214
corrections	-12.934820
missionary	-12.934820
infinity	-12.934820
cola	-12.934820
penance	-12.934820
moist	-12.934820
sham	-12.935427
investor	-12.935427
founding	-12.935427
krystle	-12.935427
caldwell	-12.936035
orientation	-12.936035
captains	-12.936642
flop	-12.936642
columbo	-12.936642
jamming	-12.936642
crossroads	-12.937251
infrared	-12.937251
pleading	-12.937251
sven	-12.937859
carroll	-12.937859
flushed	-12.937859
magda	-12.937859
gaming	-12.938468
gurgling	-12.938468
vinny	-12.938468
prairie	-12.938468
component	-12.938468
saudi	-12.938468
slapping	-12.938468
gases	-12.938468
aching	-12.939077
lau	-12.939077
abusive	-12.939077
vermin	-12.939077
bracelets	-12.939077
tyre	-12.939077
rift	-12.939077
wiring	-12.939077
gauge	-12.939687
robby	-12.939687
lifelong	-12.939687
abstract	-12.939687
pilgrimage	-12.940296
theoretically	-12.940296
mythology	-12.940296
johnnie	-12.940296
photographers	-12.940907
wilma	-12.940907
render	-12.940907
rocked	-12.940907
iq	-12.940907
licked	-12.940907
android	-12.940907
rhythmic	-12.940907
pianist	-12.940907
clover	-12.941518
unwanted	-12.941518
salvador	-12.941518
troupe	-12.941518
feat	-12.941518
primarily	-12.942129
preposterous	-12.942129
drying	-12.942129
unseen	-12.942129
raoul	-12.942129
vulture	-12.942740
constantine	-12.942740
outlet	-12.942740
git	-12.942740
pictured	-12.942740
functional	-12.942740
nitrogen	-12.943352
cc	-12.943352
lest	-12.943964
speechless	-12.943964
delusions	-12.944577
peeping	-12.944577
refrain	-12.944577
jerking	-12.945189
engaging	-12.945189
accountable	-12.945189
piles	-12.945803
ch	-12.945803
intro	-12.945803
rescuing	-12.945803
orgy	-12.945803
zane	-12.945803
jaguar	-12.946416
prue	-12.946416
concerts	-12.947031
schemes	-12.947031
abusing	-12.947031
fatigue	-12.947031
taj	-12.947031
charitable	-12.947031
lili	-12.947645
attracts	-12.947645
stirred	-12.947645
invaders	-12.948260
wench	-12.948260
kittens	-12.948260
riggs	-12.948260
gras	-12.948260
heartbroken	-12.948260
suffocating	-12.948875
youse	-12.948875
underage	-12.948875
amar	-12.948875
bugged	-12.949491
dimitri	-12.949491
klinger	-12.949491
metropolitan	-12.950107
unions	-12.950107
worf	-12.950107
cds	-12.950107
hamster	-12.950107
omelet	-12.950107
humility	-12.950723
grad	-12.950723
obedience	-12.950723
grub	-12.950723
victorian	-12.951340
lassie	-12.951340
posed	-12.951340
conway	-12.951340
resentment	-12.951340
didi	-12.951957
locke	-12.951957
dat	-12.951957
booming	-12.951957
aunts	-12.951957
shay	-12.952574
brigadier	-12.952574
intrusion	-12.952574
hedgehog	-12.952574
recipes	-12.952574
tacky	-12.952574
hk	-12.953192
saviour	-12.953192
physicist	-12.953192
yonder	-12.953192
admiring	-12.953192
anyplace	-12.953192
forfeit	-12.953810
lullaby	-12.953810
oasis	-12.953810
unleash	-12.953810
avengers	-12.953810
indifferent	-12.954429
boxers	-12.954429
truthfully	-12.954429
organise	-12.955048
actresses	-12.955048
grin	-12.955048
arranging	-12.955048
voila	-12.955667
hydra	-12.955667
shutters	-12.955667
pearson	-12.955667
genesis	-12.956287
daria	-12.956287
energetic	-12.956287
postal	-12.956287
henrik	-12.956287
aloud	-12.956287
hmph	-12.956907
archive	-12.956907
nauseous	-12.956907
funniest	-12.956907
muse	-12.956907
ernst	-12.956907
constitutional	-12.956907
recital	-12.957528
covenant	-12.957528
cloudy	-12.957528
prestige	-12.957528
olivier	-12.957528
pencils	-12.958149
gunnar	-12.958149
helper	-12.958149
decks	-12.958149
astray	-12.958149
leland	-12.958770
ip	-12.958770
casing	-12.958770
cooing	-12.958770
ozzy	-12.958770
sterile	-12.958770
bagel	-12.959392
releases	-12.959392
recognizes	-12.959392
lorelai	-12.959392
intimidate	-12.959392
forgery	-12.960014
kenya	-12.960014
bred	-12.960636
dunn	-12.960636
vector	-12.960636
huck	-12.960636
nausea	-12.961259
sakura	-12.961259
detonate	-12.961259
lenin	-12.961259
inhuman	-12.961259
horsepower	-12.961259
violating	-12.961259
pascal	-12.961882
informer	-12.961882
hooting	-12.961882
plugged	-12.961882
oriental	-12.961882
pretends	-12.961882
tram	-12.962506
reyes	-12.962506
spoils	-12.962506
chaplain	-12.962506
farce	-12.962506
parasites	-12.962506
whipping	-12.963130
cruising	-12.963130
violently	-12.963130
tile	-12.963130
ashtray	-12.963754
und	-12.963754
neighing	-12.963754
zones	-12.963754
donut	-12.963754
spoilt	-12.964379
nobility	-12.964379
decoration	-12.964379
sharpe	-12.964379
scoot	-12.964379
kelso	-12.964379
abdominal	-12.964379
updated	-12.964379
blueprints	-12.965004
dealings	-12.965004
pitched	-12.965004
resource	-12.965004
coalition	-12.965630
hoss	-12.965630
professors	-12.965630
espionage	-12.966256
dishwasher	-12.966256
minded	-12.966256
cheyenne	-12.966256
resulted	-12.966882
brewster	-12.966882
wrestler	-12.966882
cons	-12.966882
protesting	-12.966882
barbarians	-12.966882
loony	-12.966882
kangaroo	-12.967509
rite	-12.967509
dialect	-12.967509
counsellor	-12.968136
tsunami	-12.968136
locket	-12.968136
sorcerer	-12.968136
pilgrims	-12.968136
incorrect	-12.968136
parameters	-12.968136
risotto	-12.968136
unreliable	-12.968136
geniuses	-12.968764
agricultural	-12.968764
willard	-12.968764
marital	-12.968764
wilkes	-12.969392
scramble	-12.969392
hera	-12.969392
swears	-12.970020
starvation	-12.970020
summons	-12.970020
aquarium	-12.970020
flavors	-12.970020
sanity	-12.970020
roxanne	-12.970020
caste	-12.970020
wedge	-12.970020
bedside	-12.970649
experimenting	-12.970649
truths	-12.970649
tribunal	-12.970649
emerson	-12.971278
darlene	-12.971278
automated	-12.971278
treachery	-12.971278
explorer	-12.971278
greens	-12.971907
dunk	-12.971907
amused	-12.971907
fishes	-12.971907
kappa	-12.971907
oleg	-12.971907
goblin	-12.972537
appreciates	-12.972537
lark	-12.972537
commissioned	-12.972537
reassuring	-12.972537
disclose	-12.972537
seaside	-12.972537
politely	-12.972537
preoccupied	-12.973168
incense	-12.973168
folly	-12.973168
pear	-12.973168
vikings	-12.973168
irs	-12.973798
lavender	-12.973798
graceful	-12.973798
stretcher	-12.973798
grande	-12.973798
simulation	-12.974430
lasers	-12.974430
groovy	-12.974430
discussions	-12.974430
basin	-12.974430
sacrificing	-12.974430
luncheon	-12.974430
disobey	-12.974430
snot	-12.975061
mil	-12.975061
sinful	-12.975061
yearning	-12.975061
gruesome	-12.975061
aide	-12.975061
shen	-12.975061
haha	-12.975693
masculine	-12.975693
mortimer	-12.976325
extras	-12.976325
hopper	-12.976325
guides	-12.976325
banjo	-12.976325
dina	-12.976325
camelot	-12.976325
blazing	-12.976325
dos	-12.976325
crowned	-12.976325
gonzalo	-12.976325
painkillers	-12.976325
rave	-12.976958
foley	-12.976958
silvia	-12.976958
sylvie	-12.976958
cassette	-12.976958
sorting	-12.976958
misplaced	-12.976958
sprung	-12.976958
practising	-12.976958
prehistoric	-12.977591
howls	-12.977591
enterprises	-12.977591
designing	-12.977591
suspense	-12.977591
patti	-12.977591
japs	-12.978225
renounce	-12.978225
paints	-12.978225
relying	-12.978225
rendered	-12.978858
herald	-12.979493
randomly	-12.979493
stylish	-12.979493
spleen	-12.979493
mugged	-12.979493
investing	-12.979493
protestant	-12.979493
circumstantial	-12.979493
smear	-12.979493
pantry	-12.980128
guiding	-12.980128
flavour	-12.980128
hollis	-12.980128
cursing	-12.980128
erection	-12.980128
gravel	-12.980128
artifact	-12.980128
raccoon	-12.980763
classics	-12.980763
enlighten	-12.981398
enhance	-12.981398
delivers	-12.981398
spinach	-12.981398
binding	-12.981398
goldman	-12.982034
invalid	-12.982034
touring	-12.982034
johns	-12.982670
fashioned	-12.982670
gilmore	-12.982670
spilling	-12.982670
ledger	-12.982670
quieter	-12.983307
meadows	-12.983307
majestic	-12.983307
frequencies	-12.983307
zhou	-12.983307
historian	-12.983307
containers	-12.983307
marisa	-12.983307
diplomat	-12.983944
wrinkles	-12.983944
aryan	-12.983944
subtitling	-12.984582
para	-12.984582
nationals	-12.984582
natalia	-12.984582
rudolph	-12.984582
palestine	-12.984582
insulin	-12.984582
torpedoes	-12.984582
pagan	-12.984582
swimmer	-12.984582
disgraced	-12.985220
bygones	-12.985220
intellect	-12.985220
accommodate	-12.985220
posture	-12.985858
adjusting	-12.985858
giraffe	-12.985858
peer	-12.985858
petersburg	-12.985858
religions	-12.986497
hammering	-12.986497
audiences	-12.986497
ruben	-12.987136
gigs	-12.987136
damaging	-12.987776
colossal	-12.987776
renew	-12.987776
iceberg	-12.987776
vigilante	-12.987776
emile	-12.987776
dougie	-12.987776
biggie	-12.987776
pietro	-12.987776
chewed	-12.987776
cellular	-12.988416
indecent	-12.988416
dangerously	-12.988416
duane	-12.988416
bribed	-12.988416
rascals	-12.988416
chai	-12.989056
ramona	-12.989056
grammar	-12.989056
thrash	-12.989056
hutch	-12.989056
runners	-12.989056
pager	-12.989056
stumble	-12.989056
dispatcher	-12.989697
thankyou	-12.989697
iast	-12.989697
stump	-12.989697
wraps	-12.989697
gator	-12.990338
teammates	-12.990338
skye	-12.990338
weakest	-12.990338
disconnect	-12.990338
melts	-12.990980
morally	-12.990980
feud	-12.990980
apiece	-12.990980
theatrical	-12.990980
distinguish	-12.990980
cooperating	-12.990980
passions	-12.990980
strive	-12.990980
flourish	-12.991622
reeves	-12.992264
unnecessarily	-12.992264
janie	-12.992907
perceive	-12.992907
upstate	-12.992907
accuracy	-12.992907
cosmo	-12.992907
bitterness	-12.992907
fundraiser	-12.993551
reflects	-12.993551
insolent	-12.993551
strauss	-12.993551
circular	-12.993551
generated	-12.993551
rumble	-12.994194
pilgrim	-12.994194
squirrels	-12.994194
purge	-12.994194
xander	-12.994194
mingle	-12.994194
manufacture	-12.994194
firemen	-12.994838
casually	-12.994838
handler	-12.994838
hobbs	-12.994838
slain	-12.994838
phd	-12.994838
multiply	-12.994838
confinement	-12.994838
patches	-12.995483
divert	-12.995483
alfonso	-12.995483
protests	-12.996128
versions	-12.996128
ambrose	-12.996128
adriana	-12.996128
ia	-12.996128
mit	-12.996128
youthful	-12.996128
numbered	-12.996128
mustafa	-12.996128
herbal	-12.996773
kathryn	-12.996773
gunther	-12.996773
lawful	-12.996773
stacked	-12.996773
damian	-12.996773
reasonably	-12.996773
suzuki	-12.997419
myra	-12.997419
logged	-12.997419
prospects	-12.998065
mainstream	-12.998065
sykes	-12.998065
alimony	-12.998065
stating	-12.998065
budapest	-12.998712
nelly	-12.999359
awakened	-12.999359
curses	-12.999359
ore	-12.999359
slices	-12.999359
curl	-12.999359
uprising	-12.999359
cabaret	-13.000006
manufacturer	-13.000006
ration	-13.000006
boulder	-13.000006
manpower	-13.000006
badges	-13.000006
mush	-13.000006
recycling	-13.000654
disarm	-13.000654
elusive	-13.000654
snarls	-13.000654
chiu	-13.001303
flawless	-13.001303
considers	-13.001303
youre	-13.001303
harmful	-13.001303
horseback	-13.001951
owens	-13.001951
admits	-13.001951
morales	-13.001951
helene	-13.001951
thankfully	-13.002600
recreate	-13.002600
travelers	-13.002600
navigate	-13.002600
pun	-13.002600
ethnic	-13.002600
kono	-13.002600
esteemed	-13.002600
exterior	-13.003250
duffy	-13.003250
triad	-13.003250
licensed	-13.003250
gems	-13.003250
moira	-13.003250
mutants	-13.003250
testifying	-13.003250
dissolve	-13.003250
iraqi	-13.003250
robes	-13.003250
wildest	-13.003900
portfolio	-13.003900
tossing	-13.003900
pussycat	-13.003900
booby	-13.003900
nbc	-13.003900
simms	-13.003900
knack	-13.003900
lodged	-13.003900
cpr	-13.004550
lei	-13.004550
racism	-13.004550
nato	-13.004550
mayo	-13.004550
gillian	-13.005201
stingy	-13.005201
kaiser	-13.005852
shooters	-13.005852
napkins	-13.005852
continents	-13.005852
registry	-13.005852
fags	-13.006504
shah	-13.006504
blinking	-13.006504
duo	-13.006504
gymnastics	-13.006504
jag	-13.006504
bernadette	-13.007156
valiant	-13.007156
exploited	-13.007156
attachment	-13.007156
trans	-13.007809
intruders	-13.007809
owning	-13.007809
mega	-13.007809
crispy	-13.007809
administrative	-13.007809
hawks	-13.007809
crave	-13.007809
qu	-13.007809
reviewed	-13.007809
persuasive	-13.007809
turmoil	-13.008462
promoting	-13.008462
shoving	-13.008462
bette	-13.008462
unworthy	-13.008462
elevators	-13.008462
fulfilling	-13.008462
ronny	-13.008462
rooting	-13.009115
irma	-13.009115
mcqueen	-13.009115
stoop	-13.009115
ee	-13.009769
greer	-13.009769
panicking	-13.009769
panels	-13.009769
demonstrated	-13.009769
myths	-13.010423
mattie	-13.010423
volleyball	-13.010423
cheats	-13.010423
chord	-13.010423
berkeley	-13.010423
oblige	-13.010423
radiant	-13.011078
anticipation	-13.011078
fibers	-13.011078
daleks	-13.011078
aroused	-13.011078
paralysis	-13.011733
ferocious	-13.011733
heinous	-13.011733
roulette	-13.012388
emergencies	-13.012388
olaf	-13.012388
enjoyable	-13.012388
torso	-13.012388
compassionate	-13.012388
softer	-13.013044
delegation	-13.013044
fangs	-13.013701
plaque	-13.013701
alonso	-13.013701
moi	-13.013701
bowman	-13.014358
uterus	-13.014358
buggy	-13.014358
kristina	-13.014358
denies	-13.014358
tally	-13.014358
neighs	-13.014358
unusually	-13.014358
tibet	-13.014358
fez	-13.015672
charcoal	-13.015672
healer	-13.015672
weirdest	-13.015672
eel	-13.016331
recordings	-13.016331
tamil	-13.016331
naw	-13.016331
camouflage	-13.016331
seagulls	-13.016331
hub	-13.016331
shoulda	-13.016331
mailman	-13.016331
buckley	-13.016989
furry	-13.016989
pronto	-13.016989
sedan	-13.017648
kermit	-13.017648
amir	-13.017648
edible	-13.017648
trifle	-13.017648
delusion	-13.018308
foundations	-13.018308
calcutta	-13.018308
cubes	-13.018308
colon	-13.018308
crotch	-13.018308
tariq	-13.018967
costing	-13.018967
resisted	-13.018967
leila	-13.018967
snail	-13.018967
ursula	-13.018967
strippers	-13.018967
vista	-13.019628
sorta	-13.019628
fiend	-13.019628
ultra	-13.019628
restrain	-13.020288
pinkie	-13.020288
voluntary	-13.020288
widely	-13.020288
uncommon	-13.020950
blackie	-13.020950
farrell	-13.020950
infiltrate	-13.020950
erika	-13.020950
sophomore	-13.020950
radios	-13.020950
ringo	-13.020950
medallion	-13.020950
eiffel	-13.020950
yamato	-13.021611
wilder	-13.021611
dyke	-13.021611
bailiff	-13.021611
peril	-13.022273
plaintiff	-13.022273
emilia	-13.022273
transmitted	-13.022273
bonnet	-13.022273
assassinated	-13.022273
emptiness	-13.022273
helmets	-13.022273
normandy	-13.022273
cheetah	-13.022936
clips	-13.022936
thicker	-13.022936
whiz	-13.022936
saga	-13.022936
bullock	-13.023599
binoculars	-13.023599
duckman	-13.023599
accord	-13.023599
diva	-13.023599
jeanette	-13.023599
birmingham	-13.023599
bawk	-13.023599
sita	-13.024262
concierge	-13.024262
clams	-13.024262
questionable	-13.024262
volunteering	-13.024262
lunches	-13.024926
spooked	-13.024926
pinpoint	-13.024926
hereafter	-13.024926
brook	-13.024926
weakened	-13.024926
verses	-13.024926
marshals	-13.025590
deposited	-13.025590
cleans	-13.025590
ironically	-13.025590
bodily	-13.026255
distances	-13.026255
hypnosis	-13.026255
secretive	-13.026255
dominion	-13.026255
civic	-13.026255
tori	-13.026255
bursts	-13.026920
uncertainty	-13.026920
streams	-13.026920
vortex	-13.026920
tights	-13.026920
sponsors	-13.026920
tickles	-13.026920
cello	-13.026920
herring	-13.027585
ab	-13.027585
disability	-13.027585
griffith	-13.027585
orchid	-13.027585
hostility	-13.027585
conflicts	-13.028251
pans	-13.028251
housekeeping	-13.028251
panthers	-13.028251
wonderland	-13.028251
ruiz	-13.028251
interrogated	-13.028251
andromeda	-13.028918
premium	-13.029585
broccoli	-13.029585
garfield	-13.029585
mussolini	-13.029585
pottery	-13.029585
shrapnel	-13.029585
planner	-13.030252
jacked	-13.030252
robyn	-13.030252
rounded	-13.030252
giuseppe	-13.030252
cactus	-13.030920
motherland	-13.030920
defendants	-13.030920
wilt	-13.030920
jia	-13.030920
executives	-13.031588
spoons	-13.031588
belinda	-13.031588
unbelievably	-13.031588
fairness	-13.032257
continuously	-13.032257
spices	-13.032257
organisms	-13.032257
regretted	-13.032257
monarch	-13.032257
narrative	-13.032257
roth	-13.032257
catcher	-13.032257
dictatorship	-13.032926
controversy	-13.032926
manu	-13.032926
alejandro	-13.032926
josef	-13.032926
dignified	-13.032926
bonded	-13.032926
tilt	-13.032926
beginnings	-13.032926
peaks	-13.032926
tissues	-13.033595
pretentious	-13.033595
dell	-13.033595
jeopardize	-13.033595
osborne	-13.033595
diversity	-13.033595
shabby	-13.033595
brownies	-13.033595
overdo	-13.033595
sharma	-13.033595
crunching	-13.034265
tel	-13.034265
marnie	-13.034265
separating	-13.034265
horrid	-13.034265
overrated	-13.034265
harmon	-13.034265
rethink	-13.034265
mastered	-13.034936
eww	-13.034936
reopen	-13.034936
camels	-13.035607
tux	-13.035607
denis	-13.035607
depended	-13.035607
tak	-13.035607
whine	-13.035607
axis	-13.036278
orchard	-13.036278
cherries	-13.036278
pleasing	-13.036278
unforgivable	-13.036278
craziest	-13.036278
rods	-13.036278
distressed	-13.036950
bubbling	-13.036950
interact	-13.036950
manipulating	-13.036950
rewind	-13.037622
burgundy	-13.037622
blacked	-13.037622
trillion	-13.037622
onwards	-13.037622
reservoir	-13.037622
participation	-13.037622
caucasian	-13.037622
flushing	-13.037622
serbian	-13.038295
manhood	-13.038295
lao	-13.038295
matilda	-13.038968
exhale	-13.038968
dinah	-13.038968
caramel	-13.039642
slander	-13.039642
identifying	-13.039642
drunkard	-13.039642
blooming	-13.039642
stocking	-13.039642
rinse	-13.039642
artwork	-13.040316
catholics	-13.040316
stormy	-13.040316
refresh	-13.040316
elisa	-13.040316
cor	-13.040316
floats	-13.040990
expanded	-13.040990
chilling	-13.040990
congo	-13.040990
afghan	-13.040990
backside	-13.040990
antarctica	-13.041665
sandals	-13.041665
investigative	-13.041665
wills	-13.041665
searches	-13.041665
yawns	-13.041665
collaboration	-13.042341
untouched	-13.042341
psyched	-13.042341
hussein	-13.042341
departments	-13.043017
tuxedo	-13.043017
mak	-13.043017
bummed	-13.043017
heinrich	-13.043017
finer	-13.043017
manure	-13.043017
compatible	-13.043017
moor	-13.043017
keg	-13.043693
monsignor	-13.043693
peeled	-13.043693
dona	-13.043693
stings	-13.043693
seeker	-13.043693
watering	-13.043693
ids	-13.043693
malaria	-13.044370
aj	-13.044370
walters	-13.044370
sinatra	-13.044370
lending	-13.044370
dodgers	-13.045047
fortnight	-13.045047
reassure	-13.045047
braun	-13.045047
meddling	-13.045047
overthrow	-13.045047
postmortem	-13.045047
achievements	-13.045047
excellence	-13.045047
latch	-13.045725
coppers	-13.045725
raids	-13.045725
dickens	-13.045725
drifted	-13.046403
leeds	-13.046403
obsessive	-13.047082
upwards	-13.047082
lynette	-13.047082
oatmeal	-13.047082
midday	-13.047082
implants	-13.047082
unmarried	-13.047082
murat	-13.047761
sewers	-13.047761
bowie	-13.047761
mercenary	-13.047761
perks	-13.047761
outrun	-13.047761
copying	-13.047761
upload	-13.047761
freya	-13.047761
helga	-13.047761
shu	-13.048440
bumping	-13.049120
inland	-13.049120
yorkshire	-13.049120
humbly	-13.049120
injections	-13.049120
participating	-13.049801
python	-13.049801
laurent	-13.049801
cockroaches	-13.049801
puberty	-13.050482
technologies	-13.050482
crumble	-13.050482
toots	-13.051163
miki	-13.051163
roscoe	-13.051163
clot	-13.051163
exterminate	-13.051163
rake	-13.051163
cholesterol	-13.051845
deli	-13.051845
augustus	-13.051845
sublime	-13.051845
bottled	-13.051845
fung	-13.051845
charlene	-13.051845
demolition	-13.052528
methane	-13.052528
appendix	-13.052528
aches	-13.052528
ahoy	-13.052528
distractions	-13.052528
dashing	-13.052528
plank	-13.052528
medications	-13.053210
chevy	-13.053210
zurich	-13.053210
makers	-13.053210
invading	-13.053210
loner	-13.053894
comm	-13.053894
grissom	-13.053894
miner	-13.053894
senile	-13.053894
commando	-13.053894
mantle	-13.053894
manufactured	-13.054577
broth	-13.054577
interaction	-13.054577
lsd	-13.054577
sesame	-13.055262
auschwitz	-13.055262
restraint	-13.055946
devour	-13.055946
zachary	-13.055946
sardines	-13.055946
orb	-13.055946
govern	-13.055946
respiratory	-13.055946
elope	-13.056632
webber	-13.056632
wreckage	-13.056632
lumber	-13.056632
consists	-13.056632
operates	-13.057317
needless	-13.057317
faulty	-13.057317
alps	-13.057317
assassinate	-13.057317
santo	-13.057317
edinburgh	-13.057317
staggering	-13.058003
jillian	-13.058003
murmurs	-13.058003
bologna	-13.058003
unleashed	-13.058003
brushing	-13.058690
surgeries	-13.059377
coffees	-13.059377
advancing	-13.059377
celeste	-13.059377
trixie	-13.059377
commonly	-13.059377
mentality	-13.059377
cordelia	-13.060064
hammered	-13.060064
meltdown	-13.060064
rayna	-13.060064
mastermind	-13.060064
luciano	-13.060064
olsen	-13.060064
brow	-13.060752
galactic	-13.060752
muriel	-13.060752
strand	-13.060752
tedious	-13.060752
burrito	-13.060752
builders	-13.061441
encrypted	-13.061441
threads	-13.061441
wronged	-13.061441
judd	-13.061441
gill	-13.061441
cremated	-13.062130
collectors	-13.062130
prosper	-13.062130
sheppard	-13.062130
terri	-13.062130
ferdinand	-13.062130
handicap	-13.062130
disciplinary	-13.062130
hardcore	-13.062819
hens	-13.062819
inventions	-13.062819
export	-13.062819
alain	-13.062819
vowed	-13.062819
snappy	-13.063509
kingdoms	-13.063509
vocabulary	-13.063509
cromwell	-13.063509
tj	-13.063509
reacting	-13.063509
conceive	-13.063509
sling	-13.064200
transporting	-13.064200
murderous	-13.064890
marius	-13.064890
checkmate	-13.064890
patio	-13.064890
rebound	-13.065582
baptized	-13.065582
hooves	-13.065582
payday	-13.065582
jodie	-13.065582
pranks	-13.065582
seizures	-13.065582
enable	-13.065582
seaweed	-13.066273
delirious	-13.066273
cyborg	-13.066273
telephoned	-13.066273
bravely	-13.066273
huey	-13.066273
markings	-13.066273
widows	-13.066273
gianni	-13.066273
hologram	-13.066966
fielding	-13.066966
dibs	-13.066966
triumphant	-13.066966
washes	-13.066966
wilbur	-13.067659
lexi	-13.067659
hauling	-13.067659
buckingham	-13.067659
steadily	-13.067659
processes	-13.067659
bey	-13.068352
projection	-13.068352
creed	-13.068352
acquitted	-13.068352
mink	-13.068352
meddle	-13.068352
buts	-13.068352
kwon	-13.068352
scoundrels	-13.068352
spectators	-13.069045
blushing	-13.069045
faye	-13.069045
frigging	-13.069740
torches	-13.069740
kato	-13.069740
barlow	-13.069740
horseman	-13.069740
prescott	-13.069740
vacations	-13.070434
avalanche	-13.070434
marking	-13.070434
fret	-13.070434
pacey	-13.071130
glasgow	-13.071130
editorial	-13.071130
fleas	-13.071130
eyeball	-13.071130
trails	-13.071825
insides	-13.071825
bonfire	-13.071825
micah	-13.071825
anu	-13.072521
urgency	-13.072521
bearer	-13.072521
provincial	-13.073218
clueless	-13.073218
chaplin	-13.073218
mercer	-13.073218
tempo	-13.073218
conner	-13.073218
capitalist	-13.073218
bumpy	-13.073915
maternal	-13.073915
harass	-13.073915
stomp	-13.073915
cheeseburger	-13.073915
didnt	-13.073915
chime	-13.073915
oppression	-13.074613
resembles	-13.074613
festive	-13.074613
mayhem	-13.074613
fleeting	-13.074613
zodiac	-13.074613
geezer	-13.074613
thorns	-13.074613
gags	-13.074613
freelance	-13.075311
whatnot	-13.075311
scots	-13.075311
brutus	-13.075311
cylinder	-13.075311
teri	-13.075311
pouch	-13.075311
sato	-13.075311
fossils	-13.076009
marko	-13.076009
crosby	-13.076708
plausible	-13.076708
disgraceful	-13.076708
dax	-13.076708
brushed	-13.076708
dai	-13.076708
holed	-13.076708
encore	-13.076708
ludwig	-13.076708
impulses	-13.077408
takeoff	-13.077408
ceremonies	-13.077408
resulting	-13.077408
refers	-13.077408
shatter	-13.077408
fascists	-13.077408
entertained	-13.077408
mckenzie	-13.077408
rin	-13.078108
lama	-13.078108
specialists	-13.078108
phenomena	-13.078808
preventing	-13.078808
affectionate	-13.079509
precedent	-13.079509
contributed	-13.079509
blindfold	-13.079509
schmuck	-13.079509
raf	-13.079509
hatchet	-13.080211
bambi	-13.080211
statute	-13.080211
offscreen	-13.080211
gao	-13.080211
carefree	-13.080211
pollen	-13.080913
endurance	-13.080913
dialed	-13.080913
virtues	-13.080913
coping	-13.080913
penitentiary	-13.080913
hallucinating	-13.080913
combo	-13.080913
bowel	-13.080913
hypothetically	-13.080913
jana	-13.080913
mayonnaise	-13.080913
vineyard	-13.080913
tam	-13.080913
digits	-13.081615
myers	-13.081615
evolutionary	-13.081615
ribbons	-13.081615
kabir	-13.081615
francesco	-13.081615
advertise	-13.081615
saline	-13.082318
edgy	-13.082318
girlie	-13.082318
rao	-13.082318
regained	-13.082318
parental	-13.082318
barbarian	-13.082318
brewing	-13.082318
tat	-13.082318
disrupt	-13.082318
unanimous	-13.083022
implications	-13.083022
candice	-13.083022
scallops	-13.083022
vibrations	-13.083022
homesick	-13.083022
stung	-13.083726
casanova	-13.083726
tormented	-13.083726
steamed	-13.084430
baptism	-13.084430
leagues	-13.084430
kwan	-13.084430
thunderclap	-13.084430
harassed	-13.084430
velma	-13.085135
chimp	-13.085135
consulted	-13.085135
scripts	-13.085135
restoration	-13.085135
retribution	-13.085135
bows	-13.085135
unforgettable	-13.085841
afterward	-13.085841
adventurous	-13.085841
swab	-13.086547
inevitably	-13.086547
expectation	-13.086547
xu	-13.087253
carcass	-13.087253
notary	-13.087253
lukas	-13.087253
armand	-13.087253
alphahff	-13.087960
perverted	-13.087960
surrogate	-13.087960
spat	-13.087960
dazzling	-13.087960
snipers	-13.087960
lai	-13.088668
cartman	-13.088668
capabilities	-13.088668
midwife	-13.088668
gains	-13.088668
grumbling	-13.089376
retainer	-13.089376
bleak	-13.089376
houdini	-13.089376
inquiries	-13.089376
expel	-13.090084
berger	-13.090084
markers	-13.090084
reap	-13.090084
specs	-13.090084
morn	-13.090793
deceit	-13.090793
carole	-13.090793
coloured	-13.090793
degenerate	-13.090793
adi	-13.090793
petals	-13.090793
dues	-13.091503
tensed	-13.091503
battered	-13.091503
withdrew	-13.091503
darlings	-13.091503
starbuck	-13.091503
patton	-13.091503
mound	-13.091503
accurately	-13.091503
frenzy	-13.092213
senators	-13.092213
saturdays	-13.092213
nemesis	-13.092213
rocker	-13.092213
whiff	-13.092213
tagged	-13.092923
fearing	-13.092923
fringe	-13.093634
peninsula	-13.093634
carey	-13.093634
radiator	-13.093634
tolerated	-13.093634
tor	-13.094345
clucking	-13.094345
stun	-13.094345
specimens	-13.094345
reuben	-13.094345
accomplices	-13.095057
somber	-13.095057
assailant	-13.095057
mutation	-13.095057
ke	-13.095057
straightaway	-13.095770
spun	-13.095770
reclaim	-13.095770
paramedic	-13.095770
capturing	-13.095770
gaston	-13.095770
biopsy	-13.096483
proportions	-13.096483
colleges	-13.096483
doubting	-13.096483
theoretical	-13.096483
funnier	-13.096483
whee	-13.097197
indefinitely	-13.097197
disasters	-13.097197
sen	-13.097197
forwards	-13.097197
quo	-13.097197
addressing	-13.097911
iolaus	-13.097911
pakistani	-13.098625
neon	-13.098625
slurping	-13.098625
felon	-13.098625
inflation	-13.098625
zordon	-13.098625
stallion	-13.098625
blackjack	-13.098625
passive	-13.099340
milligrams	-13.099340
irritated	-13.099340
worldly	-13.099340
manipulation	-13.099340
strips	-13.099340
hijacked	-13.099340
jingling	-13.099340
pushy	-13.099340
macaroni	-13.099340
bulldog	-13.100056
rigid	-13.100056
maxim	-13.100056
checkpoint	-13.100056
soothing	-13.100056
hateful	-13.100056
folding	-13.100056
reduction	-13.100056
loaned	-13.100772
undermine	-13.100772
frontal	-13.100772
victories	-13.100772
empathy	-13.100772
achilles	-13.100772
overload	-13.101488
topanga	-13.101488
piercing	-13.101488
stamped	-13.102205
potent	-13.102205
bristol	-13.102205
snob	-13.102205
hypothetical	-13.102205
detection	-13.102205
unharmed	-13.102205
subjected	-13.102205
boils	-13.102205
crocodiles	-13.102205
coupons	-13.102923
culinary	-13.102923
mahjong	-13.102923
fleur	-13.103641
niko	-13.103641
lira	-13.103641
nonstop	-13.103641
giddy	-13.103641
teachings	-13.103641
seong	-13.103641
clinging	-13.104360
silenced	-13.104360
ramen	-13.104360
goodman	-13.104360
disposition	-13.104360
enforce	-13.105079
gunner	-13.105079
ragnar	-13.105079
ploy	-13.105079
suburban	-13.105079
sleepover	-13.105799
slutty	-13.105799
imply	-13.105799
cheerleaders	-13.105799
conception	-13.105799
werewolves	-13.105799
catalog	-13.105799
paranormal	-13.106519
shun	-13.106519
aaaah	-13.106519
biker	-13.106519
jellyfish	-13.107240
municipal	-13.107240
ruckus	-13.107240
adviser	-13.107240
alerted	-13.107240
commune	-13.107240
granite	-13.107240
fr	-13.107961
formalities	-13.107961
proximity	-13.107961
unavailable	-13.107961
fargo	-13.107961
defenseless	-13.107961
innovation	-13.107961
paradox	-13.107961
koreans	-13.108683
valleys	-13.108683
walden	-13.108683
trooper	-13.108683
infrastructure	-13.108683
barrow	-13.108683
interns	-13.108683
taro	-13.108683
bertha	-13.109405
proctor	-13.109405
hovering	-13.109405
feminist	-13.109405
declan	-13.109405
observations	-13.109405
prone	-13.109405
spins	-13.109405
conversion	-13.110128
emerging	-13.110128
sheffield	-13.110128
dustin	-13.110128
ares	-13.110128
crazier	-13.110128
od	-13.110128
goldie	-13.110128
bulbs	-13.110851
blindly	-13.110851
rabies	-13.110851
smurf	-13.110851
brownie	-13.110851
formerly	-13.111575
chastity	-13.111575
desirable	-13.111575
barriers	-13.111575
hoops	-13.111575
grains	-13.111575
considerably	-13.112299
anand	-13.113024
baptist	-13.113024
decorating	-13.113024
proposals	-13.113024
lahey	-13.113024
staging	-13.113024
diabetic	-13.113750
baskets	-13.113750
macbeth	-13.113750
rehabilitation	-13.113750
muscular	-13.113750
revolting	-13.113750
glacier	-13.113750
expressions	-13.113750
hiroshima	-13.113750
imitation	-13.113750
footprint	-13.113750
beaumont	-13.114476
stupidest	-13.114476
unborn	-13.114476
jacobs	-13.114476
displayed	-13.114476
commanders	-13.114476
confirming	-13.114476
garment	-13.115202
latter	-13.115202
indonesia	-13.115202
enlightened	-13.115202
plight	-13.115202
hel	-13.115202
dorian	-13.115202
ogre	-13.115202
warnings	-13.115202
incision	-13.115202
inquire	-13.115202
tampered	-13.115929
prophets	-13.115929
listener	-13.115929
substances	-13.115929
rapping	-13.115929
kisser	-13.115929
hind	-13.115929
apb	-13.115929
ulysses	-13.115929
butters	-13.115929
dci	-13.115929
tripp	-13.115929
dublin	-13.116657
meows	-13.116657
preference	-13.116657
minding	-13.116657
mirage	-13.116657
prediction	-13.116657
dodgy	-13.117385
drenched	-13.117385
backbone	-13.117385
sightings	-13.117385
goku	-13.118113
bessie	-13.118113
virtuous	-13.118113
earns	-13.118113
grizzly	-13.118113
slob	-13.118113
floods	-13.118113
enquiry	-13.118113
begs	-13.118113
juror	-13.118113
strained	-13.118113
monitored	-13.118113
brethren	-13.118842
oblivion	-13.118842
contracted	-13.118842
bookie	-13.119572
painters	-13.119572
amnesty	-13.119572
cot	-13.119572
cosmetics	-13.119572
mortar	-13.120302
wilfred	-13.121033
friction	-13.121033
drunks	-13.121033
correspondent	-13.121033
marlowe	-13.121033
outskirts	-13.121033
veer	-13.121033
gaga	-13.121033
wacky	-13.121033
mann	-13.121033
sparky	-13.121033
adieu	-13.121033
informing	-13.121764
swung	-13.121764
trina	-13.121764
hamburgers	-13.121764
interruption	-13.121764
mediocre	-13.121764
fulfil	-13.121764
schedules	-13.122496
sinks	-13.122496
pathologist	-13.122496
disposed	-13.122496
knit	-13.123228
excluded	-13.123228
marcie	-13.123228
scraps	-13.123228
sob	-13.123228
unhealthy	-13.123228
borgia	-13.123961
prestigious	-13.123961
rotate	-13.123961
tracey	-13.123961
concubine	-13.123961
sanjay	-13.123961
ridden	-13.124695
ballot	-13.124695
fischer	-13.124695
complexion	-13.124695
bugle	-13.124695
humanitarian	-13.124695
gurney	-13.124695
whit	-13.124695
hoot	-13.124695
sumo	-13.124695
holocaust	-13.124695
io	-13.125429
yao	-13.125429
servers	-13.125429
hartley	-13.125429
fabio	-13.125429
salim	-13.125429
sleepless	-13.125429
fern	-13.125429
forbes	-13.125429
calcium	-13.125429
frown	-13.126163
deranged	-13.126898
exhaustion	-13.126898
rebuilt	-13.126898
legislation	-13.126898
sighting	-13.126898
discomfort	-13.126898
tru	-13.127634
technological	-13.127634
saigon	-13.127634
lacked	-13.127634
bermuda	-13.127634
wept	-13.128370
disperse	-13.128370
kosher	-13.128370
entrepreneur	-13.128370
tyra	-13.128370
worshipped	-13.128370
wasrt	-13.128370
siu	-13.128370
unauthorized	-13.129106
romanian	-13.129106
melbourne	-13.129106
flanders	-13.129106
connors	-13.129106
drinker	-13.129106
hedley	-13.129844
wyoming	-13.129844
hotshot	-13.129844
joaquin	-13.129844
myrtle	-13.129844
europeans	-13.129844
deputies	-13.130581
ther	-13.130581
highlights	-13.130581
musashi	-13.130581
cate	-13.130581
plateau	-13.130581
remy	-13.130581
sordid	-13.131320
placement	-13.131320
quota	-13.131320
adjusted	-13.132058
tuning	-13.132058
rockefeller	-13.132058
bartlett	-13.132058
hormone	-13.132058
apparatus	-13.132058
gringo	-13.132058
vancouver	-13.132058
samaritan	-13.132058
curves	-13.132058
perceived	-13.132058
catalogue	-13.132798
gall	-13.132798
luckiest	-13.132798
escobar	-13.132798
vending	-13.132798
thelma	-13.132798
greeted	-13.132798
scoring	-13.133538
housewives	-13.133538
beverage	-13.133538
fellowship	-13.133538
thieving	-13.133538
tidal	-13.134278
genre	-13.134278
unfit	-13.134278
fetus	-13.134278
lanes	-13.135019
socialism	-13.135019
outlaws	-13.135019
entrust	-13.135019
rosalie	-13.135019
oversight	-13.135019
reflex	-13.135019
vacate	-13.135761
goldberg	-13.135761
mercenaries	-13.135761
exercising	-13.135761
bev	-13.135761
prosperous	-13.135761
symptom	-13.135761
certificates	-13.135761
larsen	-13.136503
suffocate	-13.136503
roadblock	-13.136503
detain	-13.136503
inquisition	-13.136503
qualifications	-13.137246
paparazzi	-13.137246
eater	-13.137246
prefect	-13.137246
flapping	-13.137246
discrimination	-13.137246
incorporated	-13.137989
callahan	-13.137989
strengths	-13.137989
rowdy	-13.137989
productions	-13.137989
publication	-13.137989
collects	-13.137989
winslow	-13.137989
hodges	-13.137989
astronomers	-13.138733
prevents	-13.138733
museums	-13.138733
windsor	-13.138733
nebraska	-13.138733
lobe	-13.139477
poses	-13.139477
inscription	-13.139477
outpost	-13.139477
snuff	-13.139477
luxurious	-13.140222
contributions	-13.140222
purgatory	-13.140222
documented	-13.140222
showcase	-13.140222
delilah	-13.140222
jurors	-13.140967
unimportant	-13.140967
moisture	-13.140967
lefty	-13.140967
hendrix	-13.140967
replica	-13.140967
wondrous	-13.141713
horoscope	-13.141713
hampshire	-13.141713
esteban	-13.141713
departing	-13.142460
instruct	-13.142460
morbid	-13.142460
disagreement	-13.142460
misguided	-13.142460
optimism	-13.142460
traders	-13.142460
humane	-13.142460
commodore	-13.142460
rink	-13.143207
initiation	-13.143207
calamity	-13.143207
nectar	-13.143207
operatives	-13.143207
judicial	-13.143207
callin	-13.143207
swarm	-13.143207
drumming	-13.143955
shithole	-13.143955
annabelle	-13.143955
spartacus	-13.143955
trolley	-13.144703
theorists	-13.144703
rowan	-13.144703
bowels	-13.144703
density	-13.144703
iong	-13.144703
researcher	-13.144703
timid	-13.144703
meself	-13.144703
garth	-13.144703
denton	-13.144703
romania	-13.144703
earnings	-13.145452
stalk	-13.145452
righteousness	-13.145452
fours	-13.145452
kel	-13.145452
slaps	-13.145452
confide	-13.146201
bravest	-13.146201
fencing	-13.146201
laurence	-13.146201
masturbate	-13.146201
vale	-13.146201
triggers	-13.146201
wiener	-13.146201
painless	-13.146201
believers	-13.146201
eruption	-13.146951
obligated	-13.146951
mojo	-13.146951
essex	-13.146951
eternally	-13.146951
dispatched	-13.146951
repulsive	-13.146951
ness	-13.146951
devised	-13.147701
headlights	-13.147701
exiled	-13.147701
impeccable	-13.147701
oome	-13.147701
donors	-13.147701
crucified	-13.147701
customary	-13.147701
billboard	-13.147701
costly	-13.148452
imitate	-13.148452
definitive	-13.148452
simplicity	-13.148452
waved	-13.148452
pavel	-13.148452
scolded	-13.148452
separates	-13.148452
carr	-13.148452
nichols	-13.149204
kommandant	-13.149204
setback	-13.149204
lakh	-13.149204
liters	-13.149956
relics	-13.149956
clockwork	-13.149956
cdc	-13.149956
ventilation	-13.149956
civilizations	-13.149956
brawl	-13.149956
bog	-13.149956
pressures	-13.149956
chills	-13.150709
tex	-13.150709
pussies	-13.150709
phrases	-13.150709
gob	-13.150709
pricks	-13.150709
jars	-13.150709
rivera	-13.150709
disable	-13.150709
lancaster	-13.151462
godfrey	-13.151462
pickled	-13.151462
novelty	-13.151462
equations	-13.152216
doubtful	-13.152216
sexist	-13.152216
capone	-13.152216
buffer	-13.152216
castles	-13.152216
reproduce	-13.152970
goodwin	-13.152970
blueberry	-13.152970
ryu	-13.152970
oskar	-13.152970
flo	-13.153725
potty	-13.153725
algeria	-13.153725
geometry	-13.153725
dumbest	-13.153725
bahamas	-13.153725
bleating	-13.153725
horizontal	-13.153725
assisted	-13.154481
indebted	-13.154481
spook	-13.154481
fertilizer	-13.154481
techno	-13.155237
hinges	-13.155237
zhu	-13.155237
helium	-13.155237
imposed	-13.155237
financing	-13.155237
restrictions	-13.155237
implied	-13.155237
idaho	-13.155237
simplest	-13.155994
traits	-13.155994
implement	-13.155994
supervise	-13.155994
evident	-13.155994
skank	-13.155994
lucious	-13.155994
gogh	-13.155994
analyzing	-13.155994
drooling	-13.156751
princesses	-13.156751
coastal	-13.156751
bargaining	-13.156751
matrimony	-13.156751
airfield	-13.156751
sensual	-13.156751
takashi	-13.156751
lennon	-13.157509
cycles	-13.157509
grimes	-13.157509
feeble	-13.157509
moreno	-13.157509
hutton	-13.157509
spikes	-13.157509
rugged	-13.157509
reviewing	-13.158267
potassium	-13.158267
tombs	-13.158267
mimics	-13.158267
elton	-13.158267
homage	-13.158267
devious	-13.158267
postcards	-13.158267
crimson	-13.159026
activist	-13.159026
rulers	-13.159026
rowing	-13.159026
conditioner	-13.159026
quoting	-13.159026
filmmaker	-13.159786
softball	-13.159786
outline	-13.159786
doses	-13.159786
perjury	-13.159786
etiquette	-13.160546
joyous	-13.160546
intestines	-13.160546
residential	-13.160546
envelopes	-13.160546
tortoise	-13.161307
unjust	-13.161307
fetish	-13.161307
blasts	-13.161307
completion	-13.161307
davenport	-13.161307
heartbreak	-13.161307
safari	-13.161307
brochure	-13.162068
larson	-13.162068
limousine	-13.162068
hiccups	-13.162068
boast	-13.162068
portraits	-13.162068
escorted	-13.162830
magnitude	-13.162830
collapsing	-13.162830
selina	-13.162830
coupon	-13.162830
utility	-13.163593
gourmet	-13.163593
wrecking	-13.163593
snore	-13.163593
motions	-13.163593
courting	-13.163593
suicides	-13.164356
meera	-13.164356
apprehended	-13.164356
prescribe	-13.164356
aldo	-13.164356
lian	-13.164356
installation	-13.164356
likeness	-13.164356
interface	-13.164356
metals	-13.164356
blindness	-13.164356
sluts	-13.164356
thakur	-13.164356
accelerator	-13.165119
awol	-13.165119
firms	-13.165119
kale	-13.165119
stretches	-13.165119
tack	-13.165884
auxiliary	-13.165884
swipe	-13.165884
shelters	-13.165884
childbirth	-13.166648
livelihood	-13.166648
longed	-13.166648
swordsman	-13.166648
resourceful	-13.166648
sabbath	-13.167414
stormed	-13.167414
gaps	-13.167414
incentive	-13.167414
showdown	-13.167414
harding	-13.167414
ref	-13.168180
molten	-13.168180
frosty	-13.168180
franky	-13.168180
henceforth	-13.168180
renewed	-13.168180
sitter	-13.168180
petey	-13.168180
richardson	-13.168946
fingertips	-13.168946
handcuffed	-13.168946
cocking	-13.168946
catfish	-13.168946
johann	-13.169714
charger	-13.169714
disciplined	-13.169714
outing	-13.169714
como	-13.169714
una	-13.170481
glitch	-13.170481
grants	-13.170481
porcelain	-13.170481
remarried	-13.170481
firepower	-13.170481
captioned	-13.170481
hampton	-13.170481
flawed	-13.170481
uno	-13.171250
griff	-13.171250
scarcely	-13.171250
rips	-13.171250
roach	-13.171250
stairwell	-13.171250
memorized	-13.171250
coded	-13.171250
negligence	-13.171250
belgrade	-13.171250
arteries	-13.171250
toot	-13.172019
stunts	-13.172019
buttocks	-13.172019
forks	-13.172019
mentions	-13.172019
loco	-13.172019
cedric	-13.172019
mika	-13.172788
adler	-13.172788
bellows	-13.172788
snowy	-13.172788
pelvis	-13.172788
hymn	-13.172788
audit	-13.172788
slashed	-13.173558
frantic	-13.173558
negroes	-13.173558
calves	-13.173558
pao	-13.173558
aloha	-13.173558
sahara	-13.174329
freshly	-13.174329
sabotaged	-13.174329
poodle	-13.174329
archaeologists	-13.174329
gore	-13.175100
meatball	-13.175100
maggots	-13.175100
horrifying	-13.175100
prosecuted	-13.175872
briefed	-13.175872
cider	-13.175872
pompous	-13.175872
boomer	-13.175872
coulson	-13.175872
waiters	-13.175872
abundance	-13.176645
barricade	-13.176645
gallon	-13.176645
kali	-13.176645
literal	-13.176645
scrubbing	-13.176645
implies	-13.176645
discouraged	-13.177418
kowalski	-13.177418
almond	-13.177418
chestnut	-13.177418
syphilis	-13.177418
criteria	-13.177418
contacting	-13.177418
trainee	-13.177418
haskell	-13.178191
elvira	-13.178191
rambo	-13.178191
rad	-13.178191
poe	-13.178191
farmhouse	-13.178191
hallucination	-13.178191
heals	-13.178191
samba	-13.178191
lizards	-13.178191
straws	-13.178966
silicon	-13.178966
reptiles	-13.178966
waldo	-13.178966
paces	-13.178966
fenton	-13.179741
slugs	-13.179741
leftover	-13.180516
ze	-13.180516
freighter	-13.180516
bashed	-13.180516
convicts	-13.180516
jerky	-13.180516
solemnly	-13.180516
accommodation	-13.180516
slag	-13.180516
lemons	-13.181292
whitman	-13.181292
lemme	-13.181292
verified	-13.182069
jethro	-13.182069
fancied	-13.182069
partridge	-13.182069
defiance	-13.182846
laila	-13.182846
hottie	-13.182846
rohan	-13.182846
lyla	-13.183624
stripping	-13.183624
pant	-13.183624
mutton	-13.183624
hypocrisy	-13.183624
dyson	-13.183624
invaluable	-13.183624
ce	-13.183624
lucrative	-13.184403
cbs	-13.184403
slows	-13.184403
penal	-13.184403
uploaded	-13.184403
akbar	-13.184403
orchestral	-13.184403
endlessly	-13.184403
hitchcock	-13.184403
broads	-13.184403
redo	-13.185182
illegitimate	-13.185182
dmv	-13.185182
ceased	-13.185182
blender	-13.185182
accordance	-13.185961
brandt	-13.185961
dobbs	-13.185961
makeover	-13.185961
viagra	-13.185961
enhanced	-13.185961
unprofessional	-13.185961
scanned	-13.185961
mow	-13.185961
whiskers	-13.185961
tourism	-13.186742
listeners	-13.186742
rebirth	-13.186742
predicament	-13.186742
vendor	-13.186742
confessions	-13.186742
patriots	-13.186742
jakob	-13.186742
illiterate	-13.186742
hounds	-13.186742
malicious	-13.187523
labyrinth	-13.187523
psyche	-13.187523
cher	-13.187523
honda	-13.187523
florist	-13.187523
nathaniel	-13.187523
extraterrestrials	-13.187523
unthinkable	-13.187523
frail	-13.187523
plato	-13.188304
planetary	-13.188304
hitched	-13.188304
elle	-13.188304
flair	-13.188304
ruse	-13.188304
observatory	-13.188304
heavyweight	-13.188304
diplomacy	-13.188304
tonya	-13.189086
sri	-13.189086
ev	-13.189086
nutty	-13.189086
extravagant	-13.189086
caterpillar	-13.189086
skeptical	-13.189086
ideology	-13.189086
pak	-13.189869
chainsaw	-13.189869
healthier	-13.189869
linking	-13.189869
prudent	-13.189869
cutler	-13.190653
mugs	-13.190653
junkies	-13.190653
rudder	-13.190653
hermann	-13.190653
ot	-13.190653
laundering	-13.190653
kaufman	-13.191437
pints	-13.191437
succession	-13.191437
possesses	-13.191437
urges	-13.191437
structural	-13.192221
lollipop	-13.192221
atmospheric	-13.192221
weirder	-13.192221
sory	-13.192221
stride	-13.192221
blizzard	-13.192221
extracted	-13.192221
administer	-13.192221
meghan	-13.192221
pinocchio	-13.192221
grimm	-13.192221
fireball	-13.192221
individually	-13.193006
flask	-13.193006
obeyed	-13.193006
swain	-13.193006
hubble	-13.193006
burgess	-13.193006
rohit	-13.193006
coffins	-13.193792
booster	-13.193792
erratic	-13.193792
undergo	-13.193792
typed	-13.193792
bearded	-13.193792
salami	-13.193792
ports	-13.194579
hamptons	-13.194579
marsha	-13.194579
versa	-13.194579
oval	-13.195366
downfall	-13.195366
warwick	-13.195366
ulcer	-13.195366
friendships	-13.195366
domination	-13.195366
dementia	-13.195366
arthritis	-13.196154
refusal	-13.196154
juvie	-13.196154
journals	-13.196154
volatile	-13.196154
performers	-13.196154
beneficial	-13.196942
seaman	-13.196942
iranian	-13.196942
sputtering	-13.196942
sled	-13.196942
mortality	-13.196942
carlson	-13.196942
hysteria	-13.196942
hui	-13.196942
beseech	-13.197731
endings	-13.197731
shea	-13.197731
miscarriage	-13.197731
patrons	-13.198520
moya	-13.198520
hun	-13.198520
racer	-13.198520
plots	-13.199311
hoop	-13.199311
dojo	-13.199311
vents	-13.199311
unfamiliar	-13.199311
slab	-13.199311
persecution	-13.199311
monarchy	-13.200102
himmler	-13.200102
philosophical	-13.200102
soften	-13.200102
celine	-13.200102
carmichael	-13.200102
herpes	-13.200102
riddles	-13.200102
foggy	-13.200102
coz	-13.200102
specialized	-13.200102
corridors	-13.200893
parvati	-13.200893
mikhail	-13.200893
deemed	-13.200893
astronomy	-13.200893
reins	-13.201685
yous	-13.201685
duet	-13.201685
beginner	-13.201685
viewed	-13.201685
nebula	-13.201685
fascination	-13.201685
fussy	-13.201685
elect	-13.201685
collier	-13.202478
evaluate	-13.202478
microscopic	-13.202478
hearty	-13.202478
mammoth	-13.202478
oppressed	-13.202478
diameter	-13.202478
tailing	-13.202478
intoxicated	-13.202478
photographic	-13.202478
shocks	-13.202478
descending	-13.203271
stakeout	-13.203271
pioneers	-13.203271
towed	-13.203271
submission	-13.203271
prostate	-13.203271
ointment	-13.204065
hr	-13.204065
bids	-13.204065
recalled	-13.204065
gaius	-13.204065
electrician	-13.204065
aneurysm	-13.204065
neha	-13.204860
sulking	-13.204860
actively	-13.204860
mortuary	-13.204860
ey	-13.204860
serenity	-13.204860
funded	-13.205655
mmmm	-13.205655
shreds	-13.205655
pearce	-13.205655
mixer	-13.205655
rockin	-13.205655
draining	-13.206451
bolted	-13.206451
tania	-13.206451
assurance	-13.206451
zapping	-13.206451
bossy	-13.207247
venezuela	-13.207247
commentary	-13.207247
beheaded	-13.207247
waffle	-13.207247
unnoticed	-13.207247
onward	-13.208044
rollins	-13.208044
cnn	-13.208044
cleanup	-13.208044
cosy	-13.208044
branded	-13.208044
plow	-13.208842
schneider	-13.208842
farley	-13.208842
deluxe	-13.208842
aft	-13.208842
neurotic	-13.208842
rani	-13.208842
chords	-13.209641
tanker	-13.209641
tides	-13.209641
settlers	-13.209641
bio	-13.210440
rosen	-13.210440
snowman	-13.210440
berta	-13.210440
geisha	-13.210440
transactions	-13.210440
reflexes	-13.210440
extraordinarily	-13.210440
chunks	-13.211239
shekhar	-13.211239
assaulting	-13.211239
obsolete	-13.211239
consultation	-13.211239
agreeable	-13.212040
impostor	-13.212040
lobo	-13.212040
wasp	-13.212040
maturity	-13.212040
sheik	-13.212040
liberate	-13.212040
brilliantly	-13.212040
surfer	-13.212040
hattie	-13.212040
selma	-13.212040
lowell	-13.212841
sameer	-13.212841
snores	-13.212841
assumptions	-13.212841
capability	-13.212841
bridegroom	-13.212841
mysteriously	-13.212841
priors	-13.212841
leanne	-13.212841
defective	-13.212841
joss	-13.212841
tombstone	-13.212841
rach	-13.212841
writings	-13.212841
delicacy	-13.212841
tumble	-13.212841
silva	-13.212841
hospitalized	-13.213642
fig	-13.213642
speculate	-13.213642
sha	-13.213642
yeh	-13.213642
fidel	-13.213642
inflicted	-13.213642
stabilize	-13.214444
outs	-13.214444
violations	-13.214444
deuce	-13.214444
significantly	-13.214444
newcomer	-13.214444
youngster	-13.214444
engineered	-13.214444
sighted	-13.214444
riddance	-13.214444
seasoned	-13.214444
picket	-13.215247
abc	-13.215247
aziz	-13.215247
mecca	-13.215247
jeeves	-13.215247
insomnia	-13.215247
pendant	-13.216051
harmonica	-13.216051
listing	-13.216051
viruses	-13.216051
ich	-13.216051
heartache	-13.216051
trumpets	-13.216051
dvds	-13.216051
ruthie	-13.216051
jace	-13.216051
proceeds	-13.216051
intruding	-13.216051
betcha	-13.216051
reddy	-13.216855
pasture	-13.216855
inspectors	-13.216855
horrified	-13.216855
neighborhoods	-13.216855
sprained	-13.216855
lambs	-13.216855
democrat	-13.216855
jameson	-13.216855
lovebirds	-13.216855
rivalry	-13.216855
vial	-13.217660
rv	-13.217660
bret	-13.217660
peeking	-13.217660
talisman	-13.217660
stats	-13.217660
arsenic	-13.217660
buchanan	-13.218465
intake	-13.218465
sheikh	-13.218465
takeover	-13.218465
scanners	-13.219271
gareth	-13.219271
foreplay	-13.219271
acquaintances	-13.219271
alphonse	-13.219271
thames	-13.219271
lotte	-13.219271
championships	-13.219271
pines	-13.219271
swallows	-13.220078
rewarding	-13.220078
cornell	-13.220078
recession	-13.220078
brands	-13.220078
firearm	-13.220078
squawks	-13.220078
shepard	-13.220078
ukrainian	-13.220078
superboy	-13.220078
infectious	-13.220078
morrow	-13.220886
yahoo	-13.220886
robertson	-13.220886
pious	-13.220886
brainwashed	-13.221694
quantities	-13.221694
societies	-13.221694
sedated	-13.221694
milly	-13.221694
wines	-13.221694
jimbo	-13.221694
colourful	-13.221694
superheroes	-13.222502
bribery	-13.222502
jacuzzi	-13.222502
pours	-13.222502
geological	-13.223312
valuables	-13.223312
crossword	-13.223312
bunnies	-13.223312
undead	-13.223312
bathed	-13.223312
linger	-13.224122
roster	-13.224122
rebuilding	-13.224122
comms	-13.224122
moods	-13.224122
grinder	-13.224122
weber	-13.224122
harem	-13.224122
proxy	-13.224122
kincaid	-13.224933
timed	-13.224933
toxins	-13.224933
mendoza	-13.224933
originated	-13.224933
tracing	-13.224933
wham	-13.225744
ironing	-13.225744
quotes	-13.225744
nemo	-13.225744
mar	-13.225744
hauled	-13.225744
docking	-13.225744
sciences	-13.226556
accelerate	-13.226556
relive	-13.226556
aggravated	-13.226556
rabb	-13.226556
downright	-13.226556
brushes	-13.226556
adjustments	-13.226556
chandi	-13.227369
steaming	-13.227369
confessing	-13.227369
xiang	-13.227369
lucie	-13.227369
paso	-13.227369
wary	-13.227369
hemisphere	-13.227369
quaint	-13.227369
magically	-13.228182
accordion	-13.228182
aisha	-13.228182
cowardice	-13.228182
cramped	-13.228182
bailing	-13.228182
instagram	-13.228182
curt	-13.228182
fo	-13.228182
stamina	-13.228996
cheesecake	-13.228996
testosterone	-13.228996
updates	-13.228996
fend	-13.228996
lumps	-13.228996
lux	-13.228996
crummy	-13.228996
lise	-13.228996
coil	-13.228996
discovers	-13.228996
upbringing	-13.228996
geronimo	-13.229811
transmitting	-13.229811
manolo	-13.229811
franny	-13.229811
barbaric	-13.229811
thong	-13.229811
trespass	-13.230626
ballerina	-13.230626
genetics	-13.230626
lilies	-13.230626
elegance	-13.230626
kenji	-13.230626
sats	-13.230626
casinos	-13.230626
yak	-13.230626
paged	-13.231442
welles	-13.231442
streaming	-13.231442
navigator	-13.231442
cleaver	-13.231442
anew	-13.231442
marseille	-13.231442
odor	-13.231442
raiders	-13.232259
sprayed	-13.232259
crypt	-13.232259
spam	-13.232259
teeny	-13.232259
twig	-13.232259
anesthesia	-13.232259
scandalous	-13.232259
esteem	-13.232259
carmine	-13.233076
ripley	-13.233076
breached	-13.233076
benji	-13.233076
givin	-13.233076
spanking	-13.233076
devi	-13.233076
trot	-13.233894
selfie	-13.233894
strategies	-13.233894
bb	-13.233894
thriving	-13.233894
haunts	-13.233894
kyoko	-13.233894
snails	-13.234713
compose	-13.234713
hopping	-13.234713
coconuts	-13.234713
amidst	-13.234713
powering	-13.234713
indigenous	-13.235532
awakening	-13.235532
bop	-13.235532
hippies	-13.235532
exorcism	-13.235532
swiftly	-13.236352
gamblers	-13.236352
jd	-13.236352
scoob	-13.236352
maddox	-13.236352
blinding	-13.237173
engraved	-13.237173
kahn	-13.237173
labeled	-13.237173
maude	-13.237173
comforts	-13.237173
ample	-13.237173
hyo	-13.237173
clang	-13.237173
understatement	-13.237173
disqualified	-13.237173
taels	-13.237173
brando	-13.237173
meteorite	-13.237173
seok	-13.237994
trio	-13.237994
centimeters	-13.237994
fae	-13.237994
reconnaissance	-13.237994
darnell	-13.237994
flares	-13.237994
leukemia	-13.237994
gupta	-13.237994
alexei	-13.237994
palermo	-13.238816
shareholders	-13.238816
kelsey	-13.238816
commandments	-13.238816
optimus	-13.238816
din	-13.238816
isa	-13.238816
camper	-13.238816
smoker	-13.238816
frankfurt	-13.238816
serene	-13.239639
jocelyn	-13.239639
trolls	-13.239639
intentional	-13.239639
icing	-13.240462
fore	-13.240462
bali	-13.240462
gorge	-13.240462
hermit	-13.241286
countrymen	-13.241286
vibrant	-13.241286
smuggler	-13.241286
dosage	-13.241286
fictional	-13.241286
fakes	-13.241286
runt	-13.242111
antonia	-13.242111
intolerable	-13.242111
pavilion	-13.242111
livia	-13.242111
pretext	-13.242111
wail	-13.242111
madge	-13.242111
skid	-13.242111
adores	-13.242111
ibrahim	-13.242111
cunningham	-13.242936
jekyll	-13.242936
swapped	-13.242936
phoning	-13.242936
barbed	-13.242936
pledged	-13.242936
galactica	-13.242936
ecstatic	-13.242936
mtv	-13.242936
genitals	-13.243762
ancients	-13.243762
yee	-13.243762
weakly	-13.244589
typhoon	-13.244589
citizenship	-13.244589
terra	-13.244589
turbulence	-13.244589
responds	-13.244589
lowe	-13.244589
perpetual	-13.244589
skis	-13.245417
tipping	-13.245417
irons	-13.245417
lash	-13.245417
trades	-13.245417
shagging	-13.245417
marshmallows	-13.245417
possum	-13.246245
jericho	-13.246245
saxon	-13.246245
enchanting	-13.246245
sleazy	-13.246245
abner	-13.246245
upsets	-13.247074
imaging	-13.247074
dis	-13.247074
stefano	-13.247074
amaze	-13.247074
kimono	-13.247074
fleischman	-13.247074
johannes	-13.247074
disobeyed	-13.247074
firsthand	-13.247903
vans	-13.247903
smallpox	-13.247903
accomplishment	-13.247903
vu	-13.247903
complicate	-13.247903
voltage	-13.247903
traction	-13.247903
lifeguard	-13.247903
mcbride	-13.247903
universities	-13.248733
swimsuit	-13.248733
discarded	-13.248733
romano	-13.248733
infiltrated	-13.248733
goodbyes	-13.248733
guillotine	-13.249564
ipod	-13.249564
specifics	-13.249564
nuke	-13.249564
katz	-13.250396
khun	-13.250396
chipped	-13.250396
limbo	-13.250396
rehearsed	-13.250396
davidson	-13.250396
lima	-13.250396
moto	-13.250396
marketplace	-13.250396
rj	-13.250396
cleansing	-13.250396
scientifically	-13.251228
pepperoni	-13.251228
dissolved	-13.251228
auggie	-13.251228
cholera	-13.251228
packets	-13.251228
punctual	-13.251228
mockery	-13.251228
rafe	-13.251228
migraine	-13.251228
cedar	-13.252061
bends	-13.252061
myung	-13.252061
fancies	-13.252061
margie	-13.252061
fallout	-13.252061
casserole	-13.252061
girly	-13.252061
graft	-13.252061
yvette	-13.252061
stickers	-13.252895
benefactor	-13.252895
vendetta	-13.252895
arun	-13.252895
chiang	-13.252895
fatherland	-13.252895
boon	-13.252895
lazarus	-13.252895
participated	-13.252895
dottie	-13.252895
banish	-13.253729
lush	-13.253729
talker	-13.253729
leavin	-13.253729
gulps	-13.253729
pups	-13.253729
washroom	-13.253729
soar	-13.253729
frightens	-13.253729
firefighter	-13.253729
wipes	-13.254564
infect	-13.254564
desserts	-13.254564
concepts	-13.254564
stimulating	-13.254564
indicating	-13.254564
sequel	-13.255400
sherwood	-13.255400
earnest	-13.255400
disposable	-13.256237
noir	-13.256237
lem	-13.256237
sturdy	-13.256237
finnish	-13.256237
wook	-13.256237
traditionally	-13.256237
abomination	-13.256237
compact	-13.256237
samir	-13.257074
hyderabad	-13.257074
chino	-13.257074
grandkids	-13.257074
rec	-13.257074
souvenirs	-13.257074
shredded	-13.257074
minerals	-13.257074
hints	-13.257074
forsaken	-13.257074
rubles	-13.257912
lucius	-13.257912
anus	-13.257912
pharmacist	-13.257912
puffs	-13.257912
diaries	-13.257912
unannounced	-13.257912
honolulu	-13.258750
calculating	-13.258750
blindfolded	-13.258750
kingsley	-13.258750
battleship	-13.258750
presumed	-13.258750
exceptionally	-13.258750
topless	-13.258750
scouting	-13.258750
durant	-13.258750
alarming	-13.258750
bias	-13.258750
estates	-13.258750
fatima	-13.258750
pods	-13.258750
assisting	-13.258750
molested	-13.259590
offerings	-13.259590
believable	-13.259590
airports	-13.259590
overrun	-13.259590
parlour	-13.259590
fearsome	-13.259590
ticks	-13.260429
widower	-13.260429
versailles	-13.260429
draper	-13.260429
endanger	-13.260429
dummies	-13.260429
sook	-13.261270
exploitation	-13.261270
summary	-13.262112
joanie	-13.262112
drool	-13.262112
plugs	-13.262112
taelons	-13.262112
piled	-13.262112
informal	-13.262954
stabler	-13.262954
authorize	-13.262954
promptly	-13.262954
dover	-13.262954
robotnik	-13.262954
faithfully	-13.262954
gemini	-13.263796
selfless	-13.263796
phelps	-13.263796
leech	-13.263796
sentencing	-13.264640
perverts	-13.264640
sassy	-13.265484
vegetation	-13.265484
nab	-13.265484
lim	-13.265484
carton	-13.265484
featuring	-13.265484
scapegoat	-13.265484
burr	-13.265484
provinces	-13.265484
nd	-13.265484
regroup	-13.265484
heller	-13.265484
machete	-13.265484
micky	-13.265484
rebellious	-13.265484
celebrations	-13.265484
reconcile	-13.265484
technicians	-13.265484
merits	-13.266329
prosecutors	-13.266329
eunuch	-13.266329
unrelated	-13.266329
captivity	-13.266329
aroma	-13.266329
barred	-13.266329
pe	-13.266329
crumbling	-13.266329
manila	-13.266329
snowball	-13.266329
armenian	-13.266329
penetrated	-13.267175
atlas	-13.267175
volts	-13.267175
yolanda	-13.267175
evasive	-13.267175
piling	-13.267175
watkins	-13.267175
eisenhower	-13.268021
cullen	-13.268021
commodity	-13.268021
bimbo	-13.268021
starbucks	-13.268021
riverside	-13.268021
dismissal	-13.268868
dada	-13.268868
afternoons	-13.268868
ballad	-13.268868
cheerleading	-13.268868
haystack	-13.268868
perv	-13.268868
contamination	-13.268868
hye	-13.268868
blurry	-13.269716
lowlife	-13.269716
malaysia	-13.269716
reddington	-13.269716
gah	-13.269716
recreation	-13.269716
authors	-13.269716
wrongs	-13.270565
regulars	-13.270565
fascism	-13.270565
fridays	-13.270565
scheming	-13.270565
outgoing	-13.270565
penniless	-13.270565
weaken	-13.270565
wrongly	-13.270565
whirs	-13.271414
sandoval	-13.271414
sweeney	-13.271414
patiently	-13.271414
birch	-13.271414
incompetence	-13.271414
spartan	-13.271414
colombian	-13.271414
kobe	-13.272264
kaos	-13.272264
prohibition	-13.272264
gorillas	-13.272264
oakland	-13.272264
requirement	-13.272264
skateboard	-13.272264
zo	-13.272264
lew	-13.272264
similarities	-13.273115
grazie	-13.273115
aviation	-13.273115
despised	-13.273115
accessories	-13.273115
perished	-13.273115
wilhelm	-13.273115
inferno	-13.273115
swoop	-13.273115
linden	-13.273115
quill	-13.273115
diverse	-13.273115
hawking	-13.273966
payoff	-13.273966
retaliation	-13.273966
raines	-13.273966
whorehouse	-13.273966
wigs	-13.273966
megatron	-13.273966
patel	-13.273966
relevance	-13.273966
novelist	-13.273966
carpets	-13.273966
brenner	-13.273966
mambo	-13.273966
shoplifting	-13.274818
amp	-13.274818
suffocated	-13.274818
soho	-13.274818
grotesque	-13.274818
stewardess	-13.274818
cochran	-13.274818
jukebox	-13.274818
minors	-13.274818
oo	-13.274818
detecting	-13.274818
pillars	-13.275671
interfered	-13.275671
establishing	-13.275671
atheist	-13.275671
algae	-13.275671
uni	-13.275671
krista	-13.276525
haiti	-13.276525
mouthful	-13.276525
algebra	-13.276525
luka	-13.276525
conor	-13.276525
energies	-13.276525
pandora	-13.276525
collections	-13.277379
punjab	-13.277379
trojan	-13.277379
disadvantage	-13.277379
regan	-13.277379
nevermind	-13.277379
headless	-13.277379
cortex	-13.277379
ganga	-13.277379
valium	-13.277379
berserk	-13.277379
ritz	-13.278234
flack	-13.278234
transfers	-13.278234
adamant	-13.278234
shortest	-13.278234
distinctly	-13.278234
kimi	-13.278234
doorknob	-13.279090
ruptured	-13.279090
indoor	-13.279090
millionaires	-13.279090
carts	-13.279090
cords	-13.279090
carmela	-13.279946
arlene	-13.279946
celery	-13.279946
jonesy	-13.279946
residency	-13.279946
conveniently	-13.279946
ranking	-13.279946
foil	-13.279946
responses	-13.279946
sweety	-13.280804
jaffa	-13.280804
troublemaker	-13.280804
slum	-13.280804
landry	-13.280804
palestinian	-13.280804
floss	-13.281662
hap	-13.281662
maw	-13.281662
shushing	-13.281662
carnage	-13.281662
rapper	-13.281662
bucky	-13.281662
poole	-13.282520
vogue	-13.282520
troopers	-13.282520
squeaky	-13.282520
aditya	-13.282520
undertaker	-13.282520
compromising	-13.282520
daisuke	-13.283380
eureka	-13.283380
privy	-13.283380
sacramento	-13.283380
encryption	-13.283380
burrows	-13.283380
hoist	-13.283380
emphasis	-13.283380
moderate	-13.284240
retro	-13.284240
cincinnati	-13.284240
mainframe	-13.284240
sociopath	-13.284240
elmo	-13.284240
nighttime	-13.285101
namely	-13.285101
mads	-13.285101
mistook	-13.285101
delaney	-13.285101
cannabis	-13.285101
aims	-13.285101
spraying	-13.285101
craziness	-13.285963
stares	-13.285963
ballistic	-13.285963
fussing	-13.285963
uncanny	-13.285963
salaam	-13.285963
rainforest	-13.285963
arlo	-13.285963
lunatics	-13.286825
ebay	-13.286825
futures	-13.286825
confederate	-13.286825
kelvin	-13.286825
benito	-13.286825
hunts	-13.286825
ridicule	-13.286825
unethical	-13.287688
nai	-13.287688
flushes	-13.287688
gregor	-13.287688
aeryn	-13.288552
groot	-13.288552
yue	-13.288552
jer	-13.288552
ringtone	-13.288552
manson	-13.288552
monuments	-13.288552
crafty	-13.288552
cooled	-13.288552
jingles	-13.288552
chronicle	-13.288552
vested	-13.288552
trademark	-13.288552
trampled	-13.289417
ku	-13.289417
mules	-13.289417
piglet	-13.289417
cherished	-13.289417
shang	-13.289417
alba	-13.289417
clem	-13.289417
persuasion	-13.289417
genocide	-13.289417
brilliance	-13.289417
toledo	-13.289417
persecuted	-13.289417
tuesdays	-13.290282
inability	-13.290282
quincy	-13.290282
shalom	-13.290282
toil	-13.290282
weiss	-13.290282
hes	-13.290282
alexandria	-13.291149
sdi	-13.291149
epi	-13.291149
orthodox	-13.291149
custard	-13.291149
bosnia	-13.291149
wuss	-13.292016
mondo	-13.292016
detonation	-13.292016
cylon	-13.292016
evicted	-13.292016
mailed	-13.292883
liberties	-13.292883
martine	-13.292883
newport	-13.292883
untrue	-13.292883
berg	-13.292883
bland	-13.292883
heirs	-13.292883
praises	-13.292883
osama	-13.292883
ancestral	-13.293752
relish	-13.293752
romero	-13.293752
toxin	-13.293752
seating	-13.293752
bras	-13.293752
medici	-13.293752
flattery	-13.293752
unspeakable	-13.293752
reincarnation	-13.294621
evolving	-13.294621
marin	-13.294621
muster	-13.294621
cramps	-13.294621
characteristic	-13.294621
schizophrenic	-13.294621
enjoyment	-13.294621
bangalore	-13.294621
britt	-13.295491
employers	-13.295491
casings	-13.295491
painfully	-13.295491
delays	-13.296362
overweight	-13.296362
dreary	-13.296362
canceling	-13.296362
viola	-13.296362
behaves	-13.296362
tragically	-13.296362
mindless	-13.296362
colette	-13.296362
poisons	-13.296362
unheard	-13.296362
pyjamas	-13.297233
contractors	-13.297233
cisco	-13.297233
flashy	-13.297233
commend	-13.297233
cinch	-13.297233
presses	-13.297233
mater	-13.297233
plucked	-13.297233
repeats	-13.298105
carriers	-13.298105
gen	-13.298105
omaha	-13.298105
participants	-13.298105
payne	-13.298105
yawning	-13.298105
conan	-13.298105
faraway	-13.298105
mackerel	-13.298105
loki	-13.298978
flakes	-13.298978
meyers	-13.298978
raincoat	-13.298978
thereby	-13.298978
sewn	-13.298978
reilly	-13.298978
fyi	-13.298978
nostalgia	-13.298978
descendant	-13.298978
hopped	-13.299852
handyman	-13.299852
lagoon	-13.299852
merciless	-13.299852
bouncer	-13.299852
speck	-13.299852
lifeless	-13.299852
westminster	-13.300726
donner	-13.300726
lancelot	-13.300726
anarchist	-13.300726
amish	-13.300726
ophelia	-13.300726
mart	-13.300726
sympathize	-13.301602
croft	-13.301602
susanna	-13.301602
sneaked	-13.301602
shiver	-13.301602
pointy	-13.301602
tod	-13.301602
fad	-13.301602
dwelling	-13.301602
decipher	-13.301602
acre	-13.301602
animated	-13.301602
predictions	-13.302478
ehh	-13.302478
penetration	-13.302478
queenie	-13.302478
tampering	-13.302478
suk	-13.302478
unsafe	-13.302478
conned	-13.302478
merrick	-13.302478
contractions	-13.303355
chaperone	-13.303355
clipped	-13.303355
masha	-13.303355
ap	-13.303355
singular	-13.303355
loathe	-13.303355
manipulative	-13.303355
outraged	-13.303355
lurch	-13.303355
ultimatum	-13.304232
delegate	-13.304232
pedophile	-13.304232
directive	-13.304232
pleaded	-13.305110
reducing	-13.305110
hurtful	-13.305110
latino	-13.305110
wick	-13.305110
smoothie	-13.305110
traumatized	-13.305110
thermometer	-13.305990
vines	-13.305990
fugitives	-13.305990
persona	-13.305990
channing	-13.305990
herbie	-13.305990
aargh	-13.306869
marcello	-13.306869
pritchard	-13.306869
ist	-13.306869
taping	-13.306869
arkansas	-13.306869
norfolk	-13.306869
yamamoto	-13.306869
congressional	-13.307750
askin	-13.307750
haze	-13.307750
macau	-13.307750
bazaar	-13.308632
enabled	-13.308632
deserts	-13.308632
steiner	-13.308632
eloped	-13.308632
mutilated	-13.308632
walnut	-13.308632
excite	-13.309514
pegasus	-13.309514
swallowing	-13.309514
plutonium	-13.309514
doomsday	-13.309514
talia	-13.309514
moriarty	-13.310397
cycling	-13.310397
cougar	-13.310397
guillaume	-13.310397
spaniards	-13.310397
asparagus	-13.310397
quagmire	-13.310397
thorpe	-13.311281
donnelly	-13.311281
nathalie	-13.311281
centauri	-13.311281
sims	-13.311281
blasphemy	-13.311281
rents	-13.311281
continually	-13.311281
nu	-13.312165
newlyweds	-13.312165
huddle	-13.312165
adolescent	-13.312165
crescent	-13.312165
loch	-13.313051
saddest	-13.313051
gustavo	-13.313051
bleeds	-13.313051
giulia	-13.313051
turnout	-13.313051
nudity	-13.313051
alternatives	-13.313051
intoxication	-13.313051
doves	-13.313051
interstate	-13.313051
spokesman	-13.313051
itinerary	-13.313051
slipper	-13.313051
monsoon	-13.313051
unfold	-13.313937
appetizers	-13.313937
scripture	-13.313937
relaxation	-13.313937
pox	-13.313937
pilar	-13.313937
rabid	-13.313937
cackles	-13.313937
kiddies	-13.313937
lovable	-13.313937
termination	-13.313937
coy	-13.313937
eyelids	-13.314824
motorcycles	-13.314824
insufficient	-13.314824
ceremonial	-13.314824
malt	-13.314824
leaned	-13.314824
muller	-13.314824
soames	-13.315711
hectic	-13.315711
sudan	-13.315711
nba	-13.315711
owls	-13.315711
displays	-13.315711
brewery	-13.315711
primal	-13.315711
narrowed	-13.315711
bidder	-13.315711
dipped	-13.316600
dormant	-13.316600
asher	-13.316600
diagnostic	-13.316600
galen	-13.316600
selfridge	-13.316600
breathtaking	-13.316600
saber	-13.316600
specials	-13.316600
xo	-13.317489
apt	-13.317489
winnings	-13.317489
embracing	-13.318379
louvre	-13.318379
homosexuality	-13.318379
georg	-13.318379
solace	-13.318379
gladiator	-13.318379
chapters	-13.318379
foxy	-13.318379
whinnying	-13.318379
scuba	-13.318379
lui	-13.319270
kessler	-13.319270
deprive	-13.319270
reckons	-13.319270
fender	-13.319270
areyou	-13.319270
mags	-13.319270
damsel	-13.319270
brah	-13.319270
cannibal	-13.319270
chilled	-13.319270
leopold	-13.319270
milwaukee	-13.320162
supplying	-13.320162
rightfully	-13.320162
vandalism	-13.320162
atleast	-13.320162
shrinking	-13.320162
reginald	-13.320162
robotic	-13.320162
rolf	-13.321054
krauts	-13.321054
hiro	-13.321054
karim	-13.321054
pj	-13.321054
garibaldi	-13.321054
ragged	-13.321054
bilko	-13.321054
hoyt	-13.321054
roma	-13.321054
surplus	-13.321054
judo	-13.321054
doctrine	-13.321947
accessible	-13.321947
crazed	-13.321947
audi	-13.321947
purposely	-13.321947
sleet	-13.321947
yugoslavia	-13.321947
ostrich	-13.321947
gunning	-13.321947
estelle	-13.321947
oversee	-13.321947
atrocities	-13.322841
landmark	-13.322841
holdings	-13.322841
generators	-13.322841
cheerio	-13.322841
unimaginable	-13.322841
stimulate	-13.322841
incriminating	-13.322841
jap	-13.322841
clangs	-13.322841
fanatic	-13.322841
surreal	-13.323736
sewage	-13.323736
dehydrated	-13.323736
acoustic	-13.323736
ante	-13.323736
afloat	-13.323736
kapoor	-13.323736
genevieve	-13.324632
charisma	-13.324632
sadistic	-13.324632
zeo	-13.324632
iconic	-13.324632
enormously	-13.324632
constructive	-13.324632
elk	-13.324632
exhaling	-13.324632
admissions	-13.325528
inexperienced	-13.325528
misjudged	-13.325528
mast	-13.325528
clubhouse	-13.325528
meade	-13.325528
illustrious	-13.325528
prepping	-13.325528
declaring	-13.325528
nucleus	-13.325528
whomever	-13.325528
councillor	-13.326426
curls	-13.326426
camden	-13.326426
cowl	-13.326426
townsend	-13.326426
unsure	-13.326426
mag	-13.326426
colton	-13.327324
prentiss	-13.327324
costello	-13.327324
chul	-13.327324
henrietta	-13.327324
cures	-13.327324
marla	-13.327324
swanson	-13.327324
autographs	-13.328223
borderline	-13.328223
provocation	-13.328223
perverse	-13.328223
nutrients	-13.328223
occult	-13.328223
cadets	-13.328223
socket	-13.329122
shawl	-13.329122
mio	-13.329122
markham	-13.329122
framing	-13.329122
junkyard	-13.329122
cabot	-13.329122
twitch	-13.329122
influences	-13.329122
browning	-13.329122
jfk	-13.330023
upward	-13.330023
cooped	-13.330023
rooted	-13.330023
deserving	-13.330023
goro	-13.330023
dost	-13.330023
burps	-13.330023
ludicrous	-13.330023
demonstrations	-13.330023
biography	-13.330023
cy	-13.330924
concludes	-13.330924
retreating	-13.330924
satin	-13.330924
bridesmaid	-13.330924
penicillin	-13.330924
murmur	-13.330924
martinis	-13.331826
deployment	-13.331826
pence	-13.331826
predecessor	-13.331826
feeny	-13.331826
canon	-13.331826
tian	-13.331826
underlying	-13.331826
avon	-13.331826
accessed	-13.331826
blowjob	-13.331826
ashton	-13.331826
transfusion	-13.332729
blockade	-13.332729
mischievous	-13.332729
doreen	-13.332729
jiffy	-13.332729
repressed	-13.332729
driscoll	-13.332729
kaplan	-13.332729
showered	-13.332729
biff	-13.332729
yarn	-13.332729
astonished	-13.333633
catchy	-13.333633
titanium	-13.333633
maguire	-13.333633
deserter	-13.333633
dah	-13.333633
documentation	-13.333633
guineas	-13.333633
hotch	-13.333633
explored	-13.333633
bom	-13.334537
dunham	-13.334537
playoffs	-13.334537
faraday	-13.334537
feisty	-13.334537
explorers	-13.334537
blanca	-13.334537
imam	-13.334537
plainly	-13.335443
federico	-13.335443
theaters	-13.335443
inadequate	-13.335443
caddy	-13.336349
astounding	-13.336349
highlands	-13.336349
hustler	-13.336349
clans	-13.336349
paternity	-13.336349
washer	-13.336349
borne	-13.336349
gilles	-13.337256
disclosure	-13.337256
negotiated	-13.337256
attracting	-13.337256
andie	-13.337256
indigestion	-13.337256
spur	-13.337256
cabe	-13.337256
mayer	-13.337256
schnapps	-13.337256
hagen	-13.337256
renegade	-13.337256
barley	-13.338164
koji	-13.338164
spiked	-13.338164
complains	-13.338164
repairing	-13.338164
cheapest	-13.338164
foxes	-13.338164
barf	-13.338164
sox	-13.338164
magicians	-13.339073
inquest	-13.339073
humidity	-13.339073
featured	-13.339073
keiko	-13.339073
midwest	-13.339073
reptile	-13.339073
priscilla	-13.339073
mythical	-13.339073
paramount	-13.339073
bitching	-13.339073
unpaid	-13.339073
neatly	-13.339982
abbie	-13.339982
volvo	-13.339982
hippo	-13.339982
smacked	-13.339982
smokin	-13.340892
brigitte	-13.340892
dodger	-13.340892
fallin	-13.340892
rigby	-13.340892
shepherds	-13.340892
swamped	-13.340892
hailey	-13.340892
prepped	-13.340892
frivolous	-13.340892
copyright	-13.340892
witnessing	-13.341804
duly	-13.341804
glide	-13.341804
enclosed	-13.341804
fai	-13.341804
nameless	-13.342716
rai	-13.342716
armando	-13.342716
electrons	-13.342716
constellation	-13.342716
howe	-13.342716
inhabited	-13.343628
sketchy	-13.343628
implore	-13.343628
malice	-13.343628
agreements	-13.343628
johanna	-13.343628
deformed	-13.343628
billing	-13.343628
cornwall	-13.343628
crusher	-13.344542
strains	-13.344542
orchids	-13.344542
riker	-13.344542
outdated	-13.344542
reinforced	-13.344542
yamada	-13.344542
newark	-13.344542
trainers	-13.344542
janis	-13.344542
provocative	-13.344542
hemingway	-13.344542
ci	-13.344542
complimentary	-13.344542
bethlehem	-13.345457
suppressed	-13.345457
bordeaux	-13.345457
goodies	-13.345457
geeks	-13.345457
festivities	-13.345457
checkers	-13.346372
migration	-13.346372
brig	-13.346372
bloodstream	-13.347288
distraught	-13.347288
grasshopper	-13.347288
ashok	-13.347288
hardships	-13.347288
tickling	-13.347288
desolate	-13.347288
masturbation	-13.347288
fiasco	-13.347288
jem	-13.347288
rudi	-13.347288
sufficiently	-13.348205
hereditary	-13.348205
psychologically	-13.348205
orient	-13.348205
gullible	-13.348205
falsely	-13.348205
friar	-13.349123
tuvok	-13.349123
underwood	-13.349123
abed	-13.349123
gunpoint	-13.349123
jiro	-13.349123
luo	-13.349123
vern	-13.349123
realtor	-13.349123
attire	-13.350042
clientele	-13.350042
passages	-13.350042
dreaded	-13.350042
hatched	-13.350961
hardened	-13.350961
navid	-13.350961
innovative	-13.350961
kroner	-13.351882
patched	-13.351882
guidelines	-13.351882
juices	-13.351882
lockup	-13.351882
delgado	-13.351882
slopes	-13.351882
conclusive	-13.351882
latex	-13.351882
chennai	-13.351882
rey	-13.351882
deathbed	-13.352803
collapses	-13.352803
schoolgirl	-13.352803
fuzz	-13.352803
imposing	-13.352803
settings	-13.352803
nationwide	-13.352803
schoolteacher	-13.352803
dealership	-13.352803
kei	-13.352803
hearings	-13.352803
negotiator	-13.353725
drills	-13.353725
brightly	-13.353725
dames	-13.353725
neutralize	-13.353725
rosario	-13.353725
ninjas	-13.353725
manicure	-13.353725
meditate	-13.354648
eavesdropping	-13.354648
viewer	-13.354648
mormon	-13.354648
dipping	-13.354648
splits	-13.354648
muzzle	-13.354648
redneck	-13.354648
seatbelt	-13.354648
richter	-13.354648
atone	-13.354648
envoy	-13.355572
sentiments	-13.355572
poorer	-13.355572
tia	-13.355572
sweeps	-13.355572
forgives	-13.355572
improper	-13.355572
niagara	-13.355572
highland	-13.355572
hardworking	-13.355572
enlist	-13.356496
wilcox	-13.356496
medically	-13.356496
chittering	-13.356496
pappy	-13.356496
scarred	-13.356496
claps	-13.356496
gia	-13.356496
outcast	-13.356496
faucet	-13.357422
prepares	-13.357422
taboo	-13.357422
weaponry	-13.357422
consensus	-13.357422
breathed	-13.357422
maneuvers	-13.357422
archaeologist	-13.357422
tolls	-13.357422
gobble	-13.357422
gibbering	-13.358348
rican	-13.358348
maud	-13.358348
darby	-13.358348
hernandez	-13.358348
smitty	-13.358348
rica	-13.358348
widespread	-13.358348
scraped	-13.359275
boutique	-13.359275
quake	-13.359275
ignite	-13.359275
provider	-13.359275
sprinkle	-13.359275
serbia	-13.359275
contradict	-13.359275
realities	-13.359275
valentina	-13.359275
shaping	-13.360203
powdered	-13.360203
indestructible	-13.360203
electrocuted	-13.360203
silverware	-13.360203
disorders	-13.360203
everytime	-13.360203
terence	-13.360203
albany	-13.360203
armory	-13.360203
delegates	-13.361132
pathology	-13.361132
inspires	-13.361132
poked	-13.361132
scumbags	-13.361132
cyclops	-13.361132
floated	-13.361132
intrigue	-13.361132
auditorium	-13.361132
kashmir	-13.362062
inspirational	-13.362062
doodle	-13.362062
raisins	-13.362062
sibling	-13.362062
emery	-13.362062
anomalies	-13.362993
forrester	-13.362993
honorary	-13.362993
concession	-13.362993
midway	-13.362993
reload	-13.362993
sweaters	-13.362993
dormitory	-13.362993
accelerated	-13.362993
fluke	-13.362993
larkin	-13.363924
dwarves	-13.363924
nutrition	-13.363924
kendra	-13.363924
warlock	-13.363924
exploiting	-13.363924
bloated	-13.363924
proclaim	-13.363924
middleton	-13.363924
choreography	-13.363924
patriotism	-13.364857
sash	-13.364857
detached	-13.364857
niki	-13.364857
fest	-13.364857
intensely	-13.364857
raced	-13.364857
sprint	-13.364857
endorsement	-13.364857
gage	-13.364857
carlisle	-13.365790
hobo	-13.365790
gauntlet	-13.365790
crowbar	-13.365790
progressing	-13.365790
groin	-13.365790
prudence	-13.365790
inseparable	-13.365790
chopsticks	-13.365790
guthrie	-13.365790
foo	-13.366724
cavanaugh	-13.366724
saxophone	-13.366724
fiat	-13.366724
drains	-13.366724
thrusters	-13.366724
tink	-13.367659
visibility	-13.367659
passionately	-13.367659
wannabe	-13.367659
klara	-13.367659
tiresome	-13.367659
complexity	-13.367659
homicidal	-13.367659
succeeds	-13.367659
rom	-13.367659
scolding	-13.367659
indicted	-13.368595
prix	-13.368595
alexa	-13.368595
uninvited	-13.368595
insider	-13.368595
kamal	-13.368595
moz	-13.368595
bondage	-13.368595
chao	-13.369532
taser	-13.369532
indifference	-13.369532
tum	-13.369532
slang	-13.369532
tending	-13.369532
compton	-13.369532
gunn	-13.369532
campaigns	-13.369532
resistant	-13.369532
baines	-13.369532
urged	-13.369532
reacts	-13.370469
snag	-13.370469
fidelity	-13.370469
mcnally	-13.370469
rattled	-13.370469
stalls	-13.370469
quickest	-13.370469
copycat	-13.371408
wilde	-13.371408
damnation	-13.371408
burma	-13.371408
cashed	-13.371408
dodging	-13.371408
canopy	-13.372347
ridley	-13.372347
ilana	-13.372347
ogden	-13.372347
goof	-13.372347
twister	-13.372347
rolex	-13.372347
seriousness	-13.372347
toothless	-13.372347
reckoned	-13.372347
macdonald	-13.372347
retching	-13.372347
immensely	-13.373288
overlooking	-13.373288
airway	-13.373288
lm	-13.373288
rickshaw	-13.373288
esposito	-13.373288
propulsion	-13.373288
elsie	-13.373288
butchered	-13.373288
orbiting	-13.373288
herds	-13.373288
comprehensive	-13.374229
reckoning	-13.374229
shelton	-13.374229
israelis	-13.374229
thursdays	-13.374229
fabian	-13.374229
journeys	-13.374229
confiscate	-13.374229
coworkers	-13.374229
checkup	-13.374229
wad	-13.374229
aeroplane	-13.374229
innocents	-13.375171
endeavor	-13.375171
shootings	-13.375171
daybreak	-13.375171
mandate	-13.375171
estimates	-13.375171
inflict	-13.375171
drapes	-13.376114
bellamy	-13.376114
wolverine	-13.376114
socrates	-13.376114
subspace	-13.376114
notebooks	-13.376114
unrest	-13.376114
annika	-13.377058
hyuk	-13.377058
shiro	-13.377058
lala	-13.377058
cram	-13.377058
salts	-13.377058
infinitely	-13.377058
exemplary	-13.377058
bearings	-13.377058
replicate	-13.377058
perfected	-13.377058
cao	-13.377058
olympus	-13.378002
baboon	-13.378002
reproach	-13.378002
completing	-13.378002
medusa	-13.378002
sewed	-13.378002
teased	-13.378948
karev	-13.378948
adversary	-13.378948
captions	-13.378948
doyou	-13.378948
stitched	-13.378948
abruptly	-13.378948
stacks	-13.378948
sioux	-13.378948
rapes	-13.378948
ether	-13.378948
hoodie	-13.378948
namaste	-13.378948
extradition	-13.378948
vincenzo	-13.378948
ange	-13.379895
cambodia	-13.379895
clicked	-13.379895
tallest	-13.379895
jeb	-13.379895
unison	-13.379895
ion	-13.379895
bozo	-13.379895
undertaking	-13.379895
relating	-13.379895
enrolled	-13.379895
sprouts	-13.380842
secretaries	-13.380842
projected	-13.380842
turkeys	-13.380842
irwin	-13.380842
fink	-13.380842
zedd	-13.380842
sipping	-13.381790
africans	-13.381790
macarthur	-13.381790
visionary	-13.382740
borden	-13.382740
talkative	-13.382740
alyssa	-13.382740
sie	-13.382740
kemp	-13.382740
jeffries	-13.382740
unkind	-13.382740
pegged	-13.383690
conservation	-13.383690
veto	-13.383690
blondes	-13.383690
heartfelt	-13.383690
outlook	-13.383690
wrinkled	-13.383690
valeria	-13.383690
teleport	-13.383690
interrogating	-13.383690
diabolical	-13.383690
breather	-13.383690
desks	-13.384641
eyebrow	-13.384641
tut	-13.384641
sightseeing	-13.384641
unwilling	-13.384641
profoundly	-13.384641
barclay	-13.384641
dearie	-13.384641
dae	-13.384641
nearing	-13.384641
hester	-13.384641
franks	-13.384641
rashid	-13.384641
auditioning	-13.384641
dyed	-13.384641
pharmaceuticals	-13.384641
cantonese	-13.384641
pika	-13.385593
martina	-13.385593
clarkson	-13.385593
toki	-13.385593
outright	-13.385593
ito	-13.385593
coincidences	-13.385593
downside	-13.385593
oats	-13.385593
ortiz	-13.385593
administered	-13.385593
downward	-13.385593
okinawa	-13.385593
graduates	-13.386545
palate	-13.386545
jihad	-13.386545
nakamura	-13.386545
emmet	-13.386545
lucrezia	-13.386545
martians	-13.386545
nasal	-13.386545
enduring	-13.386545
winged	-13.386545
thrashing	-13.387499
dumber	-13.387499
faggots	-13.387499
bernice	-13.387499
vibration	-13.387499
musketeers	-13.387499
tumour	-13.387499
stature	-13.387499
petrified	-13.387499
erich	-13.387499
ieast	-13.388454
hiss	-13.388454
baht	-13.388454
rematch	-13.388454
lakshmi	-13.388454
lightweight	-13.388454
rah	-13.388454
eunice	-13.388454
pharrell	-13.388454
attentive	-13.389409
dunbar	-13.389409
negatives	-13.389409
ge	-13.389409
fates	-13.389409
equity	-13.389409
ringer	-13.389409
tvs	-13.389409
brooch	-13.389409
delinquent	-13.390366
schizophrenia	-13.390366
bangles	-13.390366
sculptor	-13.390366
netherlands	-13.390366
inca	-13.390366
ado	-13.390366
odessa	-13.390366
marisol	-13.391323
neurological	-13.391323
slums	-13.391323
comets	-13.391323
strife	-13.391323
coordinator	-13.391323
chokes	-13.391323
santana	-13.391323
guerrilla	-13.391323
charismatic	-13.391323
xev	-13.391323
garret	-13.391323
startling	-13.391323
historically	-13.392282
funnel	-13.392282
curator	-13.392282
improvements	-13.392282
campfire	-13.392282
castillo	-13.392282
himalayas	-13.392282
storeroom	-13.392282
jez	-13.392282
tulip	-13.392282
looting	-13.392282
pinball	-13.392282
decaf	-13.392282
marshmallow	-13.392282
guitars	-13.393241
sharpen	-13.393241
darla	-13.393241
refreshments	-13.393241
tensions	-13.393241
mckinley	-13.393241
hathaway	-13.393241
leaping	-13.393241
reconciliation	-13.394201
vou	-13.394201
greenwich	-13.394201
waterloo	-13.394201
isaiah	-13.394201
ofyou	-13.395162
idols	-13.395162
induce	-13.395162
cosmetic	-13.395162
grooming	-13.395162
dalek	-13.395162
rejecting	-13.395162
cortez	-13.395162
schooling	-13.395162
wasteland	-13.395162
blueprint	-13.395162
biz	-13.396124
smokey	-13.396124
nostalgic	-13.396124
lon	-13.396124
leprechaun	-13.396124
zulu	-13.396124
dinging	-13.396124
hoof	-13.396124
timetable	-13.396124
transmissions	-13.396124
barkley	-13.396124
analogy	-13.396124
stomping	-13.396124
judgmental	-13.397087
bagels	-13.397087
levine	-13.397087
meowing	-13.397087
wallets	-13.397087
nightgown	-13.397087
demolished	-13.397087
bobbie	-13.398051
lafayette	-13.398051
electron	-13.398051
cones	-13.398051
motherfuckin	-13.398051
calculation	-13.398051
dreamy	-13.398051
vigilant	-13.399016
asgard	-13.399016
suppliers	-13.399016
vogel	-13.399016
companionship	-13.399016
dangling	-13.399016
pic	-13.399016
rushes	-13.399016
paired	-13.399016
withholding	-13.399016
clones	-13.399016
burnett	-13.399016
bolivia	-13.399016
commitments	-13.399016
airs	-13.399016
tubbs	-13.399981
demented	-13.399981
apprehend	-13.399981
learner	-13.399981
minions	-13.399981
toro	-13.399981
scenarios	-13.399981
sandro	-13.399981
fda	-13.399981
overreacted	-13.400948
contradiction	-13.400948
gregg	-13.400948
vat	-13.400948
nia	-13.400948
bellies	-13.400948
mardi	-13.401916
horizons	-13.401916
rev	-13.401916
puny	-13.401916
nominee	-13.401916
insolence	-13.401916
wartime	-13.401916
fm	-13.401916
shing	-13.402884
grapefruit	-13.402884
deodorant	-13.402884
concede	-13.402884
homosexuals	-13.402884
hierarchy	-13.402884
remnants	-13.402884
detectors	-13.402884
sever	-13.402884
hendricks	-13.402884
nachos	-13.402884
jens	-13.403854
munitions	-13.403854
gyu	-13.403854
trailing	-13.403854
rochelle	-13.403854
folds	-13.403854
attitudes	-13.403854
twain	-13.404824
develops	-13.404824
stomachs	-13.404824
emerges	-13.404824
chilli	-13.404824
hotline	-13.404824
dries	-13.404824
acceleration	-13.404824
gruber	-13.404824
surya	-13.404824
homicides	-13.404824
scrubbed	-13.404824
murph	-13.405795
seduction	-13.405795
trait	-13.405795
ezekiel	-13.405795
translating	-13.406768
chemotherapy	-13.406768
hazardous	-13.406768
taelon	-13.406768
hackers	-13.406768
pancho	-13.406768
asteroids	-13.406768
defines	-13.406768
meatloaf	-13.407741
nephews	-13.407741
boobies	-13.407741
collide	-13.407741
mohan	-13.407741
iphone	-13.407741
flores	-13.407741
salaries	-13.407741
porky	-13.408715
coulda	-13.408715
sheltered	-13.408715
revoked	-13.408715
cinematography	-13.408715
variation	-13.408715
maia	-13.408715
railways	-13.408715
burglars	-13.408715
asa	-13.408715
milkshake	-13.408715
newbie	-13.408715
undertake	-13.408715
fergus	-13.408715
stellar	-13.408715
dud	-13.409690
abode	-13.409690
isles	-13.409690
elmer	-13.409690
tiniest	-13.409690
latitude	-13.409690
crucify	-13.409690
salazar	-13.409690
clarice	-13.409690
sledge	-13.410666
shrewd	-13.410666
blurred	-13.410666
spatter	-13.410666
menus	-13.410666
nostrils	-13.410666
filet	-13.410666
lexx	-13.410666
locally	-13.410666
consistently	-13.410666
synchronized	-13.411643
tres	-13.411643
bumblebee	-13.411643
mccall	-13.411643
thrashed	-13.411643
annabel	-13.411643
tutoring	-13.411643
ingenuity	-13.411643
scriptures	-13.411643
visualize	-13.411643
juggling	-13.411643
beige	-13.411643
oslo	-13.411643
hypnotized	-13.411643
enigma	-13.412621
lanterns	-13.412621
marseilles	-13.412621
memento	-13.412621
bedford	-13.412621
uphill	-13.412621
prosecuting	-13.412621
volumes	-13.413600
contraband	-13.413600
claudio	-13.413600
debating	-13.413600
bagged	-13.413600
albanian	-13.413600
staten	-13.413600
cahill	-13.413600
ravine	-13.413600
protesters	-13.413600
writ	-13.414580
stalked	-13.414580
heroism	-13.414580
prolonged	-13.414580
benevolent	-13.414580
squashed	-13.414580
baloney	-13.414580
sweethearts	-13.414580
sweatshirt	-13.414580
nutcase	-13.414580
lecturing	-13.415561
developer	-13.415561
deity	-13.415561
quebec	-13.415561
unni	-13.415561
jailed	-13.415561
attain	-13.415561
distributor	-13.415561
hype	-13.415561
shackles	-13.415561
portions	-13.415561
housework	-13.415561
ferret	-13.416543
mami	-13.416543
snort	-13.416543
kiev	-13.416543
ghostly	-13.416543
chandelier	-13.416543
dubious	-13.416543
mstoll	-13.417526
mammal	-13.417526
suspecting	-13.417526
bubbly	-13.417526
jacky	-13.417526
follower	-13.417526
starling	-13.417526
sup	-13.417526
albuquerque	-13.417526
smugglers	-13.417526
consuming	-13.417526
burp	-13.418509
jams	-13.418509
neighboring	-13.418509
mathias	-13.418509
explicit	-13.418509
titty	-13.418509
dual	-13.419494
anwar	-13.419494
plastered	-13.419494
gums	-13.419494
extends	-13.419494
bitchy	-13.419494
nicotine	-13.419494
edmond	-13.419494
alumni	-13.419494
boop	-13.419494
tremendously	-13.419494
madhouse	-13.419494
hearse	-13.419494
snickering	-13.419494
wizards	-13.419494
oaks	-13.420480
humankind	-13.420480
belfast	-13.420480
partisans	-13.420480
recollection	-13.420480
holdup	-13.420480
mantis	-13.420480
martyrs	-13.421467
micki	-13.421467
birthmark	-13.421467
baldy	-13.421467
supporter	-13.421467
fundamentally	-13.421467
exclude	-13.421467
traveller	-13.421467
ichi	-13.422454
vp	-13.422454
unravel	-13.422454
ratted	-13.422454
tucson	-13.422454
stabilized	-13.422454
banter	-13.422454
drilled	-13.423443
malloy	-13.423443
architects	-13.423443
taxis	-13.423443
consecutive	-13.423443
untouchable	-13.423443
trough	-13.423443
nisha	-13.423443
wither	-13.423443
pew	-13.423443
pesetas	-13.423443
accelerating	-13.423443
brides	-13.423443
inventing	-13.423443
embark	-13.424432
stalled	-13.424432
chameleon	-13.424432
spawn	-13.424432
selves	-13.424432
nicholson	-13.424432
taggart	-13.424432
quad	-13.425423
sellers	-13.425423
stevenson	-13.425423
fatter	-13.425423
tendencies	-13.425423
rodent	-13.425423
soaring	-13.425423
bolton	-13.426415
commits	-13.426415
measles	-13.426415
schwartz	-13.426415
slid	-13.426415
yanks	-13.426415
tyrone	-13.426415
kaylie	-13.426415
charities	-13.427407
vamos	-13.427407
benign	-13.427407
charmer	-13.427407
aligned	-13.427407
topped	-13.427407
gnome	-13.427407
wholesale	-13.427407
sur	-13.428401
plunged	-13.428401
paddles	-13.428401
laddie	-13.428401
blitz	-13.428401
dole	-13.428401
barging	-13.428401
mildly	-13.428401
reflecting	-13.428401
tended	-13.428401
staked	-13.428401
cylons	-13.428401
boldly	-13.428401
vocation	-13.429395
leung	-13.429395
memoirs	-13.429395
infidelity	-13.429395
nugget	-13.429395
cecile	-13.429395
operators	-13.430391
aki	-13.430391
swells	-13.430391
securities	-13.430391
rejects	-13.430391
dialysis	-13.430391
lineage	-13.430391
notions	-13.430391
wharf	-13.430391
comedians	-13.430391
polygraph	-13.431387
recipient	-13.431387
atta	-13.431387
beetles	-13.431387
nests	-13.431387
puttin	-13.431387
recommendations	-13.431387
adopting	-13.431387
complication	-13.431387
hemorrhage	-13.431387
annalise	-13.431387
reconstruct	-13.431387
anesthetic	-13.432385
consort	-13.432385
revived	-13.432385
mats	-13.432385
chaz	-13.432385
owing	-13.432385
unorthodox	-13.432385
slop	-13.433383
meticulous	-13.433383
seagull	-13.433383
damnit	-13.433383
forthcoming	-13.433383
dion	-13.433383
carnegie	-13.433383
cobbler	-13.433383
quark	-13.433383
freezes	-13.433383
simpsons	-13.433383
honours	-13.433383
manually	-13.433383
resigning	-13.433383
polishing	-13.434383
vibes	-13.434383
attila	-13.434383
cranberry	-13.434383
gigolo	-13.434383
persist	-13.434383
puffy	-13.434383
swiped	-13.434383
fir	-13.434383
hawke	-13.434383
startle	-13.434383
wingman	-13.434383
submarines	-13.434383
daffy	-13.434383
erect	-13.434383
mutually	-13.435383
roadside	-13.435383
prodigy	-13.435383
horton	-13.435383
kerosene	-13.435383
editors	-13.435383
governess	-13.435383
integrated	-13.435383
canine	-13.435383
reformed	-13.435383
lifeline	-13.435383
lockers	-13.435383
hors	-13.435383
mondays	-13.436385
brighten	-13.436385
chavez	-13.436385
achieving	-13.436385
scottie	-13.436385
optical	-13.437387
lug	-13.437387
lag	-13.437387
spirited	-13.437387
hark	-13.437387
hopelessly	-13.437387
bouncy	-13.437387
respecting	-13.437387
bueno	-13.437387
beirut	-13.438391
mounting	-13.438391
hurried	-13.438391
kimchi	-13.438391
jong	-13.438391
moretti	-13.438391
slaughterhouse	-13.438391
davina	-13.438391
shilling	-13.438391
tarts	-13.439395
overslept	-13.439395
grinning	-13.439395
collars	-13.439395
yuen	-13.439395
kneeling	-13.439395
billings	-13.439395
selfishness	-13.439395
unloading	-13.439395
mets	-13.439395
sanderson	-13.440401
straps	-13.440401
eviction	-13.440401
rog	-13.440401
eliminating	-13.440401
bae	-13.440401
manhunt	-13.440401
whirlwind	-13.440401
dodo	-13.440401
munna	-13.440401
lobsters	-13.440401
riviera	-13.440401
millimeter	-13.440401
jimi	-13.440401
fished	-13.441407
wield	-13.441407
detachment	-13.441407
mps	-13.441407
legions	-13.441407
hasan	-13.441407
hooper	-13.441407
crabtree	-13.441407
fragrant	-13.441407
marek	-13.441407
glands	-13.441407
palaces	-13.441407
delaware	-13.441407
hurley	-13.441407
faction	-13.441407
ive	-13.441407
rooney	-13.442415
nominees	-13.442415
sleepwalking	-13.442415
hairstyle	-13.442415
cryin	-13.442415
pastries	-13.442415
eloise	-13.442415
casts	-13.442415
tijuana	-13.442415
marple	-13.442415
cabs	-13.442415
synchro	-13.442415
spotless	-13.442415
sobriety	-13.442415
beka	-13.442415
gulp	-13.442415
intensifies	-13.443424
theres	-13.443424
heirloom	-13.443424
merrily	-13.443424
unified	-13.443424
fixes	-13.443424
briefs	-13.443424
aesthetic	-13.443424
swarming	-13.443424
campers	-13.444433
directory	-13.444433
tabitha	-13.444433
cheered	-13.444433
priestess	-13.444433
entertainer	-13.444433
whirl	-13.444433
aspen	-13.445444
pia	-13.445444
ipad	-13.445444
devastation	-13.445444
bernstein	-13.445444
lumpy	-13.445444
wrinkle	-13.445444
podium	-13.445444
evils	-13.445444
guesses	-13.445444
discreetly	-13.445444
squads	-13.445444
chunky	-13.445444
cj	-13.446455
gadgets	-13.446455
advising	-13.446455
discredit	-13.446455
awoke	-13.446455
grammy	-13.446455
custer	-13.446455
ajax	-13.447468
lebanon	-13.447468
stumbling	-13.447468
furs	-13.447468
chucked	-13.447468
pulmonary	-13.447468
pawnee	-13.447468
compel	-13.447468
midtown	-13.447468
ottoman	-13.447468
mano	-13.447468
ramos	-13.447468
messengers	-13.447468
parrish	-13.447468
walkers	-13.448482
makoto	-13.448482
gibbons	-13.448482
ammonia	-13.448482
markus	-13.448482
kitchens	-13.448482
ru	-13.448482
swans	-13.448482
pretzels	-13.449496
drags	-13.449496
yumi	-13.449496
fickle	-13.449496
punctured	-13.449496
visitation	-13.449496
rounding	-13.449496
lavon	-13.449496
commute	-13.449496
adama	-13.449496
carousel	-13.449496
fronts	-13.449496
stutters	-13.449496
whips	-13.449496
wholly	-13.449496
checkbook	-13.449496
stronghold	-13.449496
jubilee	-13.449496
offenses	-13.450512
specialize	-13.450512
diagram	-13.450512
civilised	-13.450512
mould	-13.450512
revival	-13.450512
compulsive	-13.450512
parisian	-13.450512
egan	-13.450512
bergman	-13.450512
lawsuits	-13.450512
shui	-13.451529
cubic	-13.451529
jennie	-13.451529
yogi	-13.451529
seasonal	-13.451529
pressured	-13.451529
restart	-13.452547
kryptonite	-13.452547
kinder	-13.452547
friedrich	-13.452547
bosco	-13.452547
hesitated	-13.452547
proverb	-13.452547
wanderer	-13.452547
exchanging	-13.452547
alibis	-13.452547
weaving	-13.453566
airlock	-13.453566
gambled	-13.453566
finalists	-13.453566
medicinal	-13.453566
depraved	-13.453566
mimicking	-13.453566
bullshitting	-13.454586
roofs	-13.454586
contemplate	-13.454586
physicists	-13.454586
heathen	-13.455606
urgh	-13.455606
addictive	-13.455606
solves	-13.455606
heartbreaking	-13.455606
dynamics	-13.455606
advisors	-13.455606
restoring	-13.455606
outward	-13.455606
rambling	-13.455606
boxed	-13.456628
camped	-13.456628
praising	-13.456628
topics	-13.456628
conservatory	-13.456628
horsemen	-13.456628
tatiana	-13.456628
clarissa	-13.456628
frisbee	-13.456628
defining	-13.456628
momo	-13.456628
cognitive	-13.456628
braddock	-13.456628
diminished	-13.456628
donating	-13.456628
stoked	-13.456628
biologist	-13.456628
riff	-13.457651
fasting	-13.457651
elm	-13.457651
councilor	-13.457651
oww	-13.457651
starr	-13.457651
appliances	-13.457651
conspicuous	-13.458675
gloom	-13.458675
pacing	-13.458675
gopal	-13.458675
scrolls	-13.458675
muy	-13.458675
errol	-13.459701
garza	-13.459701
handcuff	-13.459701
verma	-13.459701
crusaders	-13.459701
creations	-13.459701
shep	-13.459701
fines	-13.459701
implanted	-13.459701
intellectuals	-13.459701
soprano	-13.459701
vanishing	-13.459701
frightful	-13.459701
omelette	-13.459701
conquering	-13.459701
polka	-13.460727
ordinarily	-13.460727
travers	-13.460727
cipher	-13.460727
tonnes	-13.460727
bolo	-13.460727
chou	-13.460727
denounce	-13.460727
impersonating	-13.460727
taxpayers	-13.460727
perceptive	-13.460727
wilkins	-13.460727
hugely	-13.460727
lowering	-13.460727
prescriptions	-13.461754
activists	-13.461754
affidavit	-13.461754
premeditated	-13.461754
paloma	-13.461754
moths	-13.461754
patrolling	-13.461754
anthrax	-13.461754
shipyard	-13.461754
notre	-13.461754
gloss	-13.462782
adjacent	-13.462782
phoney	-13.462782
territorial	-13.462782
mannequin	-13.462782
pratap	-13.462782
toyota	-13.462782
bren	-13.462782
cuter	-13.462782
nooo	-13.462782
koran	-13.462782
paxton	-13.463812
papal	-13.463812
yorker	-13.463812
keepers	-13.463812
yearn	-13.463812
calming	-13.463812
farnsworth	-13.463812
carp	-13.463812
bel	-13.463812
fluent	-13.463812
minivan	-13.463812
rochester	-13.463812
lister	-13.463812
descriptions	-13.464842
takeout	-13.464842
ahjussi	-13.464842
enrico	-13.464842
hillbilly	-13.464842
generating	-13.464842
raghu	-13.464842
unconditional	-13.464842
unofficial	-13.464842
tiara	-13.464842
gowns	-13.464842
hearsay	-13.465873
renovation	-13.465873
lucinda	-13.465873
misled	-13.465873
pastures	-13.465873
clogged	-13.465873
lax	-13.465873
clank	-13.465873
remington	-13.465873
pimps	-13.465873
footing	-13.465873
twists	-13.465873
securing	-13.465873
fiesta	-13.465873
sweetly	-13.466906
jie	-13.466906
tien	-13.466906
lashes	-13.466906
illicit	-13.466906
degrading	-13.466906
similarly	-13.466906
repaid	-13.466906
raffle	-13.466906
gs	-13.466906
denzel	-13.467940
sulfur	-13.467940
homing	-13.467940
mead	-13.467940
delphine	-13.467940
stasis	-13.467940
dicky	-13.467940
nobleman	-13.467940
adelaide	-13.467940
fuji	-13.467940
momentarily	-13.468974
newt	-13.468974
slender	-13.468974
implicated	-13.468974
reece	-13.468974
maverick	-13.468974
contraption	-13.468974
dancin	-13.468974
fester	-13.468974
stairway	-13.468974
earp	-13.468974
bins	-13.468974
flake	-13.470010
cubicle	-13.470010
harrington	-13.470010
mans	-13.470010
flashed	-13.470010
rainer	-13.470010
indispensable	-13.470010
trivia	-13.470010
alderman	-13.471047
manifesto	-13.471047
wednesdays	-13.471047
bickering	-13.471047
bruv	-13.471047
prized	-13.471047
dodged	-13.471047
hurrying	-13.471047
kimura	-13.471047
entourage	-13.471047
pretzel	-13.471047
hickey	-13.471047
conspired	-13.471047
mints	-13.471047
thaw	-13.472085
unexplained	-13.472085
tampa	-13.472085
acquisition	-13.472085
amigos	-13.472085
leeches	-13.472085
unholy	-13.472085
profiles	-13.472085
keypad	-13.472085
imposter	-13.472085
gutted	-13.472085
conceited	-13.472085
landscapes	-13.473124
hewes	-13.473124
pubs	-13.473124
pubic	-13.473124
infernal	-13.473124
defiant	-13.473124
correctional	-13.473124
rated	-13.473124
utopia	-13.473124
insanely	-13.473124
mousse	-13.473124
finder	-13.474164
dividing	-13.474164
veterinarian	-13.474164
puking	-13.474164
huff	-13.474164
lyin	-13.474164
puked	-13.474164
naught	-13.474164
georgina	-13.474164
greenland	-13.474164
bane	-13.474164
merle	-13.474164
tribune	-13.475205
gauze	-13.475205
dredge	-13.475205
crutches	-13.475205
rabble	-13.475205
handgun	-13.475205
vaginal	-13.475205
announcements	-13.475205
infections	-13.475205
corral	-13.475205
renata	-13.476247
augustine	-13.476247
climbs	-13.476247
universes	-13.476247
rommel	-13.476247
ditto	-13.476247
likelihood	-13.476247
archaeological	-13.476247
coastline	-13.477290
nestor	-13.477290
javi	-13.477290
rigor	-13.477290
misconduct	-13.478335
lucid	-13.478335
dolan	-13.478335
majors	-13.478335
donkeys	-13.478335
imagery	-13.478335
preservation	-13.478335
masturbating	-13.478335
presley	-13.478335
skinned	-13.478335
ornament	-13.478335
shrunk	-13.478335
sneezing	-13.478335
glare	-13.478335
hanuman	-13.478335
watchin	-13.478335
exceeded	-13.479380
aston	-13.479380
flaps	-13.479380
sculptures	-13.479380
accompanying	-13.479380
sami	-13.479380
mahoney	-13.479380
scrutiny	-13.479380
invoice	-13.480427
revelations	-13.480427
sprout	-13.480427
mime	-13.480427
diverted	-13.480427
alms	-13.480427
tilly	-13.480427
garner	-13.480427
shiv	-13.480427
domino	-13.480427
escorting	-13.480427
maris	-13.480427
ephram	-13.480427
aiding	-13.480427
penises	-13.480427
upgraded	-13.480427
inserted	-13.481474
aspirations	-13.481474
furnished	-13.481474
oop	-13.481474
gunmen	-13.481474
unprotected	-13.481474
smallville	-13.481474
temperament	-13.481474
roper	-13.481474
chimps	-13.481474
stressing	-13.481474
rejoin	-13.482523
madhu	-13.482523
cordon	-13.482523
freeing	-13.482523
suitor	-13.482523
tangible	-13.482523
emir	-13.482523
limping	-13.482523
lol	-13.482523
naina	-13.482523
arouse	-13.482523
caffrey	-13.482523
travellers	-13.482523
monumental	-13.483573
bipolar	-13.483573
hurl	-13.483573
baylor	-13.483573
unwind	-13.483573
supervised	-13.483573
chandra	-13.483573
drinkin	-13.483573
devout	-13.483573
architectural	-13.483573
killin	-13.483573
larceny	-13.484624
trilling	-13.484624
medina	-13.484624
originals	-13.484624
lear	-13.484624
paved	-13.484624
decrease	-13.484624
appetizer	-13.484624
hamish	-13.484624
almonds	-13.484624
crunchy	-13.484624
treasurer	-13.484624
waterfront	-13.485676
elixir	-13.485676
perrine	-13.485676
miley	-13.485676
unmarked	-13.485676
knuckle	-13.485676
guatemala	-13.485676
tenure	-13.485676
seein	-13.485676
abundant	-13.485676
calms	-13.485676
knicks	-13.485676
miraculously	-13.485676
beatings	-13.485676
gots	-13.485676
milking	-13.486729
tumbling	-13.486729
bead	-13.486729
nurture	-13.486729
uber	-13.486729
kebab	-13.486729
salads	-13.486729
redundant	-13.486729
yuko	-13.486729
populated	-13.486729
goalie	-13.486729
yusuf	-13.486729
celtic	-13.487784
superiority	-13.487784
bernardo	-13.487784
giovanna	-13.487784
uncool	-13.487784
mileage	-13.487784
cocoon	-13.487784
mako	-13.487784
starlight	-13.487784
valves	-13.487784
shucks	-13.487784
surrounds	-13.487784
suture	-13.487784
landslide	-13.487784
okey	-13.488839
hover	-13.488839
marches	-13.488839
foyle	-13.488839
tinkling	-13.488839
rimmer	-13.488839
bojack	-13.488839
terminator	-13.488839
rainbows	-13.488839
circled	-13.488839
mellie	-13.488839
restrained	-13.488839
lodging	-13.489896
claudius	-13.489896
rupture	-13.489896
thinker	-13.489896
variations	-13.489896
magma	-13.489896
galley	-13.489896
jodi	-13.489896
gloat	-13.489896
wayward	-13.490953
wolfgang	-13.490953
nein	-13.490953
strolling	-13.490953
corpus	-13.490953
reproduction	-13.490953
babs	-13.490953
cannes	-13.490953
railing	-13.490953
turin	-13.490953
ridiculously	-13.490953
horrendous	-13.490953
chases	-13.490953
positioned	-13.492012
angrily	-13.492012
bowler	-13.492012
bot	-13.492012
naruto	-13.492012
yeung	-13.492012
caterer	-13.492012
cultivate	-13.492012
fullest	-13.492012
mcnamara	-13.492012
rampage	-13.492012
extending	-13.493072
holloway	-13.493072
forbids	-13.493072
odo	-13.493072
forsake	-13.493072
mocked	-13.493072
jerri	-13.493072
nightly	-13.493072
petting	-13.493072
ust	-13.493072
severance	-13.493072
varsity	-13.493072
damascus	-13.493072
digestive	-13.493072
retained	-13.493072
jagger	-13.494133
quoted	-13.494133
skips	-13.494133
throbbing	-13.494133
firefighters	-13.494133
exploits	-13.494133
scientology	-13.494133
reeks	-13.495195
deficit	-13.495195
barrister	-13.495195
pepsi	-13.495195
dunes	-13.495195
relied	-13.495195
evade	-13.495195
goner	-13.495195
doggone	-13.495195
gallo	-13.495195
christening	-13.495195
gothic	-13.495195
ethiopia	-13.495195
bri	-13.495195
shroud	-13.496258
dingo	-13.496258
smacks	-13.496258
spurs	-13.496258
stimulation	-13.496258
betrothed	-13.496258
relies	-13.496258
warped	-13.496258
justification	-13.496258
candid	-13.496258
scrabble	-13.496258
vcr	-13.497323
visually	-13.497323
liter	-13.497323
isobel	-13.497323
koo	-13.497323
evenly	-13.497323
emissions	-13.497323
dooley	-13.497323
counselors	-13.497323
tahiti	-13.498388
revolutionaries	-13.498388
putin	-13.498388
metre	-13.498388
conqueror	-13.498388
qui	-13.498388
favorable	-13.498388
marv	-13.498388
montague	-13.498388
tarp	-13.498388
hancock	-13.498388
mayan	-13.498388
overturned	-13.498388
holster	-13.498388
herriot	-13.498388
christa	-13.498388
crowe	-13.499455
realization	-13.499455
faintly	-13.499455
hawthorne	-13.499455
tuberculosis	-13.499455
statistically	-13.499455
capri	-13.499455
odette	-13.500523
tolerant	-13.500523
modify	-13.500523
clary	-13.500523
inhaling	-13.500523
plough	-13.500523
exceed	-13.500523
flutter	-13.500523
jackal	-13.500523
detest	-13.500523
kingston	-13.501592
rhys	-13.501592
sapphire	-13.501592
andres	-13.501592
scariest	-13.501592
duff	-13.501592
foresee	-13.501592
unsuccessful	-13.501592
sy	-13.501592
odyssey	-13.501592
premonition	-13.501592
psychiatry	-13.501592
sexiest	-13.501592
fathom	-13.501592
montecito	-13.501592
pears	-13.501592
seizing	-13.501592
hani	-13.502662
austen	-13.502662
therese	-13.502662
templar	-13.502662
hoods	-13.502662
hospice	-13.502662
creak	-13.502662
yip	-13.502662
maniacs	-13.502662
rotating	-13.503733
keaton	-13.503733
behavioral	-13.503733
subtitled	-13.503733
adaptation	-13.503733
eyewitnesses	-13.503733
meatwad	-13.503733
indies	-13.503733
mavis	-13.503733
swede	-13.503733
intricate	-13.503733
nirvana	-13.504805
offline	-13.504805
cyprus	-13.504805
selena	-13.504805
devoured	-13.504805
coloring	-13.504805
aristotle	-13.504805
quail	-13.504805
suh	-13.504805
cheques	-13.504805
independently	-13.504805
robust	-13.504805
danke	-13.504805
cannibals	-13.504805
zeb	-13.505879
mitsuko	-13.505879
deduction	-13.505879
fives	-13.505879
bombings	-13.505879
impolite	-13.505879
dependable	-13.505879
darrell	-13.505879
mundane	-13.505879
extremes	-13.505879
duran	-13.505879
introductions	-13.505879
pledges	-13.505879
pestering	-13.505879
carlin	-13.505879
patrice	-13.505879
injunction	-13.506953
windmill	-13.506953
pebble	-13.506953
closets	-13.506953
relapse	-13.506953
char	-13.506953
retrieved	-13.506953
jamaican	-13.506953
dismantle	-13.506953
lingering	-13.506953
reside	-13.506953
rachael	-13.506953
entrances	-13.506953
claustrophobic	-13.506953
hick	-13.506953
bison	-13.506953
barack	-13.506953
chivalry	-13.508029
meena	-13.508029
judah	-13.508029
sanjana	-13.508029
poseidon	-13.508029
bonkers	-13.508029
surfaces	-13.508029
jest	-13.508029
teammate	-13.508029
toddler	-13.509106
lager	-13.509106
antoinette	-13.509106
incarcerated	-13.509106
stylist	-13.509106
propeller	-13.509106
novice	-13.509106
scarier	-13.509106
bloodthirsty	-13.509106
nightcap	-13.509106
entries	-13.509106
curved	-13.509106
chants	-13.509106
juanita	-13.509106
warms	-13.509106
viceroy	-13.510185
cornelius	-13.510185
rustle	-13.510185
vertigo	-13.510185
communal	-13.510185
pu	-13.510185
hemorrhaging	-13.510185
springtime	-13.511264
avi	-13.511264
puzzled	-13.511264
syrian	-13.511264
pedestrian	-13.511264
marino	-13.511264
blazer	-13.511264
ballpark	-13.511264
plagued	-13.511264
consistency	-13.511264
deena	-13.512344
bronson	-13.512344
untraceable	-13.512344
relativity	-13.512344
grazing	-13.512344
paging	-13.512344
regretting	-13.512344
recharge	-13.512344
ahhhh	-13.512344
polluted	-13.512344
karthik	-13.512344
plotted	-13.512344
drivin	-13.512344
smoky	-13.512344
bertrand	-13.512344
buggers	-13.513426
katia	-13.513426
revered	-13.513426
aman	-13.513426
nandu	-13.513426
cassius	-13.513426
uss	-13.513426
deepak	-13.513426
vittorio	-13.513426
bloodbath	-13.513426
psychosis	-13.513426
mulligan	-13.513426
backgrounds	-13.514509
downing	-13.514509
ramesh	-13.514509
affections	-13.514509
cbi	-13.514509
finley	-13.514509
repercussions	-13.514509
krang	-13.514509
humping	-13.514509
shone	-13.515593
dietrich	-13.515593
bub	-13.515593
hornet	-13.515593
emperors	-13.515593
mme	-13.515593
rhetorical	-13.515593
unsettling	-13.515593
wacko	-13.515593
famished	-13.515593
distortion	-13.515593
vishnu	-13.515593
publishers	-13.515593
meek	-13.515593
reunite	-13.516678
carotid	-13.516678
chinaman	-13.516678
terrance	-13.516678
starsky	-13.516678
telephones	-13.516678
tock	-13.516678
competitions	-13.516678
lapse	-13.516678
gayle	-13.516678
plunder	-13.516678
unloaded	-13.516678
plump	-13.516678
trendy	-13.516678
sears	-13.516678
vasquez	-13.517764
bureaucracy	-13.517764
carlotta	-13.517764
rhode	-13.517764
fins	-13.517764
intending	-13.517764
conspiring	-13.517764
sadist	-13.518852
seminary	-13.518852
bicycles	-13.518852
sculpting	-13.518852
condescending	-13.518852
orgasms	-13.518852
lenore	-13.518852
moonshine	-13.518852
incurable	-13.518852
pamphlet	-13.518852
clinics	-13.518852
nottingham	-13.518852
nominate	-13.518852
wholesome	-13.518852
termites	-13.518852
thunderbird	-13.518852
mckenna	-13.518852
frigid	-13.518852
aviv	-13.518852
occurring	-13.518852
ese	-13.518852
summertime	-13.518852
skype	-13.519941
bikers	-13.519941
induced	-13.519941
missionaries	-13.519941
arabian	-13.519941
lacrosse	-13.519941
rarity	-13.519941
gaines	-13.519941
dumpling	-13.519941
brood	-13.519941
creamy	-13.519941
weenie	-13.519941
eggman	-13.519941
goddam	-13.519941
supergirl	-13.519941
roadblocks	-13.519941
lennie	-13.521031
seductive	-13.521031
ornaments	-13.521031
annoys	-13.521031
wards	-13.521031
tintin	-13.521031
dimensional	-13.521031
reverence	-13.521031
charly	-13.521031
belches	-13.521031
hooligans	-13.521031
lavatory	-13.521031
cabbie	-13.521031
adrien	-13.521031
extinguisher	-13.521031
vader	-13.522122
madagascar	-13.522122
breeds	-13.522122
audacity	-13.522122
cadaver	-13.522122
fluff	-13.522122
yoshida	-13.522122
raina	-13.522122
willpower	-13.522122
sicilian	-13.522122
bewitched	-13.522122
cannonball	-13.523214
esta	-13.523214
sampson	-13.523214
aorta	-13.523214
sidelines	-13.523214
candies	-13.523214
defeating	-13.523214
kruger	-13.523214
penetrating	-13.523214
aqua	-13.523214
quitter	-13.523214
wil	-13.524308
hydraulic	-13.524308
pulitzer	-13.524308
trucker	-13.524308
clinks	-13.524308
pooped	-13.524308
calculus	-13.524308
tau	-13.524308
peeling	-13.524308
filters	-13.525402
overtake	-13.525402
ell	-13.525402
kobayashi	-13.525402
transforming	-13.525402
cultured	-13.525402
magnets	-13.525402
cartridge	-13.525402
langston	-13.525402
choppers	-13.525402
sera	-13.525402
nuggets	-13.525402
honoring	-13.525402
historians	-13.525402
shanti	-13.525402
fainting	-13.525402
dears	-13.525402
delights	-13.525402
soothe	-13.526498
gazette	-13.526498
unhappiness	-13.526498
bertram	-13.526498
continuity	-13.526498
pauly	-13.526498
packaging	-13.526498
suns	-13.526498
sheba	-13.526498
enmity	-13.527595
mansfield	-13.527595
scorn	-13.527595
staple	-13.527595
sitcom	-13.527595
commie	-13.527595
toasted	-13.527595
coyotes	-13.527595
vary	-13.527595
singin	-13.527595
decorator	-13.527595
laird	-13.527595
liner	-13.527595
eggplant	-13.527595
alliances	-13.527595
huts	-13.527595
appealed	-13.528693
molecule	-13.528693
mossad	-13.528693
petite	-13.528693
synagogue	-13.528693
palestinians	-13.528693
quilt	-13.528693
gynecologist	-13.528693
stutter	-13.528693
warhead	-13.528693
articulate	-13.528693
giulio	-13.528693
nudge	-13.528693
os	-13.528693
jumong	-13.529793
mordecai	-13.529793
bombshell	-13.529793
monaco	-13.529793
brooding	-13.529793
vertebrae	-13.529793
therapeutic	-13.529793
booker	-13.529793
coordination	-13.529793
atf	-13.529793
mathematician	-13.529793
smeared	-13.530894
mizuki	-13.530894
uncontrollable	-13.530894
stampede	-13.530894
giselle	-13.530894
amor	-13.530894
prospective	-13.530894
limestone	-13.530894
conduit	-13.530894
kabul	-13.530894
dipper	-13.530894
willoughby	-13.530894
avenger	-13.530894
orbits	-13.531996
sentry	-13.531996
scrapes	-13.531996
mishap	-13.531996
lyric	-13.531996
disapprove	-13.531996
intimidation	-13.531996
doubling	-13.531996
impending	-13.531996
sachin	-13.531996
shootin	-13.531996
shrinks	-13.531996
themes	-13.531996
shamed	-13.531996
indications	-13.533099
senora	-13.533099
crumb	-13.533099
limitless	-13.533099
ahmad	-13.533099
tiberius	-13.533099
caveman	-13.533099
bonny	-13.533099
faintest	-13.533099
hawkes	-13.533099
grandeur	-13.533099
deke	-13.534203
prasad	-13.534203
showering	-13.534203
dildo	-13.534203
executions	-13.534203
corroborate	-13.534203
contingency	-13.534203
suri	-13.535309
avenged	-13.535309
defenders	-13.535309
translates	-13.535309
mila	-13.535309
primo	-13.535309
bestow	-13.535309
combinations	-13.535309
godforsaken	-13.535309
pedestal	-13.535309
stout	-13.535309
glaciers	-13.535309
mahal	-13.535309
moby	-13.536416
valentino	-13.536416
dishonor	-13.536416
otter	-13.536416
eminent	-13.536416
supernova	-13.536416
weir	-13.537524
java	-13.537524
seasick	-13.537524
populations	-13.537524
flips	-13.537524
mooing	-13.537524
mani	-13.537524
cabins	-13.537524
pang	-13.537524
presumptuous	-13.537524
subversive	-13.537524
tokugawa	-13.537524
elastic	-13.537524
libya	-13.538633
pristine	-13.538633
width	-13.538633
sweats	-13.538633
accomplishments	-13.538633
remainder	-13.538633
resides	-13.538633
impaired	-13.538633
yellowstone	-13.538633
retreated	-13.538633
lateral	-13.538633
remembrance	-13.539743
smelt	-13.539743
biased	-13.539743
strangulation	-13.539743
prying	-13.539743
hermes	-13.539743
sphinx	-13.539743
internally	-13.539743
rhoda	-13.539743
fisk	-13.539743
sympathies	-13.539743
nickels	-13.539743
galloping	-13.540855
lamar	-13.540855
dara	-13.540855
downloading	-13.540855
douchebag	-13.540855
lotto	-13.540855
danvers	-13.540855
rephrase	-13.540855
casablanca	-13.540855
ventilator	-13.540855
kraut	-13.540855
sanitation	-13.540855
ekg	-13.540855
diseased	-13.540855
eskimo	-13.540855
confessor	-13.540855
aladdin	-13.540855
rutledge	-13.541968
ruddy	-13.541968
brodie	-13.541968
flashback	-13.541968
caged	-13.541968
imperfect	-13.541968
routines	-13.541968
reconnect	-13.541968
plymouth	-13.541968
quantico	-13.541968
sanctioned	-13.541968
vulnerability	-13.541968
rearrange	-13.541968
synced	-13.541968
citadel	-13.543082
guillermo	-13.543082
nibble	-13.543082
forcibly	-13.543082
insinuating	-13.543082
malignant	-13.543082
enslaved	-13.543082
canister	-13.543082
intersect	-13.543082
zeros	-13.543082
undefeated	-13.544198
gunned	-13.544198
candlelight	-13.544198
clancy	-13.544198
mythbusters	-13.544198
meng	-13.544198
salesmen	-13.544198
britta	-13.544198
daisies	-13.545314
maxie	-13.545314
thad	-13.545314
hairdo	-13.545314
oblivious	-13.545314
yoda	-13.545314
criticizing	-13.545314
truffle	-13.545314
vie	-13.545314
crisps	-13.546432
strangling	-13.546432
petit	-13.546432
shootout	-13.546432
abduct	-13.546432
cloning	-13.546432
ranked	-13.546432
dazzle	-13.546432
stork	-13.546432
coronary	-13.546432
jive	-13.546432
mathieu	-13.546432
lard	-13.546432
shedding	-13.546432
massages	-13.547551
poaching	-13.547551
immaculate	-13.547551
hefty	-13.547551
stocked	-13.547551
buddhism	-13.547551
monologue	-13.547551
mehmet	-13.547551
satanic	-13.547551
linear	-13.547551
swami	-13.547551
blackmailer	-13.547551
bora	-13.547551
endorse	-13.547551
enid	-13.548672
kimmie	-13.548672
liege	-13.548672
looky	-13.548672
subsequent	-13.548672
madden	-13.548672
snip	-13.548672
hernia	-13.548672
philosophers	-13.548672
rapists	-13.548672
recommending	-13.548672
highways	-13.548672
bloodline	-13.548672
septic	-13.548672
categories	-13.548672
graces	-13.548672
hammers	-13.549794
yeast	-13.549794
mueller	-13.549794
cummings	-13.549794
avocado	-13.549794
logically	-13.549794
oaf	-13.549794
corbett	-13.549794
prompt	-13.549794
alonzo	-13.549794
mushy	-13.549794
shinji	-13.549794
ei	-13.550917
campsite	-13.550917
eels	-13.550917
safeguard	-13.550917
bling	-13.550917
farted	-13.550917
auf	-13.550917
flex	-13.550917
fruitcake	-13.550917
danes	-13.550917
fulton	-13.550917
heiress	-13.550917
amaar	-13.550917
beets	-13.550917
izzie	-13.550917
racetrack	-13.550917
ganesh	-13.552041
escorts	-13.552041
leaps	-13.552041
rajesh	-13.552041
parson	-13.552041
gazing	-13.552041
pap	-13.552041
imprint	-13.552041
jigsaw	-13.553166
coven	-13.553166
palin	-13.553166
ach	-13.553166
discourage	-13.553166
recycle	-13.553166
constantinople	-13.553166
sheesh	-13.553166
appalled	-13.553166
lisbeth	-13.553166
unlawful	-13.553166
birthplace	-13.553166
wank	-13.553166
thriller	-13.554293
hepatitis	-13.554293
clutches	-13.554293
yves	-13.554293
publicist	-13.554293
briscoe	-13.554293
insistent	-13.554293
hires	-13.554293
tentacles	-13.554293
archangel	-13.554293
schiller	-13.554293
submerged	-13.554293
brianna	-13.554293
manuela	-13.555421
rd	-13.555421
intoxicating	-13.555421
crock	-13.555421
hither	-13.555421
cliche	-13.555421
castor	-13.555421
anastasia	-13.555421
timeless	-13.556550
enquiries	-13.556550
occurrence	-13.556550
pilates	-13.556550
hypocritical	-13.556550
sharper	-13.556550
healy	-13.556550
manufacturers	-13.556550
governed	-13.556550
proteins	-13.556550
resurrected	-13.556550
hearst	-13.556550
cushions	-13.557681
psychiatrists	-13.557681
halves	-13.557681
menopause	-13.557681
butchers	-13.557681
preserving	-13.557681
environments	-13.557681
ponytail	-13.557681
louse	-13.557681
dilated	-13.557681
garbled	-13.557681
prognosis	-13.557681
neutron	-13.557681
airtight	-13.557681
jazzy	-13.558813
ufos	-13.558813
compounds	-13.558813
blazes	-13.558813
bulgarian	-13.558813
lebeau	-13.558813
coney	-13.558813
bulgaria	-13.558813
armageddon	-13.558813
contributing	-13.558813
sinbad	-13.558813
inauguration	-13.558813
slicing	-13.558813
restraints	-13.558813
accents	-13.559946
frederic	-13.559946
cavern	-13.559946
kremlin	-13.559946
warship	-13.559946
olly	-13.559946
militant	-13.559946
objectives	-13.559946
newscaster	-13.559946
verne	-13.559946
calculator	-13.559946
nicknames	-13.559946
kiddie	-13.561080
replay	-13.561080
tibetan	-13.561080
daycare	-13.561080
abuses	-13.561080
zee	-13.561080
righto	-13.561080
programmes	-13.561080
yung	-13.561080
snout	-13.562216
rein	-13.562216
dwarfs	-13.562216
mono	-13.562216
darned	-13.562216
embryo	-13.562216
frosting	-13.562216
obituary	-13.562216
tickled	-13.562216
truffles	-13.562216
susceptible	-13.562216
heaps	-13.563353
tingling	-13.563353
canvass	-13.563353
brits	-13.563353
cherokee	-13.563353
tov	-13.563353
twenties	-13.563353
neanderthals	-13.563353
perk	-13.563353
pebbles	-13.563353
braid	-13.563353
fleece	-13.564491
sensory	-13.564491
chirp	-13.564491
assaults	-13.564491
pheasant	-13.564491
variables	-13.564491
mas	-13.564491
moping	-13.564491
docked	-13.564491
websites	-13.564491
bj	-13.564491
popeye	-13.565631
minefield	-13.565631
sp	-13.565631
histories	-13.565631
distrust	-13.565631
yapping	-13.565631
vigil	-13.565631
problematic	-13.565631
conventions	-13.565631
smitten	-13.565631
craps	-13.565631
invoke	-13.566772
unconventional	-13.566772
ralphie	-13.566772
barnett	-13.566772
rundown	-13.566772
oily	-13.566772
giacomo	-13.566772
coordinated	-13.566772
prejudiced	-13.566772
scrambling	-13.566772
seams	-13.566772
googled	-13.566772
eyelashes	-13.566772
frannie	-13.566772
arose	-13.566772
corky	-13.566772
discard	-13.566772
purchasing	-13.567914
ignacio	-13.567914
hijack	-13.567914
yam	-13.567914
masquerade	-13.567914
logging	-13.569058
arises	-13.569058
dempsey	-13.569058
michiko	-13.569058
settlements	-13.569058
fetching	-13.569058
goebbels	-13.569058
eagerly	-13.569058
wring	-13.569058
orbital	-13.569058
janeway	-13.569058
maggot	-13.569058
umbrellas	-13.570203
nationality	-13.570203
cheddar	-13.570203
mana	-13.570203
keel	-13.570203
meryl	-13.570203
alignment	-13.570203
heterosexual	-13.570203
fats	-13.570203
narrows	-13.570203
heinz	-13.570203
eatin	-13.570203
irritate	-13.570203
emissary	-13.570203
taunting	-13.570203
hangman	-13.570203
bjorn	-13.571349
cunts	-13.571349
comma	-13.571349
whimsical	-13.571349
format	-13.571349
peachy	-13.571349
godspeed	-13.571349
sony	-13.571349
hitman	-13.571349
bleeping	-13.571349
demonstrating	-13.571349
jove	-13.572496
overflowing	-13.572496
tully	-13.572496
censorship	-13.572496
hispanic	-13.572496
rizzo	-13.572496
bestowed	-13.572496
shuddering	-13.572496
fitch	-13.572496
pathological	-13.573645
silhouette	-13.573645
seema	-13.573645
mccann	-13.573645
obsessing	-13.573645
sugars	-13.573645
bachelorette	-13.573645
bonaparte	-13.573645
impartial	-13.573645
metabolism	-13.573645
astronomical	-13.573645
newcomers	-13.574795
tabloid	-13.574795
vanquish	-13.574795
zorro	-13.574795
willa	-13.574795
slurps	-13.574795
preschool	-13.574795
remake	-13.574795
heresy	-13.574795
homeboy	-13.574795
ag	-13.575946
ravishing	-13.575946
finesse	-13.575946
minimize	-13.575946
boca	-13.575946
woodrow	-13.575946
nigh	-13.577099
nil	-13.577099
astronomer	-13.577099
selective	-13.577099
choo	-13.577099
arraignment	-13.577099
crawley	-13.577099
superpowers	-13.577099
springer	-13.577099
impenetrable	-13.578253
underdog	-13.578253
gossiping	-13.578253
jig	-13.578253
poached	-13.578253
sculpt	-13.578253
hokkaido	-13.578253
daniela	-13.578253
equator	-13.578253
sexier	-13.578253
incorporate	-13.578253
cath	-13.578253
shivers	-13.578253
vinyl	-13.578253
accumulated	-13.579409
malpractice	-13.579409
ascend	-13.579409
ecosystem	-13.579409
vs	-13.579409
forefathers	-13.579409
grit	-13.579409
etienne	-13.579409
emilie	-13.579409
soles	-13.579409
determines	-13.579409
nylon	-13.579409
blob	-13.579409
snug	-13.579409
gladiators	-13.579409
valentin	-13.580565
collaborate	-13.580565
clothed	-13.580565
uproar	-13.580565
avail	-13.580565
gentry	-13.580565
defied	-13.580565
stef	-13.580565
parkinson	-13.580565
prune	-13.580565
hem	-13.580565
krusty	-13.580565
ellison	-13.580565
ning	-13.580565
lawfully	-13.581723
fairfax	-13.581723
tumors	-13.581723
hots	-13.581723
cade	-13.581723
ver	-13.581723
mimic	-13.581723
nacho	-13.582883
gordo	-13.582883
thoughtless	-13.582883
shitload	-13.582883
thrice	-13.582883
schoolboy	-13.582883
dusting	-13.582883
ori	-13.582883
tabloids	-13.582883
mermaids	-13.582883
residual	-13.582883
sancho	-13.582883
striped	-13.582883
dod	-13.582883
blisters	-13.582883
aftermath	-13.582883
stems	-13.582883
inhaler	-13.582883
reinforce	-13.584044
qualifies	-13.584044
lube	-13.584044
provoking	-13.584044
continuum	-13.584044
guan	-13.584044
uma	-13.584044
observant	-13.584044
peng	-13.584044
peppermint	-13.584044
fused	-13.584044
csu	-13.584044
neanderthal	-13.584044
dukes	-13.584044
pierrot	-13.584044
measurement	-13.584044
prima	-13.584044
sergey	-13.585206
authenticity	-13.585206
swagger	-13.585206
soundtrack	-13.585206
taipei	-13.585206
forman	-13.585206
strut	-13.585206
ensemble	-13.585206
duval	-13.585206
tantrum	-13.585206
motivate	-13.585206
annihilate	-13.586369
signore	-13.586369
disrupted	-13.586369
divorcing	-13.586369
medics	-13.586369
confided	-13.586369
beale	-13.586369
brandi	-13.586369
wreath	-13.586369
maui	-13.586369
bale	-13.586369
clergy	-13.586369
aida	-13.587534
bieber	-13.587534
retaliate	-13.587534
genome	-13.587534
vacancy	-13.587534
tranquilizer	-13.587534
diligence	-13.587534
loops	-13.587534
neela	-13.587534
impertinent	-13.587534
hwan	-13.587534
advancement	-13.587534
armpit	-13.587534
districts	-13.587534
cavalier	-13.587534
specializes	-13.587534
chong	-13.587534
combing	-13.587534
mascara	-13.588700
massa	-13.588700
revised	-13.588700
compulsion	-13.588700
bran	-13.588700
buoy	-13.588700
criticized	-13.588700
adversity	-13.588700
beneficiary	-13.588700
punjabi	-13.589868
openings	-13.589868
arne	-13.589868
graphics	-13.589868
huntsmen	-13.589868
ozone	-13.589868
interpreted	-13.589868
incomprehensible	-13.589868
kaoru	-13.589868
lenient	-13.589868
perky	-13.589868
herod	-13.589868
unavoidable	-13.589868
retract	-13.589868
flowed	-13.589868
compression	-13.589868
demolish	-13.591037
prodigal	-13.591037
generously	-13.591037
anonymously	-13.591037
peabody	-13.591037
crocker	-13.591037
amid	-13.591037
youths	-13.591037
dispense	-13.591037
roe	-13.591037
telepathy	-13.591037
occupational	-13.591037
osgood	-13.592207
roxie	-13.592207
loudspeaker	-13.592207
torched	-13.592207
stardate	-13.592207
yawn	-13.592207
hyena	-13.592207
reiko	-13.593379
milkman	-13.593379
dal	-13.593379
hillside	-13.593379
transcripts	-13.593379
prevention	-13.593379
tout	-13.593379
toenails	-13.593379
mazel	-13.593379
imaginative	-13.593379
heretic	-13.594552
hives	-13.594552
squawk	-13.594552
repression	-13.594552
arithmetic	-13.594552
dramas	-13.594552
subsequently	-13.594552
cardassian	-13.594552
clanks	-13.594552
renewal	-13.594552
shocker	-13.595726
spectacles	-13.595726
interval	-13.595726
quickie	-13.595726
proceeded	-13.595726
prometheus	-13.595726
performs	-13.595726
senorita	-13.595726
deadbeat	-13.595726
burbank	-13.595726
mooney	-13.595726
geology	-13.595726
withdrawing	-13.595726
nav	-13.595726
thi	-13.596902
sinus	-13.596902
kennel	-13.596902
feldman	-13.596902
millennia	-13.596902
subscription	-13.596902
marquise	-13.596902
warlord	-13.596902
zed	-13.596902
governors	-13.596902
unintelligible	-13.596902
dag	-13.598079
gaia	-13.598079
withheld	-13.598079
involuntary	-13.599257
reciting	-13.599257
massacred	-13.599257
rosetta	-13.599257
boa	-13.599257
oils	-13.599257
pelt	-13.599257
brittle	-13.599257
unprepared	-13.599257
willingness	-13.599257
cutters	-13.599257
ins	-13.600437
coarse	-13.600437
frieda	-13.600437
mala	-13.600437
walrus	-13.600437
portrayed	-13.600437
contemplating	-13.600437
blaster	-13.600437
tricia	-13.600437
scrubs	-13.600437
bebe	-13.600437
defeats	-13.600437
hollering	-13.601619
simmer	-13.601619
valencia	-13.601619
annihilation	-13.601619
textbooks	-13.601619
filipino	-13.601619
jawohl	-13.601619
filmmakers	-13.601619
tennyson	-13.601619
ps	-13.601619
luv	-13.601619
firewall	-13.601619
lyons	-13.601619
weld	-13.601619
facade	-13.601619
conserve	-13.602801
stepdad	-13.602801
khanna	-13.602801
divulge	-13.602801
gab	-13.602801
kieran	-13.602801
ravens	-13.602801
wiley	-13.602801
weirdos	-13.602801
sapna	-13.602801
quartet	-13.602801
conferences	-13.603986
dusted	-13.603986
silicone	-13.603986
clocked	-13.603986
tanning	-13.603986
breathless	-13.603986
smacking	-13.603986
mantra	-13.603986
vests	-13.603986
epiphany	-13.603986
joseon	-13.603986
motherhood	-13.603986
decor	-13.605171
perch	-13.605171
flux	-13.605171
maynard	-13.605171
totem	-13.605171
cherie	-13.605171
secluded	-13.605171
smother	-13.605171
patronize	-13.606358
mower	-13.606358
keung	-13.606358
pediatrician	-13.606358
bridesmaids	-13.606358
jehovah	-13.606358
dem	-13.606358
informants	-13.606358
thunk	-13.607546
tract	-13.607546
pliers	-13.607546
harming	-13.607546
pooch	-13.607546
anti	-13.607546
reinstated	-13.607546
gland	-13.607546
stricken	-13.607546
dials	-13.607546
zeta	-13.607546
exes	-13.607546
haines	-13.608736
tandy	-13.608736
disputes	-13.608736
dizziness	-13.608736
knowingly	-13.608736
frida	-13.608736
newcastle	-13.608736
groves	-13.608736
stalag	-13.608736
festivals	-13.608736
grudges	-13.608736
blabbering	-13.608736
plural	-13.608736
curriculum	-13.608736
firehouse	-13.608736
coo	-13.608736
pug	-13.608736
clerks	-13.608736
savvy	-13.609927
chopin	-13.609927
rebekah	-13.609927
dictated	-13.609927
siding	-13.609927
dios	-13.609927
peking	-13.609927
valor	-13.609927
dahlia	-13.609927
liras	-13.609927
affordable	-13.611120
scrawny	-13.611120
disorderly	-13.611120
psi	-13.611120
unattractive	-13.611120
eulogy	-13.611120
marlow	-13.611120
felonies	-13.611120
gingerbread	-13.611120
gent	-13.611120
misdemeanor	-13.611120
spaniard	-13.612314
flagged	-13.612314
optimist	-13.612314
mori	-13.612314
commons	-13.612314
waitresses	-13.612314
wanders	-13.612314
mugging	-13.612314
crammed	-13.612314
cayman	-13.612314
accommodations	-13.612314
possessive	-13.612314
shutdown	-13.612314
compressed	-13.612314
czechoslovakia	-13.613509
geologist	-13.613509
crossbow	-13.613509
kovac	-13.613509
aspiring	-13.613509
autism	-13.613509
commandment	-13.613509
fateful	-13.613509
rooftops	-13.613509
leningrad	-13.613509
lexington	-13.613509
archers	-13.613509
cremation	-13.613509
petroleum	-13.613509
diem	-13.614706
moped	-13.614706
clair	-13.614706
blooms	-13.614706
lamborghini	-13.614706
dysfunctional	-13.614706
picturing	-13.614706
ifl	-13.614706
purchases	-13.614706
debrief	-13.614706
pulses	-13.614706
devin	-13.615905
barbershop	-13.615905
rana	-13.615905
condone	-13.615905
excitedly	-13.615905
antarctic	-13.615905
manned	-13.615905
crafts	-13.615905
awaited	-13.615905
atkins	-13.615905
beards	-13.615905
chaser	-13.615905
subbing	-13.615905
chatty	-13.615905
inez	-13.615905
maintains	-13.615905
readily	-13.617104
gunny	-13.617104
baffled	-13.617104
insatiable	-13.617104
archibald	-13.617104
skater	-13.617104
jungles	-13.617104
upstanding	-13.617104
spacious	-13.617104
probst	-13.617104
sheng	-13.617104
foolproof	-13.617104
nutter	-13.617104
confine	-13.618306
fam	-13.618306
diablo	-13.618306
leone	-13.618306
daydreaming	-13.618306
incest	-13.618306
abba	-13.618306
mathilde	-13.618306
unanswered	-13.618306
exaggeration	-13.618306
shorten	-13.618306
ramu	-13.619508
biggs	-13.619508
guise	-13.619508
graze	-13.619508
clarinet	-13.619508
cuddly	-13.619508
americas	-13.619508
scavenger	-13.619508
middleman	-13.619508
garde	-13.619508
alot	-13.619508
crusader	-13.619508
mcduck	-13.620712
baa	-13.620712
propane	-13.620712
skaar	-13.620712
sickening	-13.620712
thrills	-13.620712
toothache	-13.620712
overhear	-13.620712
altercation	-13.620712
tudor	-13.620712
freckles	-13.620712
furthest	-13.620712
fuses	-13.621918
swamps	-13.621918
ambassadors	-13.621918
zhen	-13.621918
superpower	-13.621918
enraged	-13.621918
esmeralda	-13.621918
aagh	-13.621918
loomis	-13.621918
unpopular	-13.621918
locating	-13.621918
fitzpatrick	-13.621918
ordinance	-13.621918
grocer	-13.621918
courtship	-13.621918
zak	-13.623125
pics	-13.623125
ripple	-13.623125
smashes	-13.623125
conjure	-13.623125
winch	-13.623125
shipments	-13.623125
hustling	-13.623125
glorified	-13.623125
spied	-13.623125
cabinets	-13.623125
cylinders	-13.623125
mongrel	-13.624333
ifwe	-13.624333
dui	-13.624333
chlorine	-13.624333
radiology	-13.624333
hadley	-13.624333
oscars	-13.624333
projections	-13.624333
soggy	-13.624333
regal	-13.625543
assumes	-13.625543
boycott	-13.625543
klingons	-13.625543
progressed	-13.625543
telescopes	-13.625543
bradshaw	-13.625543
pats	-13.625543
unclean	-13.625543
banners	-13.625543
mesa	-13.625543
consumers	-13.625543
germ	-13.625543
stafford	-13.625543
excursion	-13.625543
heartland	-13.626755
jenn	-13.626755
gm	-13.626755
mmhmm	-13.626755
spontaneously	-13.626755
takeda	-13.626755
dun	-13.626755
initiating	-13.626755
modifications	-13.626755
feces	-13.627968
droid	-13.627968
alcoholics	-13.627968
trev	-13.627968
horde	-13.627968
grips	-13.627968
roderick	-13.627968
premise	-13.627968
scorpions	-13.627968
campaigning	-13.627968
obstinate	-13.627968
fiver	-13.627968
outburst	-13.627968
diaphragm	-13.627968
handbook	-13.627968
rudolf	-13.629182
serbs	-13.629182
derived	-13.629182
croak	-13.629182
executing	-13.629182
interim	-13.629182
snowed	-13.629182
rosary	-13.630398
scourge	-13.630398
pippi	-13.630398
drowns	-13.630398
crore	-13.630398
tic	-13.630398
adrift	-13.630398
bisexual	-13.630398
pointers	-13.630398
eradicate	-13.630398
spunk	-13.630398
snyder	-13.630398
hyper	-13.630398
inning	-13.630398
expendable	-13.630398
addams	-13.631615
noelle	-13.631615
chandu	-13.631615
ono	-13.631615
sutter	-13.631615
hazy	-13.631615
relocate	-13.631615
alleys	-13.631615
sunflower	-13.631615
financials	-13.631615
irritable	-13.631615
hanger	-13.631615
neuro	-13.631615
clooney	-13.631615
silky	-13.631615
tricking	-13.631615
kalinda	-13.631615
popsicle	-13.632834
yau	-13.632834
urging	-13.632834
moroccan	-13.632834
encyclopedia	-13.632834
stripe	-13.632834
stationary	-13.632834
ptsd	-13.632834
sermons	-13.632834
dink	-13.632834
parched	-13.634054
guinness	-13.634054
ravioli	-13.634054
predicting	-13.634054
masterson	-13.634054
helsinki	-13.634054
excruciating	-13.634054
callum	-13.634054
consensual	-13.634054
compute	-13.634054
trays	-13.634054
nikhil	-13.634054
overjoyed	-13.634054
liberals	-13.634054
mcguire	-13.634054
warehouses	-13.634054
durga	-13.634054
harald	-13.634054
stereotype	-13.635276
cartridges	-13.635276
whitaker	-13.635276
raiding	-13.635276
sustainable	-13.635276
commissar	-13.635276
soiled	-13.635276
standpoint	-13.635276
fruity	-13.635276
stayin	-13.635276
rafa	-13.635276
creams	-13.636499
watcher	-13.636499
thereafter	-13.636499
egon	-13.636499
drifter	-13.636499
financed	-13.636499
fairytale	-13.636499
intimately	-13.636499
keisha	-13.636499
wrapper	-13.636499
spectator	-13.636499
purest	-13.636499
raisin	-13.636499
alchemy	-13.636499
antimatter	-13.636499
withered	-13.636499
saki	-13.636499
maki	-13.637724
rutherford	-13.637724
shovels	-13.637724
holling	-13.637724
piers	-13.637724
deprivation	-13.637724
loren	-13.637724
landon	-13.637724
curing	-13.637724
deluded	-13.637724
wynn	-13.637724
rumored	-13.638950
eject	-13.638950
kouji	-13.638950
banzai	-13.638950
qc	-13.638950
caved	-13.638950
mackey	-13.638950
binds	-13.638950
keating	-13.638950
nailing	-13.638950
botched	-13.638950
takeshi	-13.638950
botox	-13.638950
pinto	-13.638950
tinkle	-13.638950
nfl	-13.638950
supplement	-13.638950
tragedies	-13.638950
overcooked	-13.638950
immersed	-13.638950
rollo	-13.638950
crucifix	-13.640178
tamed	-13.640178
czar	-13.640178
withhold	-13.640178
seismic	-13.640178
muppet	-13.640178
asphalt	-13.640178
bobbi	-13.640178
charred	-13.640178
bowed	-13.640178
floorboards	-13.640178
tycoon	-13.640178
defects	-13.640178
aristocrat	-13.640178
vocals	-13.640178
recurring	-13.641407
epilepsy	-13.641407
shakily	-13.641407
weller	-13.641407
wakey	-13.641407
poachers	-13.641407
garments	-13.641407
welcomes	-13.641407
balm	-13.641407
nagasaki	-13.641407
cooker	-13.641407
swaying	-13.641407
georgetown	-13.642638
pardoned	-13.642638
mach	-13.642638
moors	-13.642638
yeong	-13.642638
yippee	-13.642638
sheds	-13.642638
fifi	-13.642638
quirky	-13.642638
steamer	-13.642638
ritter	-13.642638
nim	-13.642638
flunked	-13.642638
sparring	-13.642638
sabina	-13.643870
ceases	-13.643870
lexie	-13.643870
nesting	-13.643870
blackberry	-13.643870
fiercely	-13.643870
impound	-13.643870
ucla	-13.643870
bengal	-13.645104
cache	-13.645104
lifeboat	-13.645104
daeso	-13.645104
creme	-13.645104
hallie	-13.645104
rhine	-13.645104
consequently	-13.645104
revolutions	-13.645104
shim	-13.645104
shyam	-13.645104
rosewood	-13.645104
larvae	-13.645104
hos	-13.645104
yeti	-13.645104
fluttering	-13.645104
gregson	-13.646339
mandela	-13.646339
occupying	-13.646339
jeanie	-13.646339
aphrodite	-13.646339
cools	-13.646339
lasse	-13.646339
snuggle	-13.646339
sharona	-13.646339
riled	-13.646339
turnover	-13.646339
misleading	-13.646339
presiding	-13.646339
accessing	-13.646339
kicker	-13.646339
pre	-13.646339
hosted	-13.646339
ordained	-13.646339
nassau	-13.647576
hombre	-13.647576
brazen	-13.647576
eah	-13.647576
prof	-13.647576
stitching	-13.647576
nook	-13.647576
splashes	-13.647576
cyclone	-13.647576
zheng	-13.647576
lovingly	-13.647576
colonists	-13.647576
researched	-13.647576
physicians	-13.647576
hogs	-13.647576
unwise	-13.647576
affliction	-13.648814
aspire	-13.648814
dow	-13.648814
hooch	-13.648814
pai	-13.648814
lacerations	-13.648814
tasteless	-13.648814
deirdre	-13.648814
welch	-13.648814
unbreakable	-13.648814
carnal	-13.648814
generic	-13.648814
melodramatic	-13.648814
distressing	-13.648814
sentinel	-13.648814
lifetimes	-13.648814
yelping	-13.648814
projecting	-13.648814
takahashi	-13.648814
nepal	-13.648814
bela	-13.648814
unattended	-13.648814
hellhole	-13.650054
renault	-13.650054
efficiently	-13.650054
gonzales	-13.650054
wobbly	-13.650054
recruitment	-13.650054
lasalle	-13.650054
wilhelmina	-13.650054
hashtag	-13.650054
reek	-13.650054
emphasize	-13.650054
melons	-13.650054
dept	-13.650054
chore	-13.650054
scat	-13.651296
aired	-13.651296
chardonnay	-13.651296
nigeria	-13.651296
ofyour	-13.651296
meats	-13.651296
monetary	-13.651296
lowry	-13.651296
notjust	-13.651296
tormenting	-13.651296
combining	-13.651296
vixen	-13.651296
napping	-13.651296
deactivate	-13.651296
goblins	-13.651296
merrier	-13.651296
busts	-13.651296
regrettable	-13.651296
ugliest	-13.651296
tac	-13.651296
evasion	-13.651296
clementine	-13.652539
overworked	-13.652539
pta	-13.652539
waterproof	-13.652539
alamo	-13.652539
salome	-13.652539
halibut	-13.652539
seon	-13.652539
communicator	-13.652539
laced	-13.652539
fuels	-13.652539
phi	-13.652539
supervising	-13.652539
slogans	-13.653783
garnish	-13.653783
kam	-13.653783
mendez	-13.653783
spruce	-13.653783
seducing	-13.653783
implicate	-13.653783
leper	-13.653783
unpacking	-13.653783
germaine	-13.653783
ponder	-13.653783
nicknamed	-13.653783
chakotay	-13.653783
femur	-13.653783
detonated	-13.653783
technicality	-13.653783
situated	-13.653783
vindictive	-13.653783
twit	-13.653783
obeying	-13.653783
lutz	-13.655029
waldorf	-13.655029
larissa	-13.655029
gopi	-13.655029
hypocrites	-13.655029
shogunate	-13.655029
mural	-13.655029
enlarged	-13.655029
glittering	-13.655029
woven	-13.655029
contender	-13.655029
orpheus	-13.655029
illnesses	-13.655029
captures	-13.655029
margaritas	-13.655029
hammock	-13.655029
prolong	-13.655029
gallop	-13.655029
lieutenants	-13.655029
whistler	-13.656277
chihuahua	-13.656277
tehran	-13.656277
pasadena	-13.656277
stroller	-13.656277
bs	-13.656277
issuing	-13.656277
ie	-13.656277
foes	-13.656277
tig	-13.656277
proprietor	-13.656277
speciality	-13.656277
centered	-13.656277
rosita	-13.656277
granting	-13.657526
hindus	-13.657526
gills	-13.657526
puyo	-13.657526
sos	-13.657526
edwina	-13.657526
mistresses	-13.657526
fingernail	-13.657526
starry	-13.657526
hubbard	-13.657526
lolly	-13.657526
cardio	-13.657526
delaying	-13.657526
savoy	-13.657526
fahrenheit	-13.657526
chaste	-13.658777
buttercup	-13.658777
barricades	-13.658777
berth	-13.658777
stoner	-13.658777
hitter	-13.658777
anonymity	-13.658777
clippings	-13.658777
mod	-13.658777
dia	-13.658777
dodd	-13.658777
insecurity	-13.658777
contests	-13.658777
incriminate	-13.658777
variable	-13.658777
startin	-13.660029
chloroform	-13.660029
essays	-13.660029
poised	-13.660029
abrupt	-13.660029
hauser	-13.660029
exodus	-13.660029
refinery	-13.660029
browns	-13.660029
gonzo	-13.660029
proclaimed	-13.660029
techs	-13.660029
kuwait	-13.660029
rustic	-13.660029
dislocated	-13.660029
celsius	-13.660029
intervened	-13.660029
mane	-13.661283
confessional	-13.661283
tagging	-13.661283
pinching	-13.661283
sideshow	-13.661283
allegation	-13.661283
polio	-13.661283
hoe	-13.661283
motorway	-13.661283
sayonara	-13.661283
lastly	-13.661283
duped	-13.661283
spout	-13.661283
mun	-13.661283
rupa	-13.661283
undergoing	-13.661283
smothered	-13.662539
sulu	-13.662539
nowt	-13.662539
micro	-13.662539
garvey	-13.662539
teapot	-13.662539
diplomats	-13.662539
exhibits	-13.662539
confronting	-13.662539
healthcare	-13.662539
mattresses	-13.662539
buick	-13.662539
toxicology	-13.662539
liberating	-13.662539
climber	-13.662539
opal	-13.662539
reba	-13.662539
contend	-13.663796
lamont	-13.663796
switchboard	-13.663796
sana	-13.663796
yap	-13.663796
insights	-13.663796
disoriented	-13.663796
meditating	-13.663796
nightclubs	-13.663796
cater	-13.663796
emeralds	-13.665055
facilitate	-13.665055
vigorous	-13.665055
intervals	-13.665055
excel	-13.665055
fraulein	-13.665055
appetit	-13.665055
reggae	-13.665055
plastics	-13.665055
revere	-13.665055
lore	-13.665055
creditors	-13.665055
resented	-13.665055
blossomed	-13.665055
activating	-13.666315
composite	-13.666315
hindsight	-13.666315
mummies	-13.666315
bedding	-13.666315
craven	-13.666315
shitless	-13.666315
songwriter	-13.666315
scented	-13.666315
plankton	-13.666315
baird	-13.666315
locomotive	-13.666315
ticked	-13.666315
mapped	-13.666315
jolt	-13.666315
reforms	-13.667577
gucci	-13.667577
overcoat	-13.667577
bishops	-13.667577
conscientious	-13.667577
venetian	-13.667577
evey	-13.667577
calder	-13.667577
logistics	-13.667577
ahmet	-13.667577
dieter	-13.667577
rampant	-13.667577
waverly	-13.667577
whitehall	-13.668840
hock	-13.668840
chrome	-13.668840
sandman	-13.668840
balancing	-13.668840
canals	-13.668840
oxen	-13.668840
superhuman	-13.668840
ein	-13.668840
rogues	-13.668840
dossier	-13.668840
pikachu	-13.668840
waxed	-13.668840
infested	-13.668840
benz	-13.668840
kolchak	-13.668840
folklore	-13.668840
turban	-13.668840
carriages	-13.668840
lanka	-13.670105
ade	-13.670105
recycled	-13.670105
alden	-13.670105
busiest	-13.670105
courteous	-13.670105
baptize	-13.670105
bowing	-13.670105
ventura	-13.670105
pamphlets	-13.670105
amiss	-13.670105
michaela	-13.671372
hex	-13.671372
swapping	-13.671372
detergent	-13.671372
afflicted	-13.671372
dethklok	-13.671372
overalls	-13.671372
reboot	-13.671372
pining	-13.671372
nazareth	-13.671372
insubordination	-13.671372
sputters	-13.671372
slammer	-13.672640
vices	-13.672640
dungeons	-13.672640
binary	-13.672640
hesitating	-13.672640
attendants	-13.672640
fined	-13.672640
sanford	-13.672640
volkswagen	-13.672640
excrement	-13.672640
dictates	-13.672640
epstein	-13.672640
swims	-13.673910
ethic	-13.673910
boulders	-13.673910
lockwood	-13.673910
bucharest	-13.673910
twos	-13.673910
cornelia	-13.673910
founders	-13.673910
tb	-13.673910
locksmith	-13.673910
circulating	-13.673910
seine	-13.673910
rattlesnake	-13.673910
toying	-13.673910
cardiff	-13.673910
chitchat	-13.673910
chimpanzee	-13.673910
envied	-13.673910
nocturnal	-13.675181
peppino	-13.675181
galleries	-13.675181
partisan	-13.675181
cluck	-13.675181
falco	-13.675181
hobson	-13.675181
clandestine	-13.675181
doctorate	-13.675181
blackadder	-13.675181
smudge	-13.675181
bona	-13.675181
pressuring	-13.675181
kindest	-13.675181
moray	-13.675181
cuddy	-13.675181
beastly	-13.675181
agile	-13.675181
sodas	-13.675181
visas	-13.676454
portia	-13.676454
specter	-13.676454
det	-13.676454
nabbed	-13.676454
integration	-13.676454
granville	-13.676454
bayou	-13.676454
sorceress	-13.676454
harvesting	-13.676454
bakers	-13.676454
litigation	-13.676454
misa	-13.676454
disruption	-13.677729
shellfish	-13.677729
kerala	-13.677729
grasping	-13.677729
prakash	-13.677729
apostles	-13.677729
kraft	-13.677729
extermination	-13.677729
arsonist	-13.677729
morphin	-13.677729
gathers	-13.677729
tsui	-13.677729
tubby	-13.677729
refreshment	-13.677729
bony	-13.677729
tuttle	-13.677729
diligent	-13.677729
handiwork	-13.677729
disguises	-13.677729
sneaks	-13.679005
installing	-13.679005
betrays	-13.679005
malhotra	-13.679005
transvestite	-13.679005
darth	-13.679005
secular	-13.679005
newer	-13.679005
watery	-13.679005
pecker	-13.679005
surrendering	-13.679005
intestine	-13.679005
md	-13.679005
repentance	-13.679005
burdens	-13.679005
mont	-13.679005
plums	-13.679005
kolya	-13.679005
sulk	-13.680283
arden	-13.680283
cleavage	-13.680283
blunder	-13.680283
panty	-13.680283
detox	-13.680283
thyself	-13.680283
anticipating	-13.680283
scoffing	-13.680283
recognizing	-13.680283
judgments	-13.680283
headmistress	-13.680283
goddamnit	-13.680283
telepathic	-13.681563
spineless	-13.681563
astrology	-13.681563
reza	-13.681563
dopey	-13.681563
drummond	-13.681563
trusty	-13.681563
loveliest	-13.681563
ditching	-13.681563
reassigned	-13.682844
elly	-13.682844
faber	-13.682844
pusher	-13.682844
col	-13.682844
chucky	-13.682844
dashed	-13.682844
sisko	-13.682844
cashmere	-13.682844
cams	-13.682844
etcetera	-13.682844
mistletoe	-13.682844
sorcery	-13.684127
teas	-13.684127
innkeeper	-13.684127
maidens	-13.684127
seol	-13.684127
delinda	-13.684127
tranquility	-13.684127
mais	-13.684127
indicator	-13.684127
phaser	-13.684127
nutritious	-13.684127
rb	-13.684127
mutated	-13.684127
varied	-13.684127
heightened	-13.685412
blatant	-13.685412
proclamation	-13.685412
guerrillas	-13.685412
trident	-13.685412
keepin	-13.685412
collin	-13.685412
corvette	-13.685412
ticklish	-13.685412
gaping	-13.685412
ideally	-13.685412
oars	-13.685412
scandals	-13.685412
vengeful	-13.685412
widowed	-13.685412
brit	-13.685412
emmanuel	-13.685412
salted	-13.686698
surpassed	-13.686698
exert	-13.686698
poorest	-13.686698
systematically	-13.686698
evac	-13.686698
radically	-13.686698
purify	-13.686698
vibrate	-13.686698
announces	-13.686698
transgender	-13.687986
lofty	-13.687986
sequences	-13.687986
nance	-13.687986
addy	-13.687986
tulips	-13.687986
illustrated	-13.687986
unlocking	-13.687986
shudders	-13.687986
nurturing	-13.687986
merrill	-13.687986
generates	-13.687986
disloyal	-13.689275
aggressively	-13.689275
skywalker	-13.689275
asbestos	-13.689275
haru	-13.689275
improv	-13.689275
ems	-13.689275
hayat	-13.690566
unpunished	-13.690566
displaced	-13.690566
andersen	-13.690566
bowen	-13.690566
thundering	-13.690566
semi	-13.690566
crutch	-13.690566
silo	-13.690566
yokohama	-13.690566
rubs	-13.690566
dipshit	-13.691859
levy	-13.691859
symmetry	-13.691859
inflammation	-13.691859
unaccounted	-13.691859
nikola	-13.691859
licorice	-13.691859
applauds	-13.691859
homeroom	-13.691859
kabaddi	-13.691859
grievous	-13.691859
counselling	-13.691859
ortega	-13.691859
trample	-13.691859
nani	-13.691859
tipsy	-13.691859
rigorous	-13.691859
brewer	-13.693154
hurdle	-13.693154
chisel	-13.693154
kiran	-13.693154
bistro	-13.693154
hao	-13.693154
wainwright	-13.693154
chests	-13.693154
newkirk	-13.693154
bottomless	-13.693154
combustion	-13.693154
erupted	-13.693154
autobots	-13.693154
clifton	-13.693154
forwarded	-13.693154
katrine	-13.694450
tidings	-13.694450
stubbornness	-13.694450
dix	-13.694450
pelican	-13.694450
matchmaker	-13.694450
howell	-13.694450
geiger	-13.694450
moles	-13.694450
mucho	-13.694450
binge	-13.694450
piping	-13.694450
tiff	-13.695748
penalties	-13.695748
enables	-13.695748
irrigation	-13.695748
hunchback	-13.695748
margins	-13.695748
provenza	-13.695748
relocated	-13.695748
centres	-13.695748
pitches	-13.695748
vaults	-13.697047
hyacinth	-13.697047
gable	-13.697047
swirling	-13.697047
filly	-13.697047
putty	-13.697047
revisit	-13.697047
fanatics	-13.697047
concerto	-13.697047
unbeatable	-13.697047
rupaul	-13.697047
matey	-13.697047
kemal	-13.697047
carthage	-13.698348
loophole	-13.698348
replies	-13.698348
beeper	-13.698348
injure	-13.698348
cookbook	-13.698348
align	-13.698348
sanctity	-13.698348
spilt	-13.698348
whence	-13.699651
geographic	-13.699651
admirers	-13.699651
mislead	-13.699651
treadmill	-13.699651
ferrara	-13.699651
fated	-13.699651
resurrect	-13.699651
rina	-13.699651
fetal	-13.699651
coca	-13.700956
qaeda	-13.700956
nona	-13.700956
hoots	-13.700956
tampons	-13.700956
crept	-13.700956
mania	-13.700956
unplug	-13.700956
veggie	-13.700956
keyes	-13.700956
subordinate	-13.700956
timely	-13.702262
telugu	-13.702262
proofs	-13.702262
ivanovich	-13.702262
appropriately	-13.702262
vendors	-13.702262
recap	-13.702262
roo	-13.702262
dinky	-13.702262
accountants	-13.702262
archaeology	-13.702262
mikael	-13.702262
strangler	-13.702262
genghis	-13.702262
freshmen	-13.702262
nic	-13.702262
nothingness	-13.702262
katarina	-13.702262
authorised	-13.702262
brightness	-13.702262
maximus	-13.703570
payson	-13.703570
bogart	-13.703570
urinating	-13.703570
dok	-13.703570
violets	-13.703570
compromises	-13.703570
defences	-13.703570
ibm	-13.703570
scanlon	-13.703570
corp	-13.703570
compulsory	-13.703570
seasoning	-13.703570
taft	-13.703570
famously	-13.703570
surfaced	-13.703570
gibraltar	-13.703570
cuckold	-13.703570
uneven	-13.703570
reopened	-13.704880
blip	-13.704880
valhalla	-13.704880
midori	-13.704880
similarity	-13.704880
frodo	-13.704880
gizmo	-13.704880
swindler	-13.704880
indulgence	-13.704880
wat	-13.704880
topper	-13.704880
alligators	-13.704880
garry	-13.704880
dives	-13.704880
minneapolis	-13.704880
reeling	-13.704880
bene	-13.704880
outlets	-13.706192
siamese	-13.706192
rupee	-13.706192
unrealistic	-13.706192
endangering	-13.706192
gonzalez	-13.706192
gist	-13.706192
adventurer	-13.706192
prosthetic	-13.706192
bayonet	-13.706192
julianne	-13.706192
bismarck	-13.706192
dresden	-13.706192
paro	-13.706192
encoded	-13.706192
ruff	-13.707505
luce	-13.707505
supermodel	-13.707505
pollock	-13.707505
calmer	-13.707505
chestnuts	-13.707505
parsley	-13.707505
overgrown	-13.707505
storming	-13.707505
rahl	-13.707505
alfa	-13.708820
sicker	-13.708820
maru	-13.708820
ohhhh	-13.708820
abbas	-13.708820
inge	-13.708820
resilient	-13.708820
ly	-13.708820
monet	-13.708820
abominable	-13.708820
empires	-13.708820
revise	-13.708820
vets	-13.708820
arches	-13.708820
condor	-13.708820
apaches	-13.708820
blackouts	-13.710136
advertised	-13.710136
quixote	-13.710136
labored	-13.710136
excavation	-13.710136
salud	-13.710136
ironed	-13.710136
francie	-13.710136
bartholomew	-13.710136
laboratories	-13.710136
riddled	-13.710136
flung	-13.710136
yanked	-13.711455
sadder	-13.711455
neurons	-13.711455
licenses	-13.711455
communicated	-13.711455
nutshell	-13.711455
scofield	-13.711455
savor	-13.712775
cbc	-13.712775
bedrock	-13.712775
tempered	-13.712775
kenzi	-13.712775
bunty	-13.712775
pol	-13.712775
cleansed	-13.712775
favourites	-13.712775
rigging	-13.712775
dawned	-13.712775
inconclusive	-13.712775
graph	-13.712775
twigs	-13.712775
callous	-13.712775
tyr	-13.714097
bosch	-13.714097
embezzlement	-13.714097
decapitated	-13.714097
seinfeld	-13.714097
bannister	-13.714097
mccain	-13.714097
clusters	-13.714097
annex	-13.714097
samuels	-13.714097
royalties	-13.714097
seville	-13.714097
admittedly	-13.714097
gimmick	-13.714097
lobos	-13.715420
verb	-13.715420
fightin	-13.715420
mistaking	-13.715420
abrasions	-13.715420
frazer	-13.715420
stow	-13.715420
unchanged	-13.715420
andes	-13.715420
neglecting	-13.715420
daggers	-13.715420
hypnotic	-13.715420
distributing	-13.715420
stonehenge	-13.715420
hailing	-13.715420
vapor	-13.715420
clemens	-13.715420
blanchard	-13.716746
waive	-13.716746
lavish	-13.716746
cultivated	-13.716746
sunscreen	-13.716746
buffoon	-13.716746
hooded	-13.716746
obstructing	-13.716746
bonuses	-13.716746
rapture	-13.716746
olympia	-13.716746
seenu	-13.716746
grate	-13.716746
inconsiderate	-13.718073
armchair	-13.718073
floppy	-13.718073
loitering	-13.718073
clement	-13.718073
drainage	-13.718073
sho	-13.718073
mongolia	-13.718073
woodland	-13.718073
looted	-13.718073
scruples	-13.718073
frisky	-13.718073
rubies	-13.718073
sovereignty	-13.719402
ofthis	-13.719402
recovers	-13.719402
betrayer	-13.719402
promoter	-13.719402
ugliness	-13.719402
cancellation	-13.719402
bribing	-13.719402
merged	-13.719402
aggie	-13.719402
barons	-13.719402
regression	-13.719402
susana	-13.719402
punishable	-13.719402
ganges	-13.719402
bachelors	-13.719402
forgetful	-13.719402
asha	-13.719402
pilate	-13.720732
disgruntled	-13.720732
fireflies	-13.720732
deceitful	-13.720732
splat	-13.720732
movers	-13.720732
mended	-13.720732
plating	-13.720732
misunderstandings	-13.720732
iittle	-13.720732
cryptic	-13.720732
monika	-13.720732
jefe	-13.720732
marmalade	-13.720732
coals	-13.720732
ignores	-13.722065
rhythms	-13.722065
sculpted	-13.722065
vicente	-13.722065
pounce	-13.722065
lesley	-13.722065
completes	-13.722065
pim	-13.722065
assert	-13.722065
ht	-13.722065
favored	-13.722065
curled	-13.722065
pelvic	-13.722065
pansy	-13.722065
requiring	-13.722065
entities	-13.722065
tenor	-13.722065
measly	-13.722065
tino	-13.722065
hoodlums	-13.722065
indie	-13.722065
ladders	-13.723399
tasteful	-13.723399
lassiter	-13.723399
shaker	-13.723399
maritime	-13.723399
absorbing	-13.723399
mclaren	-13.723399
splendor	-13.723399
sax	-13.723399
denounced	-13.723399
antics	-13.723399
hailed	-13.723399
meanest	-13.723399
sprinkles	-13.723399
trampoline	-13.723399
swag	-13.723399
roaches	-13.723399
othello	-13.723399
profiling	-13.723399
lifesaver	-13.723399
slurring	-13.723399
platonic	-13.723399
hoi	-13.723399
cretin	-13.723399
hyenas	-13.724735
harshly	-13.724735
camila	-13.724735
krypton	-13.724735
autobiography	-13.724735
humorous	-13.724735
seamus	-13.724735
hussy	-13.724735
nodding	-13.724735
stinkin	-13.724735
comp	-13.724735
lyman	-13.726073
keenan	-13.726073
fiscal	-13.726073
baltic	-13.726073
hallways	-13.726073
gracefully	-13.726073
comforted	-13.726073
promenade	-13.726073
champs	-13.726073
exorcist	-13.726073
courtesan	-13.726073
clubbing	-13.726073
alloy	-13.726073
guitarist	-13.726073
suede	-13.726073
roasting	-13.727412
kun	-13.727412
simran	-13.727412
plaid	-13.727412
rollers	-13.727412
nyu	-13.727412
flannel	-13.727412
niche	-13.727412
census	-13.727412
mata	-13.727412
braver	-13.727412
verona	-13.727412
hysterically	-13.727412
shriek	-13.727412
klan	-13.727412
bathrobe	-13.728754
atrocious	-13.728754
calleigh	-13.728754
borough	-13.728754
chalice	-13.728754
frazier	-13.728754
airspace	-13.728754
hesitant	-13.728754
aborted	-13.728754
jeweler	-13.728754
rhetoric	-13.728754
brice	-13.728754
strickland	-13.728754
seamstress	-13.728754
feverish	-13.728754
saffron	-13.728754
storing	-13.728754
mla	-13.728754
regeneration	-13.728754
augusta	-13.728754
scorpio	-13.730097
algiers	-13.730097
forbade	-13.730097
hushed	-13.730097
suitors	-13.730097
governing	-13.730097
dotty	-13.730097
matured	-13.730097
tropics	-13.730097
threes	-13.730097
trapping	-13.730097
chantal	-13.730097
swann	-13.730097
warrick	-13.731442
slots	-13.731442
dune	-13.731442
horseshit	-13.731442
extinguish	-13.731442
juggle	-13.731442
yon	-13.731442
goguryeo	-13.731442
mobilize	-13.731442
trucking	-13.731442
berman	-13.732789
hakeem	-13.732789
framework	-13.732789
kan	-13.732789
attackers	-13.732789
prenup	-13.732789
orphaned	-13.732789
parry	-13.732789
respective	-13.732789
dario	-13.732789
prerogative	-13.732789
chipper	-13.732789
ramiro	-13.732789
woulda	-13.732789
attenborough	-13.732789
mortified	-13.732789
bitcoin	-13.732789
crusoe	-13.732789
axes	-13.734137
pickpocket	-13.734137
flammable	-13.734137
apos	-13.734137
kickin	-13.734137
leicester	-13.734137
archery	-13.734137
blanc	-13.734137
henchmen	-13.734137
talon	-13.734137
hardison	-13.734137
purses	-13.734137
glucose	-13.734137
whims	-13.734137
muff	-13.734137
cauldron	-13.734137
roundabout	-13.734137
gorman	-13.734137
estranged	-13.734137
phobia	-13.735488
aang	-13.735488
vanishes	-13.735488
watchers	-13.735488
banning	-13.735488
navel	-13.735488
ascension	-13.735488
piazza	-13.735488
goth	-13.735488
projectile	-13.735488
fueled	-13.735488
brothels	-13.735488
jitters	-13.735488
crybaby	-13.735488
upstream	-13.735488
notification	-13.735488
bennie	-13.735488
fabricated	-13.736840
grumbles	-13.736840
ck	-13.736840
ish	-13.736840
regis	-13.736840
inga	-13.736840
textile	-13.736840
realism	-13.736840
dominance	-13.736840
circulate	-13.736840
autistic	-13.736840
sickly	-13.736840
ambulances	-13.736840
sac	-13.736840
siri	-13.736840
spiritually	-13.738194
recreational	-13.738194
forwarding	-13.738194
tetanus	-13.738194
fliers	-13.738194
prowl	-13.738194
quot	-13.738194
atop	-13.738194
itches	-13.738194
meningitis	-13.738194
mcgarrett	-13.738194
emailed	-13.738194
dimes	-13.738194
suburb	-13.738194
hartman	-13.738194
aztec	-13.738194
mocha	-13.739550
accursed	-13.739550
dmitri	-13.739550
sarajevo	-13.739550
kern	-13.739550
launcher	-13.739550
improvised	-13.739550
defying	-13.739550
sofie	-13.739550
mohammad	-13.739550
halley	-13.739550
ducking	-13.739550
alexandre	-13.739550
uglier	-13.739550
mitt	-13.739550
taurus	-13.739550
warheads	-13.739550
apps	-13.740908
inspected	-13.740908
undoing	-13.740908
counties	-13.740908
perm	-13.740908
shuffling	-13.740908
vanya	-13.740908
shifu	-13.740908
takumi	-13.740908
touya	-13.740908
bengali	-13.740908
weakling	-13.740908
grampa	-13.740908
humid	-13.740908
infants	-13.742268
barman	-13.742268
straits	-13.742268
annulment	-13.742268
qiu	-13.742268
mapping	-13.742268
spotting	-13.742268
eyed	-13.742268
zing	-13.742268
decode	-13.742268
umbilical	-13.742268
blackboard	-13.742268
probes	-13.742268
cutlery	-13.742268
booger	-13.742268
hasta	-13.743629
shoelaces	-13.743629
redeemed	-13.743629
morgana	-13.743629
bleedin	-13.743629
hue	-13.743629
exterminator	-13.743629
aristocracy	-13.743629
wavelength	-13.743629
replacements	-13.743629
bongo	-13.743629
fittest	-13.743629
glum	-13.743629
farnon	-13.743629
deanna	-13.743629
gloucester	-13.743629
perilous	-13.743629
snooze	-13.743629
commandos	-13.744992
wasps	-13.744992
abhi	-13.744992
jimmie	-13.744992
processor	-13.744992
pendleton	-13.744992
ascertain	-13.744992
deadliest	-13.744992
reproductive	-13.744992
prophecies	-13.744992
instinctively	-13.744992
commencing	-13.744992
mined	-13.744992
reassured	-13.744992
dislikes	-13.744992
jokers	-13.746358
phasers	-13.746358
strayed	-13.746358
feller	-13.746358
templeton	-13.746358
curling	-13.746358
winthrop	-13.746358
monoxide	-13.746358
xin	-13.746358
rankin	-13.746358
armada	-13.746358
overreact	-13.746358
twirl	-13.746358
kits	-13.746358
hanks	-13.747725
fountains	-13.747725
sawdust	-13.747725
firefly	-13.747725
interstellar	-13.747725
subdue	-13.747725
massimo	-13.747725
fabrics	-13.747725
simulate	-13.747725
libraries	-13.747725
arbitrary	-13.747725
petrov	-13.747725
ratchet	-13.747725
vascular	-13.747725
poldark	-13.747725
coos	-13.747725
handmade	-13.749094
ahjumma	-13.749094
bluebell	-13.749094
ultraviolet	-13.749094
obesity	-13.749094
sensations	-13.749094
deem	-13.749094
higgs	-13.749094
charissa	-13.749094
reigns	-13.749094
dub	-13.749094
bounces	-13.749094
nicaragua	-13.749094
dawes	-13.749094
shrek	-13.750464
basque	-13.750464
burrow	-13.750464
pawned	-13.750464
boardwalk	-13.750464
poultry	-13.750464
scrapbook	-13.750464
fantasize	-13.750464
watered	-13.750464
offending	-13.750464
roswell	-13.750464
magdalena	-13.750464
overkill	-13.750464
sodom	-13.750464
antelope	-13.750464
discord	-13.750464
henna	-13.750464
pigsty	-13.751837
aristocrats	-13.751837
downstream	-13.751837
undies	-13.751837
dashboard	-13.751837
chez	-13.751837
inconsistent	-13.751837
wickedness	-13.751837
bok	-13.753212
disagreed	-13.753212
susannah	-13.753212
piccolo	-13.753212
vila	-13.753212
soto	-13.753212
pauper	-13.753212
oxide	-13.753212
cauliflower	-13.753212
roxton	-13.753212
fiddler	-13.753212
ivo	-13.753212
matteo	-13.753212
nitro	-13.754588
guacamole	-13.754588
branson	-13.754588
cosette	-13.754588
pawns	-13.754588
cardinals	-13.754588
tailed	-13.754588
verde	-13.754588
vd	-13.754588
rikers	-13.754588
fiji	-13.754588
extinguished	-13.754588
enquire	-13.754588
prude	-13.754588
lik	-13.754588
boundless	-13.755966
climbers	-13.755966
romantically	-13.755966
hefner	-13.755966
strands	-13.755966
arrivals	-13.755966
hula	-13.755966
combed	-13.755966
sou	-13.755966
corresponding	-13.755966
kindred	-13.755966
repel	-13.755966
pil	-13.755966
genoa	-13.755966
durham	-13.755966
squish	-13.755966
shopkeeper	-13.755966
grownups	-13.755966
nik	-13.755966
showroom	-13.755966
warts	-13.755966
overdoing	-13.755966
laxmi	-13.755966
laundromat	-13.755966
humanoid	-13.757347
dreadfully	-13.757347
cheery	-13.757347
shards	-13.757347
shenanigans	-13.757347
std	-13.757347
rhythmically	-13.757347
ronaldo	-13.757347
hbo	-13.757347
atticus	-13.757347
bligh	-13.757347
masons	-13.757347
encourages	-13.757347
barrage	-13.757347
blockhead	-13.757347
sealing	-13.757347
annihilated	-13.757347
glover	-13.758729
harvested	-13.758729
trisha	-13.758729
overloaded	-13.758729
narc	-13.758729
tulsa	-13.758729
persia	-13.758729
spills	-13.758729
timo	-13.758729
taxpayer	-13.758729
ser	-13.758729
menacing	-13.758729
clippers	-13.758729
flirted	-13.758729
spiderman	-13.758729
foreboding	-13.758729
exhilarating	-13.758729
understudy	-13.758729
cv	-13.758729
maman	-13.758729
castile	-13.758729
tact	-13.758729
schematics	-13.758729
roseanne	-13.760113
smarts	-13.760113
provision	-13.760113
mccartney	-13.760113
manga	-13.760113
housed	-13.760113
doghouse	-13.760113
milhouse	-13.760113
anchovies	-13.760113
ny	-13.760113
fab	-13.761499
warbling	-13.761499
ofcourse	-13.761499
huntington	-13.761499
ghouls	-13.761499
applicants	-13.761499
tigger	-13.761499
stringer	-13.761499
critters	-13.761499
topher	-13.761499
yemen	-13.761499
vantage	-13.761499
canadians	-13.761499
abandonment	-13.761499
theology	-13.761499
commemorate	-13.761499
compressions	-13.761499
nerdy	-13.761499
aegisshi	-13.762887
raleigh	-13.762887
frenchmen	-13.762887
ld	-13.762887
nourishment	-13.762887
sender	-13.762887
nursed	-13.762887
gulls	-13.762887
argentine	-13.762887
oan	-13.762887
consciously	-13.762887
tenner	-13.762887
waiver	-13.762887
magnetism	-13.764277
woodwork	-13.764277
remission	-13.764277
nils	-13.764277
hooligan	-13.764277
dysfunction	-13.764277
hijacking	-13.764277
dickinson	-13.764277
vanquished	-13.764277
widen	-13.764277
mobility	-13.764277
rafi	-13.764277
microphones	-13.764277
provisional	-13.764277
hamper	-13.764277
mcallister	-13.764277
membrane	-13.765669
anarchists	-13.765669
horst	-13.765669
hahaha	-13.765669
lecturer	-13.765669
tampon	-13.765669
maxi	-13.765669
sanatorium	-13.765669
tangle	-13.765669
hearted	-13.765669
gabriella	-13.765669
succumb	-13.765669
scab	-13.765669
dissatisfied	-13.765669
cali	-13.767062
butting	-13.767062
lain	-13.767062
presentable	-13.767062
prompted	-13.767062
nietzsche	-13.767062
boating	-13.767062
eichmann	-13.767062
relates	-13.767062
bashir	-13.767062
swedes	-13.767062
trumps	-13.767062
yuk	-13.767062
hypothermia	-13.767062
sasquatch	-13.767062
binder	-13.767062
unlocks	-13.767062
lookie	-13.768458
potions	-13.768458
insure	-13.768458
bohemian	-13.768458
ilya	-13.768458
skylar	-13.768458
petrovich	-13.768458
jester	-13.768458
excites	-13.768458
uniquely	-13.768458
cris	-13.768458
regulate	-13.768458
factions	-13.768458
irreplaceable	-13.768458
pied	-13.768458
smithers	-13.768458
unofficially	-13.768458
canterbury	-13.768458
shank	-13.768458
alpine	-13.769856
prowess	-13.769856
fernandez	-13.769856
trashy	-13.769856
blower	-13.769856
tenderly	-13.769856
depicted	-13.769856
carlyle	-13.769856
disturbs	-13.769856
mussels	-13.769856
mali	-13.769856
sigma	-13.769856
croissant	-13.769856
charades	-13.769856
mince	-13.769856
kilograms	-13.769856
homies	-13.769856
boasting	-13.769856
dined	-13.769856
xanax	-13.771255
passageway	-13.771255
ranting	-13.771255
pixie	-13.771255
pharaohs	-13.771255
nitrate	-13.771255
hyperspace	-13.771255
insurgents	-13.771255
ferengi	-13.771255
yiddish	-13.771255
trends	-13.771255
elevation	-13.771255
figaro	-13.771255
litres	-13.771255
pastime	-13.771255
altering	-13.771255
fricking	-13.772657
ussr	-13.772657
brie	-13.772657
spec	-13.772657
abolished	-13.772657
earthlings	-13.772657
evict	-13.772657
janeiro	-13.772657
pricey	-13.772657
mending	-13.772657
pesky	-13.772657
turbulent	-13.772657
attributes	-13.772657
nessa	-13.772657
downey	-13.772657
gerda	-13.772657
baekje	-13.772657
albino	-13.772657
activation	-13.772657
flamingo	-13.774060
polling	-13.774060
eggnog	-13.774060
lor	-13.774060
bashing	-13.774060
expulsion	-13.774060
verity	-13.774060
granddaddy	-13.774060
dominican	-13.774060
flattened	-13.774060
mba	-13.774060
analyse	-13.774060
untimely	-13.774060
reversal	-13.774060
elka	-13.774060
kensington	-13.774060
ambiguous	-13.774060
tortures	-13.775466
glock	-13.775466
clouded	-13.775466
chakra	-13.775466
percival	-13.775466
sundae	-13.775466
housewarming	-13.775466
lum	-13.775466
frylock	-13.775466
diagnose	-13.775466
emblem	-13.775466
posterity	-13.775466
thermos	-13.775466
lookit	-13.775466
perseverance	-13.775466
vivien	-13.776873
hamid	-13.776873
mayfield	-13.776873
midge	-13.776873
garrity	-13.776873
untied	-13.776873
bulge	-13.776873
forsyte	-13.776873
sheen	-13.776873
greased	-13.776873
optic	-13.776873
pasquale	-13.776873
ridin	-13.776873
ridges	-13.776873
twitching	-13.776873
myron	-13.776873
mariano	-13.776873
exterminated	-13.776873
grrr	-13.776873
crossfire	-13.776873
topping	-13.776873
impudent	-13.778283
bloods	-13.778283
lupe	-13.778283
gravely	-13.778283
manifestation	-13.778283
moat	-13.778283
prefecture	-13.778283
esme	-13.778283
kwang	-13.778283
hei	-13.778283
noticeable	-13.778283
muir	-13.779694
mausoleum	-13.779694
claudette	-13.779694
consignment	-13.779694
algorithms	-13.779694
alrighty	-13.779694
tonsils	-13.779694
wrongful	-13.779694
knackered	-13.779694
lacy	-13.779694
successes	-13.779694
daddies	-13.779694
grilling	-13.779694
zeppelin	-13.779694
lok	-13.779694
smartass	-13.779694
catalyst	-13.779694
bergen	-13.779694
checkout	-13.779694
jobless	-13.779694
rhea	-13.779694
dotted	-13.779694
tarot	-13.779694
promotions	-13.779694
dangle	-13.779694
firecracker	-13.779694
laces	-13.779694
concessions	-13.779694
aphrodisiac	-13.779694
expresses	-13.781107
crowning	-13.781107
worships	-13.781107
quarrels	-13.781107
launches	-13.781107
vicodin	-13.781107
utensils	-13.781107
walnuts	-13.781107
snare	-13.781107
croissants	-13.781107
neelix	-13.781107
parrots	-13.781107
deficiency	-13.781107
sores	-13.781107
destroyers	-13.781107
firecrackers	-13.781107
conjecture	-13.781107
airways	-13.781107
saucy	-13.781107
terrors	-13.782523
swindle	-13.782523
taffy	-13.782523
coerced	-13.782523
pornographic	-13.782523
imaginable	-13.782523
digestion	-13.782523
kraang	-13.782523
craze	-13.782523
watt	-13.782523
metaphors	-13.782523
ooooh	-13.783940
critique	-13.783940
veterinary	-13.783940
warships	-13.783940
potts	-13.783940
presto	-13.783940
depleted	-13.783940
shapiro	-13.783940
har	-13.783940
sarcophagus	-13.783940
slump	-13.783940
hooky	-13.783940
improves	-13.785360
ruxin	-13.785360
workings	-13.785360
thunderstorm	-13.785360
hellish	-13.785360
keegan	-13.785360
trickster	-13.785360
probie	-13.785360
decadent	-13.785360
lordy	-13.785360
henning	-13.785360
fiddling	-13.785360
saroyan	-13.785360
armani	-13.785360
gaul	-13.785360
devise	-13.785360
triplets	-13.785360
navarro	-13.785360
humbled	-13.785360
cabo	-13.786781
pacino	-13.786781
asians	-13.786781
triumphs	-13.786781
gout	-13.786781
dubbed	-13.786781
devoid	-13.786781
compensated	-13.786781
johnston	-13.786781
rika	-13.786781
karel	-13.786781
bombardment	-13.786781
frightfully	-13.788205
piero	-13.788205
salvo	-13.788205
licks	-13.788205
overflow	-13.788205
multiplied	-13.788205
attributed	-13.788205
spores	-13.788205
orchestrated	-13.788205
slasher	-13.788205
uncharted	-13.788205
pimple	-13.788205
quench	-13.788205
rendering	-13.788205
stubbs	-13.788205
purcell	-13.789630
disks	-13.789630
giver	-13.789630
sunil	-13.789630
hayward	-13.789630
sm	-13.789630
rapids	-13.789630
ulterior	-13.789630
yelp	-13.789630
deduct	-13.789630
confer	-13.789630
stockton	-13.789630
khalid	-13.789630
fares	-13.789630
perpetrators	-13.789630
impure	-13.789630
summat	-13.789630
oar	-13.789630
keyhole	-13.789630
pertinent	-13.789630
domingo	-13.789630
purring	-13.789630
standstill	-13.791058
groupie	-13.791058
danube	-13.791058
interruptions	-13.791058
vroom	-13.791058
integral	-13.791058
femme	-13.791058
loins	-13.791058
dar	-13.791058
untold	-13.791058
wickham	-13.791058
progression	-13.791058
maja	-13.791058
undeniable	-13.791058
acapulco	-13.791058
inadvertently	-13.791058
alaikum	-13.791058
inexplicable	-13.791058
radish	-13.791058
albright	-13.791058
lingo	-13.791058
illogical	-13.792487
shindo	-13.792487
yosemite	-13.792487
sieg	-13.792487
snows	-13.792487
thefts	-13.792487
exceedingly	-13.792487
herc	-13.792487
crushes	-13.792487
stint	-13.792487
flustered	-13.792487
alto	-13.792487
violinist	-13.792487
rishi	-13.792487
bonehead	-13.792487
kravitz	-13.792487
optional	-13.793919
passwords	-13.793919
fontaine	-13.793919
sanctions	-13.793919
staking	-13.793919
playback	-13.793919
lomax	-13.793919
spinster	-13.793919
fawn	-13.793919
vials	-13.793919
spouting	-13.793919
osman	-13.793919
melville	-13.793919
refreshed	-13.795353
jessi	-13.795353
stooges	-13.795353
disfigured	-13.795353
reefs	-13.795353
conversing	-13.795353
anubis	-13.795353
takers	-13.795353
ronin	-13.795353
intuitive	-13.795353
hippy	-13.795353
scarves	-13.795353
albania	-13.795353
excalibur	-13.795353
xing	-13.795353
dinnertime	-13.795353
harboring	-13.795353
watanabe	-13.795353
chas	-13.795353
orville	-13.795353
productivity	-13.796788
injecting	-13.796788
wouid	-13.796788
loyalties	-13.796788
unresolved	-13.796788
froggy	-13.796788
messin	-13.796788
stub	-13.796788
teo	-13.796788
kao	-13.796788
derivative	-13.796788
sparing	-13.796788
wichita	-13.796788
shayne	-13.796788
denim	-13.796788
asano	-13.796788
bonsoir	-13.796788
grievances	-13.796788
undetected	-13.796788
scams	-13.796788
rugs	-13.798226
subjective	-13.798226
cicero	-13.798226
converting	-13.798226
transformer	-13.798226
noone	-13.798226
inventive	-13.798226
eloquent	-13.798226
soot	-13.798226
amalia	-13.798226
umpire	-13.798226
quicksand	-13.798226
succeeding	-13.799666
georgian	-13.799666
bitterly	-13.799666
sloth	-13.799666
contraction	-13.799666
fondue	-13.799666
physiology	-13.799666
britches	-13.799666
removes	-13.799666
longevity	-13.799666
intergalactic	-13.799666
lupus	-13.799666
sms	-13.799666
extremists	-13.799666
remi	-13.799666
golfing	-13.801108
dab	-13.801108
gaza	-13.801108
tapestry	-13.801108
lithium	-13.801108
sacrificial	-13.801108
confetti	-13.801108
experimented	-13.801108
gurgles	-13.801108
debs	-13.801108
typhoid	-13.801108
racers	-13.801108
advert	-13.801108
conditioned	-13.801108
myka	-13.801108
siddharth	-13.801108
inconceivable	-13.801108
rusted	-13.801108
gazelle	-13.801108
cartels	-13.801108
burdened	-13.801108
murky	-13.801108
ros	-13.801108
sayid	-13.801108
artemis	-13.802552
divinity	-13.802552
prays	-13.802552
warranty	-13.802552
ceramic	-13.802552
chilean	-13.802552
harker	-13.802552
canton	-13.802552
obese	-13.802552
enzyme	-13.802552
repetition	-13.802552
kosovo	-13.802552
silencer	-13.802552
bores	-13.802552
multitude	-13.802552
improbable	-13.802552
hybrids	-13.802552
cubans	-13.802552
juliana	-13.802552
scepter	-13.802552
jailer	-13.802552
baldrick	-13.802552
manuscripts	-13.802552
concealing	-13.802552
bureaucratic	-13.803998
branding	-13.803998
pompeii	-13.803998
zoya	-13.803998
pedigree	-13.803998
halifax	-13.803998
declares	-13.803998
killian	-13.803998
revolving	-13.803998
wexler	-13.803998
trippin	-13.803998
indirectly	-13.803998
dragonfly	-13.803998
contusions	-13.803998
holographic	-13.803998
catheter	-13.803998
aimee	-13.803998
dao	-13.803998
fenner	-13.803998
augie	-13.803998
friedman	-13.805446
blowout	-13.805446
beaming	-13.805446
dutchman	-13.805446
testicle	-13.805446
stationery	-13.805446
hitomi	-13.805446
stardust	-13.805446
dismount	-13.805446
scenic	-13.805446
lorelei	-13.805446
dill	-13.805446
carbs	-13.805446
scarface	-13.805446
puzzling	-13.805446
defends	-13.805446
practised	-13.806897
suites	-13.806897
cranes	-13.806897
masseuse	-13.806897
caper	-13.806897
def	-13.806897
marquez	-13.806897
amit	-13.806897
sectors	-13.806897
lengthy	-13.806897
fortified	-13.806897
thierry	-13.806897
dory	-13.806897
hewitt	-13.806897
chink	-13.806897
psychics	-13.806897
decorative	-13.806897
karla	-13.806897
geraldine	-13.806897
correspond	-13.806897
graciously	-13.806897
bronco	-13.806897
mangy	-13.806897
shipwreck	-13.806897
trustee	-13.806897
bellowing	-13.808349
vagabond	-13.808349
goofing	-13.808349
forte	-13.808349
absolve	-13.808349
eros	-13.808349
vomited	-13.808349
dismal	-13.808349
arkady	-13.808349
telegrams	-13.808349
discs	-13.808349
mor	-13.808349
buyeo	-13.808349
aerobics	-13.808349
ut	-13.808349
melrose	-13.808349
alexx	-13.808349
wren	-13.808349
bogey	-13.808349
forging	-13.809804
hodja	-13.809804
guesthouse	-13.809804
bohannon	-13.809804
nandini	-13.809804
helmut	-13.809804
regency	-13.809804
conroy	-13.809804
lebanese	-13.809804
harlot	-13.809804
gauri	-13.809804
bashful	-13.809804
coached	-13.811260
rommie	-13.811260
vietcong	-13.811260
shambles	-13.811260
yoghurt	-13.811260
olson	-13.811260
geordie	-13.811260
woodward	-13.811260
enron	-13.811260
demi	-13.811260
saito	-13.811260
committees	-13.811260
debates	-13.811260
evacuating	-13.811260
striker	-13.811260
wentworth	-13.811260
circumcised	-13.812719
deva	-13.812719
brainless	-13.812719
inherent	-13.812719
maniacally	-13.812719
bourne	-13.812719
reluctantly	-13.812719
pellets	-13.812719
abstinence	-13.812719
ieft	-13.812719
trombone	-13.812719
boomerang	-13.812719
readiness	-13.812719
realms	-13.812719
antidepressants	-13.812719
vibrator	-13.812719
dumbo	-13.812719
astrologer	-13.814180
ghoul	-13.814180
attribute	-13.814180
sparkly	-13.814180
torah	-13.814180
acp	-13.814180
magnifying	-13.814180
coding	-13.814180
latimer	-13.814180
hatches	-13.814180
rump	-13.814180
pampered	-13.814180
noona	-13.814180
stinker	-13.814180
remus	-13.815643
greener	-13.815643
ives	-13.815643
mittens	-13.815643
pessimistic	-13.815643
angelic	-13.815643
midsummer	-13.815643
snowflake	-13.815643
wrecks	-13.815643
quartz	-13.815643
emt	-13.815643
kanan	-13.815643
humpty	-13.815643
caruso	-13.815643
stalingrad	-13.815643
willows	-13.815643
barged	-13.815643
wishful	-13.817108
concur	-13.817108
stupidly	-13.817108
narayan	-13.817108
temptations	-13.817108
enforced	-13.817108
dougal	-13.817108
alcatraz	-13.817108
playwright	-13.817108
striving	-13.817108
grazed	-13.817108
negligent	-13.817108
pulsing	-13.817108
psychopaths	-13.817108
benches	-13.817108
mesh	-13.817108
iggy	-13.817108
kee	-13.817108
hymns	-13.818576
treasured	-13.818576
musk	-13.818576
gould	-13.818576
musket	-13.818576
nukes	-13.818576
geologists	-13.818576
renoir	-13.818576
corabeth	-13.818576
rem	-13.818576
intermission	-13.818576
grits	-13.818576
redirect	-13.818576
gaulle	-13.818576
zara	-13.818576
disrupting	-13.818576
sable	-13.818576
svetlana	-13.818576
connelly	-13.820045
woes	-13.820045
armoured	-13.820045
suarez	-13.820045
lackey	-13.820045
erupt	-13.820045
stank	-13.820045
shao	-13.820045
sanction	-13.820045
hinder	-13.820045
demoted	-13.820045
surfers	-13.820045
blackbird	-13.820045
eveything	-13.820045
adjourn	-13.820045
bile	-13.820045
sunken	-13.820045
sprain	-13.821517
misaki	-13.821517
commendable	-13.821517
upfront	-13.821517
jolie	-13.821517
maroon	-13.821517
possessing	-13.821517
prematurely	-13.821517
tok	-13.821517
manfred	-13.821517
uganda	-13.821517
madras	-13.821517
cleanliness	-13.821517
stephan	-13.821517
swayed	-13.821517
antichrist	-13.821517
skim	-13.821517
irishman	-13.821517
doofus	-13.821517
costas	-13.821517
pounded	-13.821517
sedate	-13.821517
hurricanes	-13.822991
oink	-13.822991
moreau	-13.822991
zi	-13.822991
foolishly	-13.822991
radicals	-13.822991
momentous	-13.822991
une	-13.822991
sheena	-13.822991
disengage	-13.822991
landfill	-13.822991
jolene	-13.822991
disturbances	-13.822991
kilometer	-13.822991
rigs	-13.822991
faulkner	-13.824467
lula	-13.824467
inbound	-13.824467
stetson	-13.824467
partake	-13.824467
paralysed	-13.824467
pinot	-13.824467
romulan	-13.824467
shakin	-13.824467
emi	-13.825945
katerina	-13.825945
musicals	-13.825945
subdued	-13.825945
weeps	-13.825945
commies	-13.825945
indisposed	-13.825945
fro	-13.825945
pyo	-13.825945
beagle	-13.825945
plumb	-13.825945
culprits	-13.825945
momentary	-13.825945
adrianna	-13.825945
fawlty	-13.825945
sanitary	-13.825945
ria	-13.825945
gretel	-13.825945
skyler	-13.825945
constitutes	-13.825945
installments	-13.827425
lecter	-13.827425
unsuspecting	-13.827425
asphyxiation	-13.827425
gita	-13.827425
consented	-13.827425
swimmers	-13.827425
voter	-13.827425
robs	-13.827425
lolita	-13.827425
fresno	-13.827425
xbox	-13.827425
studs	-13.827425
peri	-13.827425
shudder	-13.828908
benoit	-13.828908
taker	-13.828908
dowager	-13.828908
heartburn	-13.828908
mccabe	-13.828908
imaginations	-13.828908
modelling	-13.828908
dopamine	-13.828908
grr	-13.828908
severity	-13.828908
abdullah	-13.828908
leaflets	-13.828908
evilly	-13.828908
extensions	-13.828908
glimmer	-13.828908
arlington	-13.828908
vex	-13.828908
khrushchev	-13.828908
twerp	-13.828908
rajiv	-13.828908
resonance	-13.828908
garnet	-13.828908
bavaria	-13.830393
sasaki	-13.830393
mcgill	-13.830393
mer	-13.830393
expire	-13.830393
presenter	-13.830393
koenig	-13.830393
hess	-13.830393
sas	-13.830393
beryl	-13.830393
lyndon	-13.830393
ticker	-13.830393
entrees	-13.830393
nr	-13.830393
lindy	-13.830393
miao	-13.830393
connolly	-13.831880
signorina	-13.831880
duress	-13.831880
bacterial	-13.831880
groundbreaking	-13.831880
sabotaging	-13.831880
networking	-13.831880
jocks	-13.831880
crazies	-13.831880
locusts	-13.831880
lodgings	-13.831880
dozed	-13.831880
bitty	-13.831880
kepler	-13.831880
frenchy	-13.831880
sunbae	-13.831880
milt	-13.831880
uranus	-13.833369
matador	-13.833369
daktari	-13.833369
bala	-13.833369
unfriendly	-13.833369
checklist	-13.833369
niels	-13.833369
imports	-13.833369
devilish	-13.833369
octavia	-13.833369
britannia	-13.833369
cappie	-13.833369
hospitable	-13.833369
staples	-13.833369
sociable	-13.833369
frederik	-13.833369
bikinis	-13.833369
bazooka	-13.833369
weirdly	-13.833369
transylvania	-13.833369
paintball	-13.833369
alcoholism	-13.834860
droppings	-13.834860
flier	-13.834860
scorching	-13.834860
flexibility	-13.834860
minotaur	-13.834860
narcissistic	-13.834860
matinee	-13.834860
absolution	-13.834860
arman	-13.834860
splashed	-13.834860
floral	-13.834860
peralta	-13.834860
toads	-13.834860
electoral	-13.834860
violins	-13.834860
compliance	-13.834860
pathway	-13.834860
nielsen	-13.834860
juries	-13.836354
unconditionally	-13.836354
pacemaker	-13.836354
cuss	-13.836354
persistence	-13.836354
disobedience	-13.836354
interestingly	-13.836354
franck	-13.836354
revolves	-13.836354
icebox	-13.836354
birkoff	-13.836354
transports	-13.836354
mistrial	-13.836354
disclosed	-13.836354
dalai	-13.836354
remand	-13.836354
welding	-13.836354
fruitful	-13.836354
ergo	-13.836354
fodder	-13.836354
disarmed	-13.836354
adolescence	-13.836354
jugs	-13.837850
examinations	-13.837850
rayburn	-13.837850
puree	-13.837850
converse	-13.837850
uttered	-13.837850
graders	-13.837850
trustees	-13.837850
lorne	-13.837850
christophe	-13.837850
tweets	-13.837850
lament	-13.837850
mccord	-13.837850
essentials	-13.837850
goran	-13.837850
weatherman	-13.837850
ebola	-13.837850
turnip	-13.837850
vishal	-13.837850
galilee	-13.837850
queasy	-13.839348
armpits	-13.839348
albeit	-13.839348
installment	-13.839348
hedges	-13.839348
corset	-13.839348
scorched	-13.839348
leaky	-13.839348
latent	-13.839348
chatted	-13.839348
dorms	-13.839348
cardigan	-13.839348
surpass	-13.839348
chuckie	-13.839348
sophistication	-13.839348
tada	-13.839348
midterm	-13.839348
icarus	-13.839348
viki	-13.839348
sickle	-13.839348
thrones	-13.839348
famed	-13.839348
farrow	-13.839348
slew	-13.839348
leprosy	-13.839348
registrar	-13.839348
beecher	-13.839348
sparked	-13.840848
onset	-13.840848
helpers	-13.840848
tragg	-13.840848
lawman	-13.840848
conflicted	-13.840848
descends	-13.840848
happenin	-13.840848
suraj	-13.840848
birthright	-13.840848
akiko	-13.840848
lynne	-13.840848
eiji	-13.840848
yourjob	-13.840848
kwai	-13.840848
wastes	-13.840848
fortitude	-13.840848
latrine	-13.842351
sawing	-13.842351
beret	-13.842351
dianne	-13.842351
acids	-13.842351
queers	-13.842351
groping	-13.842351
busboy	-13.842351
feathered	-13.842351
albatross	-13.842351
rookies	-13.842351
voight	-13.842351
frock	-13.842351
maury	-13.842351
shyness	-13.842351
platforms	-13.842351
luftwaffe	-13.842351
delirium	-13.842351
trapeze	-13.842351
rheumatism	-13.843856
olden	-13.843856
croc	-13.843856
tosh	-13.843856
dominating	-13.843856
trickery	-13.843856
ob	-13.843856
vasu	-13.843856
ripples	-13.843856
sharpened	-13.843856
microsoft	-13.843856
glances	-13.843856
holdin	-13.843856
juniors	-13.843856
forearm	-13.843856
dribble	-13.843856
trespasses	-13.845363
daimon	-13.845363
gourd	-13.845363
lev	-13.845363
freedoms	-13.845363
tier	-13.845363
zhi	-13.845363
elevate	-13.845363
scatting	-13.845363
barter	-13.845363
godless	-13.845363
crackpot	-13.846873
jeering	-13.846873
rygel	-13.846873
mechanisms	-13.846873
vc	-13.846873
itunes	-13.846873
appease	-13.846873
playtime	-13.846873
minx	-13.846873
kazakhstan	-13.846873
thunderbolt	-13.846873
catacombs	-13.846873
bleachers	-13.846873
auditioned	-13.846873
entrepreneurs	-13.846873
autopilot	-13.846873
tidying	-13.846873
shinjuku	-13.848384
gummy	-13.848384
fibre	-13.848384
herrmann	-13.848384
births	-13.848384
sacrilege	-13.848384
millicent	-13.848384
luminous	-13.848384
mums	-13.848384
shoemaker	-13.848384
bollywood	-13.848384
alvaro	-13.848384
vee	-13.848384
sanitarium	-13.848384
marlin	-13.848384
opposites	-13.848384
dentists	-13.848384
abracadabra	-13.848384
unicorns	-13.848384
observers	-13.848384
microbes	-13.848384
charlatan	-13.848384
admiralty	-13.849898
specify	-13.849898
pancreas	-13.849898
inflatable	-13.849898
janek	-13.849898
overcame	-13.849898
docket	-13.849898
redding	-13.849898
klaxon	-13.849898
divorces	-13.849898
capt	-13.849898
invisibility	-13.849898
ducked	-13.849898
gilligan	-13.849898
buttermilk	-13.849898
coupled	-13.849898
palanquin	-13.849898
sized	-13.849898
mailing	-13.849898
alchemist	-13.849898
spaced	-13.849898
babble	-13.849898
nodded	-13.851415
ep	-13.851415
yoshi	-13.851415
stinger	-13.851415
adverse	-13.851415
eastwood	-13.851415
dirtbag	-13.851415
croatia	-13.851415
pinnacle	-13.851415
gastric	-13.851415
tweeting	-13.851415
noriko	-13.851415
uneducated	-13.851415
koala	-13.851415
booms	-13.852933
rodents	-13.852933
kites	-13.852933
mhm	-13.852933
reardon	-13.852933
trotter	-13.852933
parchment	-13.852933
zucchini	-13.852933
vasectomy	-13.852933
toolbox	-13.852933
pained	-13.852933
proverbial	-13.852933
stirs	-13.852933
gassed	-13.852933
spielberg	-13.852933
kazuo	-13.852933
melodrama	-13.852933
tobin	-13.852933
magnesium	-13.854454
nola	-13.854454
donahue	-13.854454
dehydration	-13.854454
cad	-13.854454
braking	-13.854454
hematoma	-13.854454
tuba	-13.854454
kiosk	-13.854454
prada	-13.854454
impacts	-13.854454
organising	-13.854454
brainiac	-13.854454
insufferable	-13.854454
auld	-13.854454
munching	-13.854454
roped	-13.854454
yeo	-13.854454
rudeness	-13.854454
oye	-13.854454
jugular	-13.854454
lewd	-13.855977
tramps	-13.855977
nieces	-13.855977
chem	-13.855977
mcclaren	-13.855977
tryouts	-13.855977
ravaged	-13.855977
cues	-13.855977
clutching	-13.855977
knowledgeable	-13.855977
usage	-13.855977
squatting	-13.855977
chugging	-13.855977
englishmen	-13.855977
surveyor	-13.855977
roamed	-13.855977
instances	-13.855977
defuse	-13.855977
prawns	-13.855977
leif	-13.855977
soundly	-13.855977
spanked	-13.855977
droids	-13.855977
longitude	-13.857503
skillful	-13.857503
clipping	-13.857503
stabs	-13.857503
transponder	-13.857503
nappy	-13.857503
bowers	-13.857503
retrospect	-13.857503
kajal	-13.857503
shes	-13.857503
leased	-13.857503
talyn	-13.857503
parliamentary	-13.857503
braxton	-13.857503
shard	-13.857503
hansel	-13.857503
farthest	-13.857503
inquisitive	-13.857503
tablecloth	-13.859031
kamikaze	-13.859031
didier	-13.859031
milestone	-13.859031
meh	-13.859031
preeti	-13.859031
comparable	-13.859031
anointed	-13.859031
lmpossible	-13.859031
looker	-13.859031
vanguard	-13.859031
waxing	-13.859031
coworker	-13.859031
landings	-13.860561
fulfillment	-13.860561
diminish	-13.860561
enroll	-13.860561
expiration	-13.860561
snoopy	-13.860561
fixer	-13.860561
anson	-13.860561
segregation	-13.860561
tempest	-13.860561
petrie	-13.860561
deceptive	-13.860561
voss	-13.860561
doesnt	-13.860561
druid	-13.860561
erected	-13.860561
kendrick	-13.860561
comprehension	-13.860561
fondness	-13.860561
determining	-13.860561
iguana	-13.860561
pogue	-13.862094
exiting	-13.862094
thinkers	-13.862094
stepson	-13.862094
cavendish	-13.862094
lowers	-13.862094
sisterhood	-13.862094
mongol	-13.862094
izumi	-13.862094
kleenex	-13.862094
pores	-13.862094
hobbes	-13.862094
annabeth	-13.862094
wobble	-13.862094
packer	-13.862094
nos	-13.862094
corkscrew	-13.863628
respiration	-13.863628
boing	-13.863628
celebrates	-13.863628
capsules	-13.863628
backdoor	-13.863628
suki	-13.863628
wakefield	-13.863628
aristocratic	-13.863628
bilal	-13.863628
figs	-13.863628
gregorio	-13.863628
policing	-13.863628
playbook	-13.863628
versatile	-13.863628
aliases	-13.863628
flatten	-13.863628
foghorn	-13.865166
scorned	-13.865166
lourdes	-13.865166
beatriz	-13.865166
gusto	-13.865166
daren	-13.865166
pappu	-13.865166
dias	-13.865166
mayfair	-13.865166
libel	-13.865166
psychologists	-13.865166
sandi	-13.865166
galapagos	-13.866705
scot	-13.866705
mockingbird	-13.866705
uhhh	-13.866705
tremors	-13.866705
vitality	-13.866705
starch	-13.866705
vastly	-13.866705
nando	-13.866705
chit	-13.866705
critter	-13.866705
shears	-13.866705
rube	-13.866705
banshee	-13.866705
mistreated	-13.866705
referendum	-13.866705
sacrament	-13.866705
liftoff	-13.868247
pendulum	-13.868247
spokesperson	-13.868247
zeal	-13.868247
lesions	-13.868247
statistical	-13.868247
indy	-13.868247
agha	-13.868247
warhol	-13.868247
uplifting	-13.868247
blanco	-13.868247
williamson	-13.868247
alia	-13.868247
complement	-13.868247
cornerstone	-13.868247
birdsong	-13.868247
wiz	-13.868247
juarez	-13.868247
geetha	-13.868247
bureaucrats	-13.868247
tinny	-13.868247
rapport	-13.868247
acne	-13.869792
ebony	-13.869792
cordial	-13.869792
traci	-13.869792
homophobic	-13.869792
landline	-13.869792
portray	-13.869792
torque	-13.869792
buford	-13.869792
kellerman	-13.869792
bawling	-13.869792
canning	-13.869792
scratchy	-13.869792
submissive	-13.869792
ouija	-13.869792
antibodies	-13.869792
collaborator	-13.869792
slingshot	-13.869792
anchored	-13.869792
crowing	-13.869792
embryos	-13.871339
antlers	-13.871339
winifred	-13.871339
prussian	-13.871339
protectors	-13.871339
brochures	-13.871339
otherworldly	-13.871339
janelle	-13.871339
checkpoints	-13.871339
malls	-13.871339
parcels	-13.871339
goldilocks	-13.871339
girdle	-13.871339
ageing	-13.871339
chadwick	-13.871339
critically	-13.871339
minerva	-13.871339
crete	-13.871339
axle	-13.871339
chummy	-13.871339
decreased	-13.872888
bose	-13.872888
roc	-13.872888
blockbuster	-13.872888
smog	-13.872888
wildfire	-13.872888
amethyst	-13.872888
collided	-13.872888
prussia	-13.872888
invoices	-13.872888
mir	-13.872888
infidel	-13.872888
rogelio	-13.872888
wart	-13.872888
forceful	-13.872888
lieu	-13.872888
iodine	-13.872888
decreed	-13.872888
hairline	-13.874439
theatres	-13.874439
wreak	-13.874439
karina	-13.874439
limelight	-13.874439
duffel	-13.874439
calais	-13.874439
gandalf	-13.874439
hassling	-13.874439
mau	-13.874439
mj	-13.874439
clout	-13.874439
shafts	-13.874439
adoptive	-13.874439
expires	-13.874439
lakers	-13.874439
scruffy	-13.874439
parmesan	-13.875993
consultants	-13.875993
tunisia	-13.875993
flagship	-13.875993
hasten	-13.875993
stead	-13.875993
teamed	-13.875993
ofthem	-13.875993
backfired	-13.875993
autographed	-13.875993
deportation	-13.875993
vida	-13.875993
pumpkins	-13.875993
oda	-13.875993
coveted	-13.875993
vive	-13.875993
objected	-13.875993
conniving	-13.875993
sicko	-13.875993
astute	-13.877550
ridiculed	-13.877550
priesthood	-13.877550
heretics	-13.877550
tranquil	-13.877550
bonner	-13.877550
flunk	-13.877550
assembling	-13.877550
wallow	-13.877550
whoring	-13.877550
stapler	-13.877550
hep	-13.877550
imbalance	-13.877550
tins	-13.877550
gp	-13.877550
bulldozer	-13.877550
hormonal	-13.877550
towering	-13.877550
catwoman	-13.879109
rhubarb	-13.879109
gertie	-13.879109
bla	-13.879109
workmen	-13.879109
leviathan	-13.879109
safekeeping	-13.879109
faxed	-13.879109
imprison	-13.879109
triage	-13.879109
conjugal	-13.879109
yorkers	-13.879109
incognito	-13.879109
jenner	-13.879109
mindset	-13.879109
blended	-13.879109
akash	-13.879109
sparkles	-13.879109
laverne	-13.879109
aurelie	-13.879109
croaking	-13.879109
allez	-13.879109
specified	-13.879109
crusty	-13.879109
overlap	-13.880670
luscious	-13.880670
gladstone	-13.880670
anthropology	-13.880670
hermione	-13.880670
jacking	-13.880670
roost	-13.880670
spouses	-13.880670
greyhound	-13.880670
ecuador	-13.880670
particulars	-13.880670
unforeseen	-13.880670
cleverly	-13.880670
gordy	-13.880670
placenta	-13.880670
unspoken	-13.880670
beamed	-13.880670
coachman	-13.882234
knave	-13.882234
foyer	-13.882234
escalate	-13.882234
tiki	-13.882234
palette	-13.882234
embarked	-13.882234
zion	-13.882234
serenade	-13.882234
miser	-13.882234
uday	-13.882234
inhabit	-13.882234
inhibitions	-13.882234
stills	-13.882234
rant	-13.882234
dainty	-13.882234
daley	-13.882234
trask	-13.882234
worshipping	-13.882234
rarest	-13.882234
wiedersehen	-13.882234
augusto	-13.882234
batty	-13.883800
participant	-13.883800
raph	-13.883800
cheon	-13.883800
senpai	-13.883800
nike	-13.883800
billboards	-13.883800
lis	-13.883800
sabre	-13.883800
manchuria	-13.883800
implication	-13.883800
deejay	-13.883800
scholarships	-13.883800
disobeying	-13.883800
migraines	-13.883800
urinate	-13.883800
downer	-13.883800
dinars	-13.883800
holli	-13.883800
leblanc	-13.883800
rizzoli	-13.883800
spoiler	-13.883800
foxtrot	-13.883800
renato	-13.883800
keats	-13.883800
sous	-13.883800
superstitions	-13.883800
coordinating	-13.883800
wisest	-13.883800
atwood	-13.883800
woodstock	-13.885368
dutchy	-13.885368
diners	-13.885368
inadmissible	-13.885368
cally	-13.885368
displaying	-13.885368
radioactivity	-13.885368
connoisseur	-13.885368
barbeque	-13.885368
mixes	-13.885368
scrotum	-13.885368
smoother	-13.885368
craigslist	-13.885368
avalon	-13.885368
mutations	-13.885368
baja	-13.885368
roddy	-13.886940
vidal	-13.886940
degraded	-13.886940
horseshoe	-13.886940
pathways	-13.886940
sailboat	-13.886940
devereaux	-13.886940
birdy	-13.886940
coincidentally	-13.886940
ofa	-13.886940
lund	-13.886940
mamie	-13.886940
dazed	-13.886940
overwhelm	-13.886940
tahoe	-13.886940
automobiles	-13.886940
huxley	-13.886940
breakers	-13.886940
conform	-13.886940
comanche	-13.886940
miserably	-13.886940
deactivated	-13.886940
defies	-13.886940
fazio	-13.886940
ingested	-13.886940
watchdog	-13.886940
addie	-13.886940
prawn	-13.888513
hells	-13.888513
delinquents	-13.888513
heathrow	-13.888513
tot	-13.888513
kayo	-13.888513
koichi	-13.888513
loosely	-13.888513
constitute	-13.888513
haynes	-13.888513
keane	-13.888513
nannies	-13.888513
acupuncture	-13.888513
displeased	-13.888513
runny	-13.888513
blot	-13.888513
reduces	-13.888513
eyeing	-13.888513
cossacks	-13.888513
stumped	-13.890089
royals	-13.890089
heo	-13.890089
clamps	-13.890089
dede	-13.890089
canvassing	-13.890089
exited	-13.890089
exalted	-13.890089
gander	-13.890089
necktie	-13.890089
hordes	-13.890089
vomits	-13.890089
calhoun	-13.890089
conceivable	-13.890089
ibiza	-13.890089
entangled	-13.890089
moshe	-13.890089
misread	-13.890089
vaccines	-13.890089
sexes	-13.890089
conjunction	-13.890089
scheduling	-13.890089
undressing	-13.890089
twelfth	-13.891668
gash	-13.891668
grubby	-13.891668
sao	-13.891668
chien	-13.891668
shimmering	-13.891668
holders	-13.891668
nautical	-13.891668
confucius	-13.891668
pushover	-13.891668
enlarge	-13.891668
dawkins	-13.891668
neurologist	-13.891668
mangled	-13.891668
wag	-13.891668
urinal	-13.891668
malfunctioning	-13.891668
intolerant	-13.891668
clerical	-13.891668
privates	-13.891668
reconciled	-13.891668
tackled	-13.891668
pesticides	-13.891668
euphoria	-13.893249
retake	-13.893249
jessup	-13.893249
bluebird	-13.893249
apostle	-13.893249
temperance	-13.893249
calligraphy	-13.893249
brotherly	-13.893249
solstice	-13.893249
shagged	-13.893249
bowled	-13.893249
bastille	-13.893249
ignited	-13.893249
therein	-13.893249
camaro	-13.893249
nationalist	-13.893249
eoraha	-13.894832
documentaries	-13.894832
storyteller	-13.894832
clingy	-13.894832
splinters	-13.894832
insulation	-13.894832
shakira	-13.894832
outhouse	-13.894832
byrd	-13.894832
asuka	-13.894832
scones	-13.894832
subscribe	-13.894832
swirl	-13.894832
beavers	-13.894832
tingle	-13.894832
jordi	-13.894832
gymnasium	-13.894832
frisk	-13.894832
eren	-13.894832
paola	-13.896418
appliance	-13.896418
reprimand	-13.896418
yuu	-13.896418
gopher	-13.896418
marcella	-13.896418
cruelly	-13.896418
draught	-13.896418
buzzed	-13.896418
taint	-13.896418
bystander	-13.896418
lp	-13.896418
consummate	-13.896418
vigilance	-13.896418
hing	-13.896418
raptor	-13.896418
astro	-13.896418
countenance	-13.898007
choreographer	-13.898007
obliterated	-13.898007
massively	-13.898007
indict	-13.898007
sachs	-13.898007
busan	-13.898007
zhong	-13.898007
cashing	-13.898007
neutralized	-13.898007
befriend	-13.898007
tatsuya	-13.898007
empowered	-13.898007
appendicitis	-13.898007
outlive	-13.898007
ph	-13.898007
australians	-13.898007
indianapolis	-13.898007
jails	-13.898007
leary	-13.898007
interacting	-13.898007
foretold	-13.898007
syracuse	-13.898007
condos	-13.898007
dialogues	-13.899598
dimples	-13.899598
astral	-13.899598
pus	-13.899598
airship	-13.899598
bulkhead	-13.899598
sic	-13.899598
manoeuvre	-13.899598
ake	-13.899598
illuminate	-13.899598
pimples	-13.899598
admin	-13.899598
fife	-13.899598
mea	-13.899598
constituents	-13.899598
renal	-13.899598
topside	-13.899598
contingent	-13.899598
vane	-13.899598
clasp	-13.899598
bagpipes	-13.899598
precarious	-13.899598
ur	-13.899598
delicately	-13.899598
yul	-13.901192
burkhalter	-13.901192
harpoon	-13.901192
relentlessly	-13.901192
photographing	-13.901192
rei	-13.901192
equilibrium	-13.901192
flimsy	-13.901192
vocalist	-13.901192
torments	-13.901192
pimping	-13.901192
phases	-13.901192
wesen	-13.901192
teeming	-13.902788
wrestlers	-13.902788
antiquities	-13.902788
burglaries	-13.902788
baddest	-13.902788
flicks	-13.902788
joni	-13.902788
jetson	-13.902788
chipping	-13.902788
yearly	-13.902788
linc	-13.902788
nami	-13.902788
wilkinson	-13.902788
canisters	-13.902788
silvio	-13.902788
tsai	-13.902788
plumbers	-13.902788
workforce	-13.902788
frostbite	-13.902788
kath	-13.902788
mes	-13.902788
selim	-13.902788
corona	-13.902788
mortgages	-13.902788
ejected	-13.904386
recount	-13.904386
stirling	-13.904386
sparta	-13.904386
vo	-13.904386
desist	-13.904386
ciro	-13.904386
rune	-13.904386
alleyway	-13.904386
doggett	-13.904386
sutra	-13.904386
jb	-13.904386
dermot	-13.904386
disliked	-13.904386
dissect	-13.904386
physique	-13.904386
fowl	-13.904386
showbiz	-13.904386
afoot	-13.905988
engagements	-13.905988
stifling	-13.905988
milner	-13.905988
irreversible	-13.905988
haters	-13.905988
abetting	-13.905988
hague	-13.905988
remarry	-13.905988
cassio	-13.905988
sixes	-13.905988
hobbit	-13.905988
manon	-13.905988
aram	-13.905988
offences	-13.905988
stacking	-13.905988
feral	-13.905988
fide	-13.905988
reportedly	-13.905988
chrysler	-13.905988
coherent	-13.907592
coated	-13.907592
gambit	-13.907592
laborers	-13.907592
selecting	-13.907592
newsreel	-13.907592
chimpanzees	-13.907592
peddling	-13.907592
catapult	-13.907592
sedatives	-13.907592
shoppers	-13.907592
formations	-13.907592
questionnaire	-13.907592
beverages	-13.907592
josiah	-13.907592
retches	-13.907592
mistrust	-13.907592
lill	-13.907592
chowder	-13.907592
lavinia	-13.907592
kimber	-13.907592
brokers	-13.907592
varieties	-13.907592
fennel	-13.907592
leann	-13.907592
curd	-13.907592
delenn	-13.907592
gushing	-13.907592
saheb	-13.907592
jerked	-13.907592
neo	-13.907592
cossack	-13.909198
expeditions	-13.909198
coldest	-13.909198
nosebleed	-13.909198
helplessness	-13.909198
ft	-13.909198
satchel	-13.909198
layman	-13.909198
butthole	-13.909198
cuddling	-13.909198
policewoman	-13.909198
instability	-13.909198
ceilings	-13.909198
yuka	-13.909198
ketamine	-13.909198
pippa	-13.910807
flanagan	-13.910807
mathis	-13.910807
hodge	-13.910807
pryor	-13.910807
goethe	-13.910807
haywire	-13.910807
firstborn	-13.910807
lestrade	-13.910807
gory	-13.910807
kanye	-13.910807
hypnotize	-13.910807
airing	-13.910807
peruvian	-13.910807
eyre	-13.910807
bundles	-13.910807
socialize	-13.910807
rallies	-13.910807
rouse	-13.910807
luckier	-13.910807
hildy	-13.910807
citation	-13.912419
handsomely	-13.912419
faceless	-13.912419
grownup	-13.912419
finely	-13.912419
nitwit	-13.912419
beckham	-13.912419
periscope	-13.912419
shimmy	-13.912419
kaleido	-13.912419
kaori	-13.912419
nt	-13.912419
lovemaking	-13.912419
sutures	-13.912419
beet	-13.912419
hatter	-13.912419
fraudulent	-13.912419
grange	-13.912419
minh	-13.912419
laceration	-13.912419
venison	-13.912419
hoshi	-13.914033
reinforcement	-13.914033
flak	-13.914033
shrew	-13.914033
homeworld	-13.914033
toothpick	-13.914033
vasco	-13.914033
taunt	-13.914033
alina	-13.914033
ascent	-13.914033
frobisher	-13.914033
flirty	-13.914033
hoodlum	-13.914033
destitute	-13.914033
inclination	-13.914033
abrams	-13.914033
wankers	-13.914033
shielding	-13.914033
cited	-13.914033
arf	-13.914033
immortals	-13.915650
dispersed	-13.915650
deliverance	-13.915650
intellectually	-13.915650
noooo	-13.915650
creamed	-13.915650
unwelcome	-13.915650
piracy	-13.915650
heats	-13.915650
milena	-13.915650
adapting	-13.915650
geeta	-13.915650
pretense	-13.915650
nifty	-13.915650
amplified	-13.915650
ninny	-13.915650
seam	-13.915650
cheeseburgers	-13.915650
gramophone	-13.915650
expo	-13.915650
consumes	-13.915650
necessities	-13.915650
hartford	-13.917269
deux	-13.917269
acquiring	-13.917269
socialists	-13.917269
southampton	-13.917269
hou	-13.917269
fairbanks	-13.917269
katja	-13.917269
fairest	-13.917269
broader	-13.917269
rhinoceros	-13.917269
coincidental	-13.917269
guinevere	-13.917269
offends	-13.917269
cloned	-13.917269
brant	-13.917269
kellogg	-13.917269
sandhya	-13.917269
radcliffe	-13.917269
illustrate	-13.917269
sorely	-13.917269
internationally	-13.917269
ambient	-13.917269
snatching	-13.917269
duce	-13.917269
crematorium	-13.918891
podcast	-13.918891
partition	-13.918891
slaying	-13.918891
leopards	-13.918891
puma	-13.918891
donaldson	-13.918891
blimp	-13.918891
misfortunes	-13.918891
chillin	-13.918891
sheryl	-13.918891
prickly	-13.918891
anxiously	-13.918891
pestilence	-13.918891
unruly	-13.918891
papaya	-13.918891
trenton	-13.918891
lal	-13.918891
troublemakers	-13.918891
yagyuu	-13.918891
municipality	-13.918891
bebop	-13.918891
holodeck	-13.920516
gnarly	-13.920516
hanukkah	-13.920516
skimming	-13.920516
stuntman	-13.920516
thom	-13.920516
saucers	-13.920516
snapshot	-13.920516
jurassic	-13.920516
mobster	-13.920516
craftsman	-13.920516
khloe	-13.920516
cissy	-13.920516
ismail	-13.922143
lexus	-13.922143
fastened	-13.922143
santi	-13.922143
longtime	-13.922143
sander	-13.922143
looming	-13.922143
requisition	-13.922143
tenacious	-13.922143
unpacked	-13.922143
reps	-13.922143
shorthand	-13.923773
plait	-13.923773
contented	-13.923773
centurion	-13.923773
realising	-13.923773
padded	-13.923773
saddled	-13.923773
octave	-13.923773
bewildered	-13.923773
pandey	-13.923773
koko	-13.923773
entice	-13.923773
chau	-13.923773
playmate	-13.923773
integrate	-13.923773
nao	-13.923773
dissertation	-13.923773
sasuke	-13.925406
abolish	-13.925406
lightening	-13.925406
tanned	-13.925406
outreach	-13.925406
norah	-13.925406
eaters	-13.925406
fatalities	-13.925406
thickness	-13.925406
censor	-13.925406
oxy	-13.925406
cabal	-13.925406
nostradamus	-13.925406
skippy	-13.925406
soaps	-13.925406
crass	-13.925406
einar	-13.925406
glaring	-13.927041
professionalism	-13.927041
baber	-13.927041
cale	-13.927041
mgm	-13.927041
gnomes	-13.927041
proposes	-13.927041
nicht	-13.927041
aquaman	-13.927041
desiree	-13.927041
osiris	-13.927041
alana	-13.927041
snagged	-13.927041
strays	-13.927041
collaborators	-13.927041
sabbatical	-13.927041
industrialist	-13.927041
shana	-13.927041
craftsmanship	-13.927041
remedies	-13.927041
antibiotic	-13.927041
bard	-13.927041
gutters	-13.927041
motels	-13.927041
burlesque	-13.927041
gaelic	-13.927041
acorn	-13.927041
maitre	-13.927041
eavesdrop	-13.928679
arcadia	-13.928679
nomad	-13.928679
sweeten	-13.928679
exclamation	-13.928679
calamari	-13.928679
thomson	-13.928679
compares	-13.928679
golfer	-13.928679
alberta	-13.928679
manger	-13.928679
ensuring	-13.928679
blackness	-13.928679
subterranean	-13.928679
fryer	-13.928679
seniority	-13.928679
cheaters	-13.928679
rectify	-13.928679
snotty	-13.928679
shauna	-13.930320
newfound	-13.930320
iook	-13.930320
experimentation	-13.930320
cucumbers	-13.930320
jagged	-13.930320
gilly	-13.930320
unbalanced	-13.930320
databases	-13.930320
protons	-13.930320
rasputin	-13.930320
ovaries	-13.930320
spatial	-13.930320
nhs	-13.930320
metaphorically	-13.930320
aaaaah	-13.930320
decepticons	-13.930320
sardine	-13.930320
tarek	-13.930320
milos	-13.930320
eruptions	-13.930320
heartily	-13.930320
tweed	-13.930320
relaxes	-13.930320
heaviest	-13.930320
clogs	-13.930320
chaudhary	-13.931963
rallo	-13.931963
av	-13.931963
masseur	-13.931963
joxer	-13.931963
baptiste	-13.931963
goldstein	-13.931963
soph	-13.931963
hideo	-13.931963
freshwater	-13.931963
quarantined	-13.931963
erosion	-13.931963
partied	-13.931963
mite	-13.931963
leyla	-13.931963
marigold	-13.931963
itjust	-13.933609
ewan	-13.933609
hairpin	-13.933609
knucklehead	-13.933609
mopping	-13.933609
montenegro	-13.933609
hanky	-13.933609
rousseau	-13.933609
gangway	-13.933609
payal	-13.933609
darken	-13.933609
quiche	-13.933609
clairvoyant	-13.933609
pearly	-13.933609
ballast	-13.933609
configuration	-13.933609
oversized	-13.933609
subpoenaed	-13.933609
trapper	-13.933609
doh	-13.933609
cosby	-13.933609
compartments	-13.933609
admires	-13.933609
vamp	-13.933609
viggo	-13.933609
reactionary	-13.933609
idly	-13.933609
pout	-13.933609
approximate	-13.933609
walkie	-13.935258
playstation	-13.935258
compiled	-13.935258
sprang	-13.935258
mg	-13.935258
ama	-13.935258
magnolia	-13.935258
commissions	-13.935258
angered	-13.935258
pero	-13.935258
stoke	-13.935258
primed	-13.935258
bragg	-13.935258
unearthed	-13.935258
ingram	-13.935258
hortense	-13.935258
heartbeats	-13.935258
conflicting	-13.935258
tami	-13.936910
frontline	-13.936910
vita	-13.936910
approves	-13.936910
utilize	-13.936910
stuffs	-13.936910
habib	-13.936910
lnspector	-13.936910
gutless	-13.936910
transplants	-13.936910
ahab	-13.936910
kasey	-13.936910
bolsheviks	-13.936910
ventured	-13.936910
snowstorm	-13.936910
headset	-13.936910
grovel	-13.936910
appreciative	-13.936910
urchin	-13.936910
tata	-13.936910
litre	-13.936910
balu	-13.936910
hostiles	-13.936910
newsletter	-13.938564
berk	-13.938564
subordinates	-13.938564
mansions	-13.938564
rayyan	-13.938564
informs	-13.938564
pistachio	-13.938564
gilda	-13.938564
gleaming	-13.938564
yaah	-13.938564
relinquish	-13.938564
railroads	-13.938564
standin	-13.938564
fondly	-13.938564
crewman	-13.938564
finnegan	-13.938564
forger	-13.938564
ans	-13.938564
contradictions	-13.938564
accuses	-13.938564
kissinger	-13.938564
poppins	-13.938564
truckers	-13.938564
outcasts	-13.940221
ducts	-13.940221
sae	-13.940221
starfish	-13.940221
nix	-13.940221
kudos	-13.940221
baboons	-13.940221
terrorizing	-13.940221
pubes	-13.940221
reversing	-13.940221
midgets	-13.940221
snooker	-13.940221
parades	-13.940221
jansen	-13.940221
shindig	-13.940221
mahir	-13.940221
susanne	-13.940221
daydream	-13.940221
southfork	-13.940221
chibs	-13.940221
whittaker	-13.940221
luau	-13.940221
styling	-13.940221
repairman	-13.940221
schubert	-13.940221
surgically	-13.940221
sped	-13.940221
crikey	-13.940221
analysts	-13.940221
simplify	-13.940221
gangsta	-13.940221
michal	-13.940221
agonizing	-13.941881
bibi	-13.941881
inscribed	-13.941881
induction	-13.941881
fetched	-13.941881
carmel	-13.941881
congratulated	-13.941881
apex	-13.941881
deserters	-13.941881
koi	-13.941881
xia	-13.941881
fibres	-13.941881
composing	-13.941881
malia	-13.941881
terrorized	-13.941881
comedies	-13.941881
systematic	-13.941881
engulfed	-13.941881
cosimo	-13.943543
hourly	-13.943543
congresswoman	-13.943543
rummy	-13.943543
flinch	-13.943543
mongolian	-13.943543
unforgiving	-13.943543
receptive	-13.943543
neurosurgeon	-13.943543
miyuki	-13.943543
operas	-13.943543
programmer	-13.943543
ankara	-13.943543
luxuries	-13.943543
revoke	-13.943543
abortions	-13.943543
narration	-13.943543
liquids	-13.943543
multinational	-13.943543
goddard	-13.943543
robo	-13.943543
toddy	-13.943543
garter	-13.943543
oppressive	-13.943543
procure	-13.945208
counterattack	-13.945208
kiwi	-13.945208
pail	-13.945208
sacha	-13.945208
gymnast	-13.945208
glenda	-13.945208
rages	-13.945208
scaffolding	-13.945208
hearth	-13.945208
wharton	-13.945208
bots	-13.945208
sigmund	-13.945208
judaism	-13.945208
cmdr	-13.945208
couture	-13.945208
viewpoint	-13.945208
toffee	-13.945208
spud	-13.945208
helsing	-13.946876
decaying	-13.946876
ranges	-13.946876
cellphones	-13.946876
caterina	-13.946876
blossoming	-13.946876
hacks	-13.946876
anakin	-13.946876
transforms	-13.946876
booths	-13.946876
thirds	-13.946876
infallible	-13.946876
gaurav	-13.946876
nobunaga	-13.946876
incarceration	-13.946876
mumble	-13.946876
conveyor	-13.946876
cobwebs	-13.946876
godsend	-13.946876
avert	-13.946876
problemo	-13.946876
airmen	-13.946876
jammer	-13.946876
ulrich	-13.948547
highlighted	-13.948547
mma	-13.948547
faa	-13.948547
frye	-13.948547
intubate	-13.948547
salinger	-13.948547
instantaneous	-13.948547
bettina	-13.948547
stowaway	-13.948547
baggy	-13.948547
arguably	-13.948547
paternal	-13.948547
boardroom	-13.948547
flaunt	-13.948547
kimball	-13.948547
gradient	-13.948547
retrace	-13.948547
stockholders	-13.948547
proton	-13.948547
tt	-13.948547
isnt	-13.950221
mallard	-13.950221
reincarnated	-13.950221
planks	-13.950221
enforcer	-13.950221
trumpeting	-13.950221
crouch	-13.950221
foie	-13.950221
whacking	-13.950221
thane	-13.950221
rowena	-13.950221
escalating	-13.950221
spender	-13.950221
brim	-13.950221
duster	-13.950221
thumps	-13.950221
ideological	-13.950221
entree	-13.950221
bangladesh	-13.950221
atrocity	-13.950221
preached	-13.950221
hpd	-13.950221
tre	-13.950221
chats	-13.950221
sans	-13.950221
nimble	-13.950221
halftime	-13.950221
supremacy	-13.951897
warlords	-13.951897
prism	-13.951897
soulful	-13.951897
sundance	-13.951897
intrepid	-13.951897
whoopee	-13.951897
putz	-13.951897
rigsby	-13.951897
regenerate	-13.951897
mystique	-13.951897
maxed	-13.951897
janus	-13.951897
blending	-13.951897
jumpin	-13.951897
rhett	-13.951897
scarring	-13.951897
swish	-13.951897
juniper	-13.951897
ginseng	-13.951897
ligature	-13.951897
cramping	-13.951897
reflections	-13.951897
bodega	-13.953577
vesuvius	-13.953577
assad	-13.953577
pegs	-13.953577
aaargh	-13.953577
mongols	-13.953577
therapists	-13.953577
sampling	-13.953577
fairchild	-13.953577
methadone	-13.953577
stereotypes	-13.953577
corned	-13.953577
gluten	-13.953577
prose	-13.953577
eep	-13.953577
rainfall	-13.953577
anklets	-13.953577
callers	-13.953577
angrier	-13.953577
attractions	-13.953577
jacko	-13.953577
jud	-13.955259
photon	-13.955259
commoner	-13.955259
inquiring	-13.955259
implemented	-13.955259
gustave	-13.955259
regionals	-13.955259
feride	-13.955259
aoi	-13.955259
centimetres	-13.955259
justifies	-13.955259
chernobyl	-13.955259
montage	-13.955259
rumba	-13.955259
hilt	-13.955259
minna	-13.955259
norse	-13.955259
lib	-13.955259
luxembourg	-13.955259
athos	-13.955259
azul	-13.955259
corrigan	-13.955259
reb	-13.955259
abuela	-13.955259
peeps	-13.956944
hammerhead	-13.956944
eraser	-13.956944
trinkets	-13.956944
patented	-13.956944
kook	-13.956944
renfield	-13.956944
monstrosity	-13.956944
strides	-13.956944
veritable	-13.956944
nomads	-13.956944
exempt	-13.956944
sonata	-13.956944
fuentes	-13.956944
averted	-13.956944
ozzie	-13.956944
spheres	-13.956944
sauerkraut	-13.956944
pawnshop	-13.956944
wildcat	-13.956944
differential	-13.956944
degradation	-13.956944
bourgeoisie	-13.956944
coils	-13.956944
endearing	-13.956944
weakening	-13.956944
rong	-13.956944
trimmed	-13.956944
slaughtering	-13.956944
freestyle	-13.956944
ts	-13.956944
dayton	-13.958631
dismantled	-13.958631
svu	-13.958631
fray	-13.958631
forefront	-13.958631
khaled	-13.958631
uv	-13.958631
indiscreet	-13.958631
tarmac	-13.958631
fer	-13.958631
doable	-13.958631
probing	-13.958631
groupies	-13.958631
jumpers	-13.958631
bookkeeper	-13.958631
siegel	-13.958631
mangoes	-13.958631
granada	-13.958631
yoshiko	-13.958631
sachiko	-13.960322
pheromones	-13.960322
expedite	-13.960322
apparition	-13.960322
hallmark	-13.960322
shareholder	-13.960322
furnish	-13.960322
meringue	-13.960322
kinks	-13.960322
subaru	-13.960322
criminally	-13.960322
caw	-13.960322
raccoons	-13.960322
lute	-13.960322
battled	-13.960322
mozzarella	-13.960322
nasser	-13.960322
scooped	-13.960322
correcting	-13.960322
economical	-13.960322
holm	-13.960322
antisocial	-13.960322
negativity	-13.960322
rotted	-13.962016
vaudeville	-13.962016
docile	-13.962016
constructing	-13.962016
escalated	-13.962016
benjy	-13.962016
remanded	-13.962016
tether	-13.962016
daresay	-13.962016
poignant	-13.962016
loafers	-13.962016
stahl	-13.962016
miso	-13.962016
rubin	-13.962016
humanly	-13.962016
relieving	-13.962016
irena	-13.963712
dalia	-13.963712
continuation	-13.963712
violates	-13.963712
landlords	-13.963712
smokers	-13.963712
registering	-13.963712
seiji	-13.963712
oozing	-13.963712
buildup	-13.963712
avenging	-13.963712
etched	-13.963712
loon	-13.963712
paddling	-13.963712
keeler	-13.963712
whooshes	-13.963712
tenacity	-13.963712
wheelbarrow	-13.963712
giveaway	-13.963712
hazards	-13.963712
clinically	-13.963712
cubby	-13.963712
paroled	-13.963712
indonesian	-13.963712
vidya	-13.963712
accumulate	-13.963712
angelique	-13.963712
flashlights	-13.963712
whiny	-13.963712
cranking	-13.963712
lumberjack	-13.963712
bargained	-13.963712
developers	-13.965411
laszlo	-13.965411
taiwanese	-13.965411
byrne	-13.965411
appetites	-13.965411
baz	-13.965411
streetcar	-13.965411
levin	-13.965411
northwestern	-13.965411
nak	-13.965411
mccormick	-13.965411
atonement	-13.965411
nightstand	-13.965411
bristow	-13.965411
armistice	-13.965411
shinichi	-13.965411
kolkata	-13.965411
clowning	-13.965411
tightening	-13.965411
bakersfield	-13.965411
singsong	-13.965411
advisory	-13.965411
dyin	-13.965411
fundraising	-13.965411
upped	-13.965411
headstrong	-13.965411
prevailed	-13.965411
hungover	-13.967113
birthing	-13.967113
stagecoach	-13.967113
simulated	-13.967113
megumi	-13.967113
peddler	-13.967113
belmont	-13.967113
perfumes	-13.967113
demonstrates	-13.967113
ecological	-13.967113
ola	-13.967113
grievance	-13.967113
goddesses	-13.967113
figment	-13.967113
smalls	-13.967113
debriefing	-13.967113
minorities	-13.967113
shelling	-13.967113
daredevil	-13.967113
punctuality	-13.967113
kush	-13.967113
leapt	-13.967113
burnin	-13.967113
businesswoman	-13.967113
sulphur	-13.967113
organizer	-13.967113
tal	-13.967113
ringleader	-13.967113
tantrums	-13.968818
idealist	-13.968818
inkling	-13.968818
captives	-13.968818
chloride	-13.968818
musa	-13.968818
ang	-13.968818
foresight	-13.968818
pram	-13.968818
crippling	-13.968818
bungee	-13.968818
fashions	-13.968818
hemp	-13.968818
gunfight	-13.968818
registers	-13.968818
celibacy	-13.968818
anthropologist	-13.968818
ressler	-13.968818
libido	-13.968818
modification	-13.968818
deviant	-13.968818
jib	-13.968818
pests	-13.968818
aaa	-13.968818
pensions	-13.968818
hummer	-13.968818
disagreeable	-13.970526
daunting	-13.970526
consolidated	-13.970526
breen	-13.970526
barbra	-13.970526
slipstream	-13.970526
tr	-13.970526
moderation	-13.970526
blissful	-13.970526
moly	-13.970526
europa	-13.970526
innate	-13.970526
viii	-13.970526
patents	-13.970526
jerrod	-13.970526
yoke	-13.970526
necklaces	-13.970526
comical	-13.970526
physiological	-13.970526
naps	-13.970526
gan	-13.970526
valdez	-13.970526
ware	-13.970526
varies	-13.970526
jimenez	-13.970526
hanley	-13.970526
budding	-13.972237
carburetor	-13.972237
traffickers	-13.972237
unveiling	-13.972237
billiard	-13.972237
suresh	-13.972237
longs	-13.972237
klutz	-13.972237
benefited	-13.972237
outlawed	-13.972237
homestead	-13.972237
cooke	-13.972237
guantanamo	-13.972237
dugan	-13.972237
balboa	-13.972237
bingham	-13.972237
soju	-13.972237
loosened	-13.972237
alessandro	-13.972237
watergate	-13.972237
pompey	-13.972237
expands	-13.972237
protestants	-13.972237
dima	-13.972237
adhere	-13.972237
constipated	-13.972237
fixation	-13.972237
decently	-13.972237
chrissake	-13.973951
epileptic	-13.973951
booted	-13.973951
rockwell	-13.973951
meteors	-13.973951
mowing	-13.973951
ocd	-13.973951
yuji	-13.973951
bup	-13.973951
aftershave	-13.973951
malta	-13.973951
animosity	-13.973951
whisk	-13.973951
lilac	-13.973951
greets	-13.973951
marwan	-13.973951
marika	-13.973951
lombard	-13.973951
comatose	-13.973951
glows	-13.973951
aided	-13.973951
burroughs	-13.973951
greats	-13.975668
altman	-13.975668
sentries	-13.975668
grendizer	-13.975668
dentures	-13.975668
swindled	-13.975668
tnt	-13.975668
nobu	-13.975668
hadji	-13.975668
resin	-13.975668
fictitious	-13.975668
kelp	-13.975668
slush	-13.975668
predatory	-13.975668
contention	-13.975668
navigational	-13.977387
pairing	-13.977387
emptying	-13.977387
pacifist	-13.977387
fdr	-13.977387
atropine	-13.977387
compress	-13.977387
unser	-13.977387
quart	-13.977387
wgbh	-13.977387
chamomile	-13.977387
spiteful	-13.977387
brawn	-13.977387
putt	-13.977387
spirituality	-13.977387
tyrants	-13.979110
valedictorian	-13.979110
bureaucrat	-13.979110
poacher	-13.979110
porters	-13.979110
associations	-13.979110
formulas	-13.979110
hackett	-13.979110
embroidery	-13.979110
gratifying	-13.979110
cps	-13.979110
westen	-13.979110
reputable	-13.979110
glaze	-13.979110
wrestled	-13.979110
sufferings	-13.979110
yume	-13.979110
aragon	-13.979110
relocation	-13.979110
harden	-13.979110
amour	-13.979110
rammed	-13.979110
unites	-13.979110
helo	-13.979110
dupont	-13.979110
jiggle	-13.979110
symbolizes	-13.979110
brainwashing	-13.979110
seer	-13.979110
gui	-13.979110
symmetrical	-13.979110
wikipedia	-13.979110
cervical	-13.979110
hoon	-13.979110
bajoran	-13.980836
usable	-13.980836
voyages	-13.980836
sumner	-13.980836
lurcio	-13.980836
runaways	-13.980836
elemental	-13.980836
terrier	-13.980836
chiana	-13.980836
mothership	-13.980836
shielded	-13.980836
promotional	-13.980836
tweak	-13.980836
fixated	-13.980836
mistakenly	-13.980836
hellfire	-13.980836
juju	-13.980836
auctioneer	-13.980836
flickering	-13.980836
ak	-13.980836
tutu	-13.982564
isolde	-13.982564
merlyn	-13.982564
receding	-13.982564
underestimating	-13.982564
defibrillator	-13.982564
chassis	-13.982564
incomparable	-13.982564
padding	-13.982564
hazmat	-13.982564
mosaic	-13.982564
craters	-13.982564
cheeses	-13.982564
sickbay	-13.982564
locator	-13.982564
yielded	-13.982564
turbine	-13.982564
sporty	-13.982564
paz	-13.982564
idling	-13.982564
disdain	-13.982564
mitts	-13.982564
hounding	-13.984296
inflamed	-13.984296
inverted	-13.984296
corresponds	-13.984296
rosalind	-13.984296
gulping	-13.984296
suspiciously	-13.984296
polyester	-13.984296
affinity	-13.984296
sforza	-13.984296
shifty	-13.984296
whitechapel	-13.984296
realises	-13.984296
treading	-13.984296
snotlout	-13.984296
triggering	-13.984296
crowder	-13.984296
celibate	-13.984296
getup	-13.984296
wedlock	-13.984296
mucus	-13.984296
metamorphosis	-13.984296
tourniquet	-13.984296
danni	-13.984296
signe	-13.984296
irv	-13.984296
ablaze	-13.984296
illuminated	-13.984296
cardiologist	-13.984296
schanke	-13.984296
inflated	-13.984296
artiste	-13.986030
lindbergh	-13.986030
highs	-13.986030
bookshop	-13.986030
tc	-13.986030
impotence	-13.986030
muted	-13.986030
chevalier	-13.986030
unhand	-13.986030
tambourine	-13.986030
gro	-13.986030
jus	-13.986030
venerable	-13.986030
doberman	-13.986030
mogo	-13.986030
giuliano	-13.986030
wanton	-13.986030
transient	-13.986030
stepdaughter	-13.986030
responsive	-13.986030
supermarkets	-13.987768
invasive	-13.987768
ofhis	-13.987768
rots	-13.987768
greendale	-13.987768
wimps	-13.987768
bajor	-13.987768
blister	-13.987768
bray	-13.987768
exchanges	-13.987768
attagirl	-13.987768
doubly	-13.987768
islanders	-13.987768
befall	-13.987768
psychedelic	-13.987768
faust	-13.987768
porcupine	-13.987768
deteriorating	-13.987768
escrow	-13.987768
sprinklers	-13.987768
saracen	-13.987768
notoriously	-13.989509
gifford	-13.989509
passover	-13.989509
spidey	-13.989509
anterior	-13.989509
backfire	-13.989509
tokens	-13.989509
ajob	-13.989509
apricot	-13.989509
venomous	-13.989509
brisk	-13.989509
dhs	-13.989509
pac	-13.989509
nativity	-13.989509
mahogany	-13.989509
kunal	-13.989509
kondo	-13.989509
microchip	-13.989509
cai	-13.989509
spar	-13.989509
massey	-13.989509
ardent	-13.991252
orin	-13.991252
psychos	-13.991252
jumpsuit	-13.991252
amin	-13.991252
stinging	-13.991252
rustles	-13.991252
woolly	-13.991252
clitoris	-13.991252
verification	-13.991252
admissible	-13.991252
uther	-13.991252
caws	-13.991252
poppa	-13.991252
patronizing	-13.991252
scandinavian	-13.991252
ailing	-13.991252
triads	-13.991252
detailing	-13.991252
magdalene	-13.991252
standoff	-13.991252
specifications	-13.991252
resumed	-13.991252
braids	-13.991252
bridger	-13.991252
townspeople	-13.992999
brainstorm	-13.992999
dei	-13.992999
breakout	-13.992999
tangerine	-13.992999
tzu	-13.992999
insidious	-13.992999
gumbo	-13.992999
icons	-13.992999
watchful	-13.992999
cruisers	-13.992999
somalia	-13.992999
crucifixion	-13.992999
piranha	-13.992999
darkened	-13.992999
ratty	-13.992999
protagonist	-13.992999
pyre	-13.992999
huffs	-13.992999
ima	-13.992999
zoning	-13.992999
bracket	-13.992999
scrappy	-13.992999
decorum	-13.992999
childress	-13.992999
stifled	-13.992999
ballots	-13.994749
bayonets	-13.994749
applejack	-13.994749
dmitry	-13.994749
decomposition	-13.994749
voucher	-13.994749
taoist	-13.994749
shat	-13.994749
raindrops	-13.994749
wrought	-13.994749
converge	-13.994749
paisley	-13.994749
almeida	-13.994749
changer	-13.994749
chipmunk	-13.994749
bloc	-13.994749
airstrip	-13.994749
amore	-13.994749
clog	-13.994749
tinder	-13.994749
dreamers	-13.994749
lien	-13.996502
tolstoy	-13.996502
molester	-13.996502
transference	-13.996502
lightman	-13.996502
algerian	-13.996502
lucio	-13.996502
stomped	-13.996502
buenas	-13.996502
qualification	-13.996502
perps	-13.996502
repertoire	-13.996502
stoker	-13.996502
pester	-13.996502
backdrop	-13.996502
optics	-13.996502
bff	-13.996502
counters	-13.996502
statutory	-13.996502
deport	-13.996502
waterfalls	-13.996502
cuffed	-13.996502
rosebud	-13.996502
molasses	-13.996502
baltar	-13.998258
strengthened	-13.998258
renovations	-13.998258
haw	-13.998258
ville	-13.998258
mastery	-13.998258
marci	-13.998258
feasible	-13.998258
gospels	-13.998258
sixties	-13.998258
drastically	-13.998258
flourished	-13.998258
pokemon	-13.998258
priced	-13.998258
borneo	-13.998258
header	-13.998258
quigley	-13.998258
inhaled	-13.998258
considerations	-13.998258
towing	-13.998258
cranial	-13.998258
purified	-13.998258
summoning	-13.998258
attachments	-13.998258
ngo	-13.998258
mcgregor	-14.000017
moot	-14.000017
opus	-14.000017
nonexistent	-14.000017
meaner	-14.000017
poncho	-14.000017
paulette	-14.000017
sheriffs	-14.000017
agitation	-14.000017
indiscretion	-14.000017
escalator	-14.000017
outsmart	-14.000017
undying	-14.000017
armin	-14.000017
bilfran	-14.000017
trav	-14.000017
glazed	-14.000017
fairer	-14.000017
vino	-14.000017
heathens	-14.000017
flicker	-14.001779
weirdness	-14.001779
stomachache	-14.001779
downed	-14.001779
stony	-14.001779
charmaine	-14.001779
enema	-14.001779
rector	-14.001779
platt	-14.001779
alight	-14.001779
ransacked	-14.001779
bartlet	-14.001779
shortcomings	-14.001779
wedged	-14.001779
skyscrapers	-14.001779
goto	-14.001779
krieger	-14.001779
femoral	-14.001779
forcefully	-14.001779
overseeing	-14.001779
rosalee	-14.001779
sparrows	-14.001779
polaroid	-14.001779
beaut	-14.001779
dori	-14.001779
woozy	-14.001779
pediatric	-14.001779
holla	-14.001779
slacks	-14.001779
barr	-14.001779
mikado	-14.001779
pleas	-14.001779
infatuation	-14.003544
tlhe	-14.003544
tuscany	-14.003544
tasked	-14.003544
churning	-14.003544
aloof	-14.003544
extremist	-14.003544
billiards	-14.003544
plentiful	-14.003544
kingpin	-14.003544
gull	-14.003544
assurances	-14.003544
faculties	-14.003544
existential	-14.003544
loudest	-14.003544
sixpence	-14.003544
nodes	-14.003544
tremor	-14.003544
incorrigible	-14.003544
hanover	-14.003544
overprotective	-14.003544
cui	-14.003544
llama	-14.003544
wearin	-14.003544
coupe	-14.003544
inexcusable	-14.003544
botanical	-14.003544
pastrami	-14.003544
cooperated	-14.003544
mortgaged	-14.003544
dimwit	-14.003544
nurtured	-14.003544
subtlety	-14.003544
quarreled	-14.003544
whiplash	-14.005312
zhan	-14.005312
flipper	-14.005312
kristy	-14.005312
fie	-14.005312
racks	-14.005312
hp	-14.005312
interferes	-14.005312
stroking	-14.005312
recklessly	-14.005312
thyroid	-14.005312
scaffold	-14.005312
epa	-14.005312
livingstone	-14.005312
instructors	-14.005312
burritos	-14.005312
thereof	-14.005312
drat	-14.005312
yagyu	-14.005312
protestors	-14.007084
lode	-14.007084
tripod	-14.007084
mcmanus	-14.007084
tris	-14.007084
mullet	-14.007084
teyla	-14.007084
squeamish	-14.007084
euphemism	-14.007084
tarnished	-14.007084
brahms	-14.007084
ancestry	-14.007084
becks	-14.007084
ramifications	-14.007084
tracer	-14.007084
pedals	-14.007084
steamy	-14.007084
beginners	-14.007084
babcock	-14.007084
skydiving	-14.007084
liqueur	-14.007084
tribeca	-14.007084
conspirators	-14.007084
renard	-14.007084
napalm	-14.007084
infidels	-14.007084
shrimps	-14.007084
outbursts	-14.007084
tosser	-14.007084
hops	-14.007084
dramafever	-14.007084
dictation	-14.007084
yukiko	-14.007084
quivering	-14.008858
rationally	-14.008858
alleviate	-14.008858
cloaking	-14.008858
crayons	-14.008858
cheekbones	-14.008858
complicity	-14.008858
blowtorch	-14.008858
avoids	-14.008858
gettysburg	-14.008858
veggies	-14.008858
departs	-14.008858
duds	-14.008858
conservatives	-14.008858
endowed	-14.008858
meanings	-14.008858
coon	-14.010636
clutter	-14.010636
mahmoud	-14.010636
leona	-14.010636
cob	-14.010636
endeavour	-14.010636
hoses	-14.010636
jackals	-14.010636
tightened	-14.010636
infatuated	-14.010636
tamper	-14.010636
kishan	-14.010636
bagging	-14.010636
mallet	-14.010636
bram	-14.010636
clemency	-14.010636
plummer	-14.012417
suffocation	-14.012417
ikea	-14.012417
pointer	-14.012417
nugent	-14.012417
strapping	-14.012417
shoddy	-14.012417
juanito	-14.012417
saturated	-14.012417
husky	-14.012417
jase	-14.012417
cornish	-14.012417
smooches	-14.012417
shik	-14.012417
prejudices	-14.012417
incapacitated	-14.012417
gar	-14.012417
precedes	-14.012417
anaesthetic	-14.012417
skyscraper	-14.012417
assigning	-14.012417
imperialism	-14.012417
sinai	-14.012417
validate	-14.012417
robotics	-14.012417
apprehension	-14.014201
boning	-14.014201
bharat	-14.014201
objectively	-14.014201
amputate	-14.014201
sanskrit	-14.014201
calibre	-14.014201
attained	-14.014201
computing	-14.014201
confuses	-14.014201
sprinkler	-14.014201
unfairly	-14.014201
shhhh	-14.014201
unused	-14.014201
evidences	-14.014201
dwyer	-14.014201
waged	-14.015989
revision	-14.015989
melodies	-14.015989
soulless	-14.015989
amorous	-14.015989
screwy	-14.015989
reinvent	-14.015989
pesticide	-14.015989
adulthood	-14.015989
lessen	-14.015989
amjad	-14.015989
balkans	-14.015989
confines	-14.015989
footballer	-14.015989
renovated	-14.015989
begone	-14.015989
cynicism	-14.015989
ditches	-14.015989
lun	-14.015989
pitied	-14.015989
innings	-14.015989
tuppence	-14.015989
deserting	-14.015989
seedy	-14.015989
robb	-14.015989
luanne	-14.015989
korsak	-14.017779
broadcasts	-14.017779
sociology	-14.017779
unparalleled	-14.017779
chomping	-14.017779
crawls	-14.017779
shortcuts	-14.017779
punishments	-14.017779
portals	-14.017779
antiquity	-14.017779
peaked	-14.017779
reigning	-14.017779
banal	-14.017779
rihanna	-14.017779
dinghy	-14.017779
cynic	-14.017779
constables	-14.017779
paulson	-14.017779
custodian	-14.017779
knowles	-14.017779
coughed	-14.017779
hornblower	-14.017779
acquittal	-14.017779
anja	-14.017779
handover	-14.017779
lipton	-14.019573
manhole	-14.019573
launchpad	-14.019573
caresses	-14.019573
marksman	-14.019573
sultry	-14.019573
impressionable	-14.019573
ofhere	-14.019573
clipper	-14.019573
jayne	-14.019573
preferable	-14.019573
amazes	-14.019573
confesses	-14.019573
retrieval	-14.019573
timers	-14.019573
petal	-14.019573
matisse	-14.019573
merc	-14.019573
hastily	-14.019573
vaginas	-14.019573
flowery	-14.019573
nosey	-14.019573
omg	-14.019573
transparency	-14.019573
stimulus	-14.019573
clad	-14.021370
gondola	-14.021370
hooters	-14.021370
schwarzenegger	-14.021370
browsing	-14.021370
pecking	-14.021370
matti	-14.021370
henson	-14.021370
rockford	-14.021370
alluring	-14.021370
demographic	-14.021370
adalind	-14.021370
drips	-14.021370
zorn	-14.021370
foa	-14.021370
strategically	-14.021370
absorbs	-14.021370
scamp	-14.023170
inaccurate	-14.023170
forthwith	-14.023170
sponges	-14.023170
grapevine	-14.023170
womanizer	-14.023170
periodic	-14.023170
occupants	-14.023170
nae	-14.023170
piggyback	-14.023170
malachi	-14.023170
cite	-14.023170
parachutes	-14.023170
brunt	-14.023170
seekers	-14.023170
disagreements	-14.023170
shalini	-14.023170
filmmaking	-14.023170
suffolk	-14.023170
schnell	-14.023170
adjoining	-14.023170
gooey	-14.023170
slacking	-14.023170
lyndsey	-14.023170
luz	-14.023170
speculating	-14.023170
screened	-14.023170
cleary	-14.023170
aberdeen	-14.023170
simultaneous	-14.023170
lint	-14.023170
oft	-14.023170
mariko	-14.024973
bartowski	-14.024973
stooge	-14.024973
drafts	-14.024973
titled	-14.024973
symbolism	-14.024973
gradual	-14.024973
clack	-14.024973
impatience	-14.024973
enlightening	-14.024973
migrants	-14.024973
ludo	-14.024973
anchors	-14.024973
declining	-14.024973
rena	-14.024973
protested	-14.024973
secondhand	-14.024973
terrorize	-14.024973
ineffective	-14.024973
dobson	-14.024973
syllable	-14.024973
verbally	-14.024973
wrongdoing	-14.024973
rourke	-14.024973
utilities	-14.024973
acknowledging	-14.024973
primate	-14.024973
lout	-14.026780
stratton	-14.026780
bookies	-14.026780
revert	-14.026780
racked	-14.026780
congratulation	-14.026780
dorrit	-14.026780
sarcastically	-14.026780
aquarius	-14.026780
atari	-14.026780
chalet	-14.026780
greenberg	-14.026780
bern	-14.026780
disgusts	-14.026780
unfolding	-14.026780
pax	-14.026780
persuading	-14.026780
nicks	-14.026780
kia	-14.026780
adhesive	-14.026780
miyamoto	-14.026780
understandably	-14.026780
crease	-14.026780
resists	-14.026780
todo	-14.028590
bello	-14.028590
carina	-14.028590
dekker	-14.028590
ojai	-14.028590
cu	-14.028590
spasm	-14.028590
kafka	-14.028590
tweeted	-14.028590
mahesh	-14.028590
recapture	-14.028590
anemia	-14.028590
disbanded	-14.028590
dorky	-14.028590
aptitude	-14.028590
dominoes	-14.028590
trini	-14.028590
ovens	-14.028590
hutchinson	-14.028590
carelessness	-14.028590
simpleton	-14.028590
lll	-14.028590
indigo	-14.028590
chewy	-14.028590
nom	-14.028590
icelandic	-14.028590
amend	-14.028590
daze	-14.028590
candidacy	-14.030403
foreseen	-14.030403
playa	-14.030403
sondra	-14.030403
muffler	-14.030403
unfulfilled	-14.030403
pertaining	-14.030403
cardassians	-14.030403
tegan	-14.030403
caribou	-14.030403
gangrene	-14.030403
dunne	-14.030403
coliseum	-14.030403
splatter	-14.030403
rectum	-14.030403
tripe	-14.030403
lawless	-14.030403
zimmerman	-14.030403
salutations	-14.030403
willful	-14.030403
sludge	-14.030403
imbeciles	-14.030403
cockney	-14.030403
cantor	-14.030403
negotiable	-14.030403
squirm	-14.030403
foon	-14.030403
flaky	-14.032220
spaceships	-14.032220
contaminate	-14.032220
mcneil	-14.032220
syllables	-14.032220
nines	-14.032220
ichabod	-14.032220
discriminate	-14.032220
enclosure	-14.032220
gagged	-14.032220
tabatha	-14.032220
warmly	-14.032220
warmest	-14.032220
sweeper	-14.032220
grader	-14.032220
moldy	-14.032220
clemenza	-14.032220
wicker	-14.032220
koto	-14.032220
caracas	-14.032220
embraces	-14.032220
gully	-14.032220
muad	-14.032220
decimated	-14.034040
docs	-14.034040
inward	-14.034040
romances	-14.034040
piety	-14.034040
takeaway	-14.034040
deflect	-14.034040
kryten	-14.034040
lanie	-14.034040
pomp	-14.034040
rebelled	-14.034040
indulging	-14.034040
zapped	-14.034040
wer	-14.034040
sandbox	-14.034040
buttered	-14.034040
lange	-14.034040
bingley	-14.034040
invader	-14.034040
feeder	-14.034040
pla	-14.035863
behead	-14.035863
forceps	-14.035863
reopening	-14.035863
reinstate	-14.035863
legislative	-14.035863
veg	-14.035863
carpool	-14.035863
zest	-14.035863
jeju	-14.035863
defer	-14.035863
topple	-14.035863
mutilation	-14.035863
cloths	-14.035863
secretariat	-14.035863
shrill	-14.035863
reliving	-14.035863
adorned	-14.035863
quarterly	-14.035863
ailment	-14.035863
contagion	-14.037689
parading	-14.037689
sustenance	-14.037689
desertion	-14.037689
assures	-14.037689
egghead	-14.037689
sledgehammer	-14.037689
simulator	-14.037689
temperamental	-14.037689
edict	-14.037689
sensibility	-14.037689
farkle	-14.037689
fuehrer	-14.037689
impetuous	-14.037689
notable	-14.037689
dollhouse	-14.037689
stimulated	-14.037689
succumbed	-14.037689
corrine	-14.037689
shalimar	-14.037689
tightrope	-14.037689
conspire	-14.037689
goatee	-14.037689
eduard	-14.039519
tigress	-14.039519
eugenia	-14.039519
bulky	-14.039519
endo	-14.039519
hemlock	-14.039519
scoops	-14.039519
salisbury	-14.039519
quint	-14.039519
headway	-14.039519
carelessly	-14.039519
incinerated	-14.039519
grisly	-14.039519
gait	-14.039519
unscathed	-14.039519
zinc	-14.039519
midsomer	-14.039519
sneezed	-14.039519
stethoscope	-14.039519
raking	-14.039519
bibles	-14.039519
sono	-14.039519
lobbying	-14.039519
strait	-14.041352
xiii	-14.041352
owt	-14.041352
erickson	-14.041352
finlay	-14.041352
leveled	-14.041352
vipers	-14.041352
hookup	-14.041352
commonplace	-14.041352
resentful	-14.041352
crick	-14.041352
boyz	-14.041352
ranjit	-14.041352
supersonic	-14.041352
bigelow	-14.041352
exclaim	-14.041352
patronage	-14.041352
dieu	-14.041352
burmese	-14.041352
somethings	-14.041352
academics	-14.041352
egos	-14.041352
constabulary	-14.041352
deadlines	-14.041352
morley	-14.041352
farid	-14.041352
bonanza	-14.041352
nozzle	-14.041352
distasteful	-14.041352
prod	-14.041352
cleave	-14.043189
henshaw	-14.043189
wessex	-14.043189
discourse	-14.043189
overcoming	-14.043189
magna	-14.043189
philanthropist	-14.043189
crapped	-14.043189
expanse	-14.043189
yow	-14.043189
typhus	-14.043189
betel	-14.043189
remo	-14.043189
disrespected	-14.043189
yasmin	-14.043189
electra	-14.043189
buzzard	-14.043189
marlo	-14.043189
darrow	-14.043189
expectancy	-14.043189
madmen	-14.043189
jutsu	-14.043189
dazzled	-14.043189
waller	-14.043189
dogg	-14.043189
citrus	-14.043189
needlessly	-14.043189
attends	-14.043189
aoki	-14.043189
truckload	-14.043189
aramis	-14.043189
cancelling	-14.043189
unsettled	-14.043189
seared	-14.043189
singularity	-14.043189
thaddeus	-14.045029
noo	-14.045029
chartered	-14.045029
godson	-14.045029
cuthbert	-14.045029
venting	-14.045029
contradictory	-14.045029
cahoots	-14.045029
bridgette	-14.045029
decidedly	-14.045029
lac	-14.045029
knobs	-14.045029
artificially	-14.045029
athletics	-14.045029
schoolwork	-14.045029
faux	-14.045029
copped	-14.045029
gecko	-14.045029
competed	-14.045029
trois	-14.045029
barring	-14.045029
polk	-14.045029
spanner	-14.045029
dropout	-14.045029
uhtred	-14.046872
ina	-14.046872
couscous	-14.046872
hikari	-14.046872
sherri	-14.046872
mumps	-14.046872
napa	-14.046872
enchantment	-14.046872
reprieve	-14.046872
headstone	-14.046872
icky	-14.046872
drago	-14.046872
siberian	-14.046872
audacious	-14.046872
pecan	-14.046872
skylight	-14.046872
juno	-14.046872
twittering	-14.046872
ronda	-14.046872
barmaid	-14.046872
commendation	-14.046872
cartilage	-14.046872
mucking	-14.046872
suppression	-14.046872
plume	-14.046872
delores	-14.046872
madre	-14.046872
helix	-14.046872
sultana	-14.046872
twinkling	-14.046872
zola	-14.046872
prentice	-14.048719
pajama	-14.048719
informative	-14.048719
suave	-14.048719
badminton	-14.048719
yoshioka	-14.048719
graff	-14.048719
karp	-14.048719
lander	-14.048719
guevara	-14.048719
bolshevik	-14.048719
halstead	-14.048719
unmanned	-14.048719
stair	-14.048719
idealistic	-14.048719
breakin	-14.048719
disowned	-14.048719
doormat	-14.048719
conquests	-14.050569
pronunciation	-14.050569
discontent	-14.050569
vaughan	-14.050569
perversion	-14.050569
tyrell	-14.050569
hartmann	-14.050569
disbelief	-14.050569
racehorse	-14.050569
scallop	-14.050569
leases	-14.050569
shadowy	-14.050569
hurdles	-14.050569
gulliver	-14.050569
executor	-14.050569
slashing	-14.050569
glider	-14.050569
leans	-14.050569
hydrant	-14.050569
leonid	-14.050569
raceman	-14.050569
adorn	-14.050569
aku	-14.050569
consist	-14.050569
twas	-14.050569
hoarding	-14.050569
inquisitor	-14.050569
differentiate	-14.050569
slaving	-14.050569
puffed	-14.052423
pleasantly	-14.052423
primates	-14.052423
mogul	-14.052423
prius	-14.052423
deter	-14.052423
ter	-14.052423
robson	-14.052423
simeon	-14.052423
piccadilly	-14.052423
veranda	-14.052423
merging	-14.052423
breezy	-14.052423
quan	-14.052423
capped	-14.052423
knowwhat	-14.052423
ponds	-14.052423
sided	-14.052423
overthere	-14.052423
landmarks	-14.052423
converts	-14.052423
outback	-14.052423
deja	-14.052423
shotguns	-14.052423
squaw	-14.052423
eluded	-14.052423
ifhe	-14.052423
tetsu	-14.052423
satomi	-14.052423
paella	-14.052423
erasing	-14.052423
tupac	-14.052423
upholstery	-14.052423
pbs	-14.052423
baseline	-14.052423
neighbouring	-14.052423
lioness	-14.052423
crackhead	-14.052423
likeable	-14.054280
kibbutz	-14.054280
katharine	-14.054280
moonlighting	-14.054280
bumpkin	-14.054280
gant	-14.054280
laborer	-14.054280
scorsese	-14.054280
droning	-14.054280
fernand	-14.054280
gunter	-14.054280
letty	-14.054280
dawning	-14.054280
setbacks	-14.054280
zhaan	-14.054280
trouser	-14.054280
whatyou	-14.054280
bosnian	-14.054280
rancid	-14.054280
balthazar	-14.054280
velcro	-14.054280
emit	-14.054280
wherein	-14.054280
aron	-14.054280
brahma	-14.054280
stockbroker	-14.054280
blackwell	-14.054280
insightful	-14.054280
enoch	-14.054280
prancing	-14.054280
enzymes	-14.056140
bellevue	-14.056140
vhs	-14.056140
santini	-14.056140
tatum	-14.056140
unconsciously	-14.056140
ummm	-14.056140
geraldo	-14.056140
pt	-14.056140
updating	-14.056140
grotto	-14.056140
dams	-14.056140
hahn	-14.056140
unscrupulous	-14.056140
bryn	-14.056140
vick	-14.056140
eleventh	-14.056140
crises	-14.058004
resembling	-14.058004
electrodes	-14.058004
payload	-14.058004
picnics	-14.058004
loathsome	-14.058004
darnley	-14.058004
singsongy	-14.058004
ruffian	-14.058004
goulash	-14.058004
dov	-14.058004
tartar	-14.058004
sunburn	-14.058004
littered	-14.058004
supplemental	-14.058004
lawton	-14.058004
disruptive	-14.058004
killjoy	-14.058004
hourglass	-14.059871
pasty	-14.059871
turnaround	-14.059871
carte	-14.059871
franc	-14.059871
meteorites	-14.059871
blackpool	-14.059871
brainy	-14.059871
haruko	-14.059871
suze	-14.059871
grappling	-14.059871
patrik	-14.059871
misfits	-14.059871
mover	-14.059871
molesting	-14.059871
downton	-14.059871
strumming	-14.059871
hater	-14.059871
mobilized	-14.059871
bung	-14.059871
solitaire	-14.059871
barbados	-14.059871
hummus	-14.061742
vips	-14.061742
resorts	-14.061742
maniacal	-14.061742
chaney	-14.061742
solange	-14.061742
drivel	-14.061742
rodgers	-14.061742
microfilm	-14.061742
combs	-14.061742
memos	-14.061742
looney	-14.061742
batgirl	-14.061742
mariah	-14.061742
squint	-14.061742
honky	-14.061742
tyrannosaurus	-14.061742
sediment	-14.061742
brava	-14.061742
coincide	-14.061742
voltaire	-14.061742
apparel	-14.061742
mockingly	-14.061742
lia	-14.061742
gawd	-14.061742
ordnance	-14.061742
gatherings	-14.061742
ged	-14.061742
ponce	-14.061742
sapiens	-14.063617
jaclyn	-14.063617
amputation	-14.063617
bustle	-14.063617
jockeys	-14.063617
toru	-14.063617
golem	-14.063617
sandstorm	-14.063617
cloaked	-14.063617
squander	-14.063617
setsuko	-14.063617
proudest	-14.063617
yanking	-14.063617
regimen	-14.063617
deluca	-14.063617
khalil	-14.063617
vickie	-14.063617
exhibited	-14.063617
constituency	-14.063617
plagues	-14.063617
hitchhiking	-14.065495
gouge	-14.065495
stigma	-14.065495
storytelling	-14.065495
otters	-14.065495
ove	-14.065495
pooper	-14.065495
toasting	-14.065495
purification	-14.065495
despises	-14.065495
positioning	-14.065495
lashed	-14.065495
blinked	-14.065495
francoise	-14.065495
extracting	-14.065495
flavours	-14.065495
creators	-14.065495
destinies	-14.065495
xiu	-14.065495
spector	-14.065495
huntley	-14.065495
lynda	-14.065495
genji	-14.065495
uniting	-14.065495
legislature	-14.065495
bloomed	-14.065495
strenuous	-14.065495
blakely	-14.065495
masterpieces	-14.065495
squishy	-14.065495
lows	-14.065495
afro	-14.067376
liven	-14.067376
orgies	-14.067376
babette	-14.067376
outdone	-14.067376
nintendo	-14.067376
curiously	-14.067376
matthias	-14.067376
saab	-14.067376
pantyhose	-14.067376
stavros	-14.067376
warns	-14.067376
interactions	-14.067376
biologically	-14.067376
fresher	-14.067376
wasteful	-14.067376
centipede	-14.067376
banger	-14.067376
balki	-14.067376
stickler	-14.067376
arya	-14.067376
perpetrated	-14.067376
computerized	-14.067376
ulcers	-14.067376
vickers	-14.067376
caspar	-14.067376
kasper	-14.067376
scavengers	-14.067376
bugsy	-14.069261
bitchin	-14.069261
semper	-14.069261
kaya	-14.069261
moronic	-14.069261
humbug	-14.069261
overbearing	-14.069261
rosenberg	-14.069261
cheapskate	-14.069261
toupee	-14.069261
structured	-14.069261
sakamoto	-14.069261
kaz	-14.069261
ovation	-14.069261
plunger	-14.069261
visor	-14.069261
kowloon	-14.069261
tongs	-14.069261
rancher	-14.069261
sportsman	-14.069261
patriarch	-14.069261
null	-14.069261
blueberries	-14.069261
frisco	-14.069261
cartons	-14.069261
exceeds	-14.069261
daedalus	-14.069261
feudal	-14.069261
arses	-14.069261
paradigm	-14.069261
guerrero	-14.069261
edema	-14.069261
chutney	-14.071150
guten	-14.071150
deo	-14.071150
recollect	-14.071150
proletariat	-14.071150
kaboom	-14.071150
interrogations	-14.071150
scuffle	-14.071150
henchman	-14.071150
rasmus	-14.071150
molest	-14.071150
tootsie	-14.071150
thayer	-14.071150
yolk	-14.071150
hisself	-14.071150
explicitly	-14.071150
arterial	-14.071150
methodical	-14.071150
saver	-14.071150
launder	-14.071150
spaz	-14.071150
undertaken	-14.071150
hummingbird	-14.071150
intestinal	-14.071150
horsey	-14.071150
prowling	-14.071150
givens	-14.071150
douse	-14.071150
ooze	-14.071150
dupree	-14.071150
riggins	-14.071150
beehive	-14.073042
elroy	-14.073042
chechnya	-14.073042
luring	-14.073042
gazebo	-14.073042
gatsby	-14.073042
angelus	-14.073042
mathews	-14.073042
wretches	-14.073042
spotter	-14.073042
petersen	-14.073042
nautilus	-14.073042
recluse	-14.073042
mortis	-14.073042
covet	-14.073042
pringle	-14.073042
ranchers	-14.073042
finite	-14.073042
tonto	-14.073042
angola	-14.073042
platypus	-14.073042
veronika	-14.073042
waging	-14.073042
skyline	-14.073042
desdemona	-14.073042
copernicus	-14.073042
kiyoshi	-14.073042
amazons	-14.073042
marys	-14.073042
ric	-14.073042
bearable	-14.073042
travesty	-14.073042
frontiers	-14.073042
refuel	-14.073042
korra	-14.073042
monogamous	-14.073042
lull	-14.073042
remnant	-14.073042
nascar	-14.073042
smirk	-14.073042
routed	-14.074938
omer	-14.074938
haas	-14.074938
affiliated	-14.074938
tush	-14.074938
laughingstock	-14.074938
uns	-14.074938
commodities	-14.074938
smithsonian	-14.074938
blockage	-14.074938
ventriloquist	-14.074938
yams	-14.074938
beaucoup	-14.074938
analysed	-14.074938
seeming	-14.074938
dumont	-14.074938
mayans	-14.074938
coasters	-14.074938
landscaping	-14.074938
pleasurable	-14.074938
sandrine	-14.074938
navajo	-14.074938
unknowingly	-14.074938
exercised	-14.076837
quotation	-14.076837
hercule	-14.076837
stalks	-14.076837
embalming	-14.076837
bunkers	-14.076837
supplements	-14.076837
politeness	-14.076837
consisted	-14.076837
doings	-14.076837
revolve	-14.076837
unfounded	-14.076837
torrance	-14.076837
astor	-14.076837
visiontext	-14.076837
winking	-14.076837
hinting	-14.076837
scylla	-14.076837
johansson	-14.076837
uncalled	-14.076837
screenwriter	-14.076837
reimburse	-14.076837
ugo	-14.076837
woodhouse	-14.076837
christened	-14.076837
rsvp	-14.076837
cannae	-14.076837
virile	-14.076837
hol	-14.076837
hankmed	-14.078740
motivational	-14.078740
spotty	-14.078740
patching	-14.078740
tranquilizers	-14.078740
mork	-14.078740
extort	-14.078740
nominations	-14.078740
celebratory	-14.078740
crud	-14.078740
puta	-14.078740
pate	-14.078740
mercilessly	-14.078740
battering	-14.078740
insignia	-14.078740
demeaning	-14.078740
raider	-14.078740
jangling	-14.078740
hipster	-14.078740
reels	-14.078740
upto	-14.078740
triangles	-14.078740
individuality	-14.078740
debauchery	-14.078740
cecily	-14.078740
plucking	-14.078740
moritz	-14.078740
loin	-14.078740
identifies	-14.078740
phineas	-14.078740
macabre	-14.080646
hurled	-14.080646
varnish	-14.080646
cosmopolitan	-14.080646
wack	-14.080646
pino	-14.080646
surly	-14.080646
obtaining	-14.080646
riffraff	-14.080646
compost	-14.080646
toured	-14.080646
gook	-14.080646
halle	-14.080646
toxie	-14.080646
anklet	-14.080646
hoskins	-14.080646
expressive	-14.080646
singled	-14.080646
employing	-14.080646
migrate	-14.080646
sass	-14.080646
validation	-14.080646
broaden	-14.080646
mortars	-14.082557
yields	-14.082557
chimneys	-14.082557
gonorrhea	-14.082557
buzzers	-14.082557
paprika	-14.082557
sharif	-14.082557
adjutant	-14.082557
furlough	-14.082557
nefarious	-14.082557
overpower	-14.082557
flogged	-14.082557
shakti	-14.082557
hibernation	-14.082557
piston	-14.082557
adventurers	-14.082557
swabs	-14.082557
rioting	-14.082557
demetrius	-14.082557
cannibalism	-14.082557
pickin	-14.082557
reluctance	-14.082557
embroidered	-14.082557
nome	-14.082557
sia	-14.082557
gimp	-14.082557
whitmore	-14.084470
breeder	-14.084470
jafar	-14.084470
margherita	-14.084470
sizzle	-14.084470
reflective	-14.084470
inger	-14.084470
condemning	-14.084470
endgame	-14.084470
boathouse	-14.084470
chilton	-14.084470
manageable	-14.084470
disintegrate	-14.084470
ethereal	-14.084470
brimstone	-14.084470
preferences	-14.084470
cookin	-14.084470
phonograph	-14.084470
workload	-14.084470
gautam	-14.084470
credited	-14.084470
evading	-14.084470
mouthpiece	-14.084470
farmland	-14.084470
fouled	-14.084470
eights	-14.084470
carnations	-14.086388
scissor	-14.086388
sponsoring	-14.086388
farrah	-14.086388
hairless	-14.086388
defenceless	-14.086388
narcissist	-14.086388
reappear	-14.086388
undisturbed	-14.086388
bittersweet	-14.086388
tusk	-14.086388
memoir	-14.086388
plunging	-14.086388
alaric	-14.086388
lawns	-14.086388
manta	-14.086388
concorde	-14.086388
pleads	-14.086388
iranians	-14.086388
regulated	-14.086388
compadre	-14.086388
arming	-14.086388
sarin	-14.086388
prowler	-14.086388
antwerp	-14.086388
armadillo	-14.086388
tanked	-14.086388
whisperer	-14.086388
magpie	-14.086388
wealthiest	-14.086388
sig	-14.086388
halliwell	-14.088309
sedation	-14.088309
ljust	-14.088309
ayesha	-14.088309
impersonate	-14.088309
fabrication	-14.088309
mediocrity	-14.088309
zapata	-14.088309
crafted	-14.088309
nog	-14.088309
suppressing	-14.088309
metric	-14.088309
scurvy	-14.088309
yukon	-14.088309
photocopy	-14.088309
impromptu	-14.088309
fable	-14.088309
alterations	-14.088309
striptease	-14.088309
attentions	-14.088309
crunches	-14.088309
chae	-14.088309
pryce	-14.088309
felton	-14.088309
printers	-14.088309
coating	-14.088309
rims	-14.088309
salamander	-14.088309
succubus	-14.088309
seatbelts	-14.088309
rotary	-14.090234
maxime	-14.090234
mirza	-14.090234
huddled	-14.090234
frm	-14.090234
vulcans	-14.090234
undermining	-14.090234
racking	-14.090234
soliciting	-14.090234
repetitive	-14.090234
lighted	-14.090234
parma	-14.090234
daniella	-14.090234
barracuda	-14.090234
conga	-14.090234
mizuno	-14.090234
shimizu	-14.090234
bumble	-14.090234
shined	-14.090234
liberator	-14.090234
hyeon	-14.090234
tillman	-14.090234
kiera	-14.090234
misbehave	-14.090234
incarnation	-14.090234
stupendous	-14.090234
whereby	-14.092163
pouting	-14.092163
decked	-14.092163
virgo	-14.092163
forthat	-14.092163
diddle	-14.092163
scour	-14.092163
lidocaine	-14.092163
fatality	-14.092163
pinning	-14.092163
cobalt	-14.092163
rudely	-14.092163
jailhouse	-14.092163
restrict	-14.092163
amuses	-14.092163
ducats	-14.092163
enthusiast	-14.092163
chronicles	-14.092163
scorpius	-14.092163
interactive	-14.092163
happend	-14.092163
kooky	-14.092163
shih	-14.092163
devouring	-14.092163
emancipation	-14.092163
alaskan	-14.092163
headman	-14.092163
harmonious	-14.092163
noi	-14.092163
infiltration	-14.094095
hothead	-14.094095
midas	-14.094095
wholeheartedly	-14.094095
gugu	-14.094095
erwin	-14.094095
kaitlin	-14.094095
hepburn	-14.094095
classrooms	-14.094095
leia	-14.094095
bulging	-14.094095
rousing	-14.094095
wherefore	-14.094095
pulpit	-14.094095
monogamy	-14.094095
craftsmen	-14.094095
harv	-14.094095
linens	-14.094095
ladybug	-14.094095
pooping	-14.094095
steered	-14.094095
aimlessly	-14.094095
calendars	-14.094095
firefight	-14.094095
kohl	-14.094095
ijust	-14.094095
wynonna	-14.094095
grog	-14.094095
purged	-14.094095
lukewarm	-14.094095
ultraman	-14.096031
minion	-14.096031
dissection	-14.096031
advisers	-14.096031
demeanor	-14.096031
archaic	-14.096031
sentient	-14.096031
lazar	-14.096031
uninhabited	-14.096031
falter	-14.096031
yourfather	-14.096031
reactors	-14.096031
realistically	-14.096031
windscreen	-14.096031
destinations	-14.096031
fremont	-14.096031
louisville	-14.096031
paulina	-14.096031
iceman	-14.096031
thrift	-14.096031
opie	-14.096031
uploading	-14.096031
mcgrath	-14.097971
shoveling	-14.097971
eee	-14.097971
sideline	-14.097971
fathered	-14.097971
creeper	-14.097971
dade	-14.097971
waltzing	-14.097971
rackets	-14.097971
broots	-14.097971
stryker	-14.097971
eppes	-14.097971
shel	-14.097971
smythe	-14.097971
posterior	-14.097971
disbarred	-14.097971
disconnects	-14.097971
disappearances	-14.097971
snapper	-14.097971
stace	-14.097971
unveil	-14.097971
delko	-14.097971
gr	-14.097971
wheezes	-14.097971
trailers	-14.097971
willed	-14.097971
inspecting	-14.097971
tote	-14.097971
caro	-14.099915
autonomy	-14.099915
warring	-14.099915
vetted	-14.099915
mnh	-14.099915
cronies	-14.099915
whiter	-14.099915
felons	-14.099915
dysentery	-14.099915
binky	-14.099915
nous	-14.099915
nadya	-14.099915
harcourt	-14.099915
chekov	-14.099915
township	-14.099915
lunacy	-14.099915
jas	-14.099915
vegeta	-14.099915
insistence	-14.099915
handwritten	-14.099915
crusades	-14.099915
feline	-14.099915
westinghouse	-14.101862
rami	-14.101862
pasa	-14.101862
chrissie	-14.101862
tuan	-14.101862
mindful	-14.101862
alla	-14.101862
oona	-14.101862
bacchus	-14.101862
footwear	-14.101862
overture	-14.101862
tolliver	-14.101862
mcleod	-14.101862
aussie	-14.101862
freda	-14.101862
drowsy	-14.101862
fluorescent	-14.101862
pretender	-14.101862
sawmill	-14.101862
shunned	-14.101862
konrad	-14.101862
frauds	-14.101862
cemeteries	-14.101862
bhavani	-14.101862
nutmeg	-14.101862
buggered	-14.101862
turquoise	-14.103813
correlation	-14.103813
pinkerton	-14.103813
conning	-14.103813
aversion	-14.103813
recommends	-14.103813
mongoose	-14.103813
kaput	-14.103813
powerhouse	-14.103813
excavated	-14.103813
gripping	-14.103813
derelict	-14.103813
marshes	-14.103813
overturn	-14.103813
embodiment	-14.103813
twila	-14.103813
rapunzel	-14.103813
hatching	-14.103813
jamison	-14.103813
elwood	-14.103813
bathhouse	-14.103813
lends	-14.103813
circuitry	-14.103813
hideaway	-14.103813
mcnulty	-14.103813
eames	-14.103813
lingers	-14.105768
livingston	-14.105768
confederacy	-14.105768
terrify	-14.105768
inaccessible	-14.105768
catwalk	-14.105768
tater	-14.105768
tots	-14.105768
darkroom	-14.105768
visuals	-14.105768
sikes	-14.105768
carvings	-14.105768
lorena	-14.105768
depict	-14.105768
spaceman	-14.105768
nuremberg	-14.105768
aquatic	-14.105768
anvil	-14.105768
mediation	-14.105768
avenues	-14.105768
baroque	-14.105768
lahore	-14.105768
systolic	-14.105768
harms	-14.105768
maximize	-14.105768
jangle	-14.105768
messer	-14.107727
headin	-14.107727
tweedle	-14.107727
mariachi	-14.107727
larrabee	-14.107727
tournaments	-14.107727
kes	-14.107727
ventures	-14.107727
belize	-14.107727
cheney	-14.107727
saltwater	-14.107727
cesspool	-14.107727
salve	-14.107727
hazing	-14.107727
nudist	-14.107727
melancholic	-14.107727
futon	-14.107727
westchester	-14.107727
bestseller	-14.107727
hangout	-14.107727
arbor	-14.107727
thermostat	-14.109690
picturesque	-14.109690
castrated	-14.109690
ambience	-14.109690
entirety	-14.109690
enabling	-14.109690
olds	-14.109690
leisurely	-14.109690
hella	-14.109690
deposed	-14.109690
opted	-14.109690
pickings	-14.109690
pivotal	-14.109690
mis	-14.109690
loafer	-14.109690
congressmen	-14.109690
genital	-14.109690
signaling	-14.109690
unis	-14.109690
flog	-14.109690
austrians	-14.109690
sleepin	-14.109690
als	-14.109690
surfboard	-14.109690
sil	-14.109690
preserves	-14.109690
gripped	-14.109690
accelerant	-14.111657
satya	-14.111657
incubator	-14.111657
nigerian	-14.111657
arty	-14.111657
houseboat	-14.111657
seminars	-14.111657
mohawk	-14.111657
caressing	-14.111657
gaz	-14.111657
capricorn	-14.111657
konstantin	-14.111657
vaccinated	-14.111657
footwork	-14.111657
promiscuous	-14.111657
flagpole	-14.111657
hinge	-14.111657
alyosha	-14.111657
methinks	-14.111657
pave	-14.111657
miko	-14.111657
grouse	-14.111657
clipboard	-14.111657
swahili	-14.111657
gennaro	-14.111657
jot	-14.111657
electrified	-14.111657
carlito	-14.113627
ders	-14.113627
mugger	-14.113627
chiropractor	-14.113627
nutcracker	-14.113627
shortened	-14.113627
hogging	-14.113627
confound	-14.113627
tundra	-14.113627
chickened	-14.113627
megaphone	-14.113627
ramses	-14.113627
blindsided	-14.113627
incite	-14.113627
caption	-14.113627
tackling	-14.113627
iraqis	-14.113627
unjustly	-14.113627
turds	-14.113627
awkwardly	-14.113627
dispensary	-14.113627
demonstrators	-14.113627
catdog	-14.113627
bod	-14.113627
clung	-14.115601
extracurricular	-14.115601
renovating	-14.115601
cyst	-14.115601
perchance	-14.115601
abbs	-14.115601
illustrations	-14.115601
dismembered	-14.115601
laughable	-14.115601
lemur	-14.115601
balances	-14.115601
cato	-14.115601
hangers	-14.115601
unification	-14.115601
civilisations	-14.115601
vilma	-14.115601
porterhouse	-14.115601
prob	-14.115601
cabana	-14.115601
leipzig	-14.115601
budgets	-14.115601
orry	-14.115601
collarbone	-14.117580
reeds	-14.117580
lithuania	-14.117580
somerset	-14.117580
fernanda	-14.117580
dynamo	-14.117580
jarrod	-14.117580
sponsorship	-14.117580
familiarity	-14.117580
hakim	-14.117580
bogged	-14.117580
boudoir	-14.117580
housemaid	-14.117580
crayon	-14.117580
pfeiffer	-14.117580
perrin	-14.117580
hinted	-14.117580
pom	-14.117580
frustrations	-14.117580
motif	-14.117580
shipwrecked	-14.117580
transformers	-14.117580
caligula	-14.117580
pullman	-14.117580
hanne	-14.117580
omens	-14.117580
suis	-14.117580
extremities	-14.117580
deduce	-14.117580
popov	-14.119562
dwells	-14.119562
unplugged	-14.119562
seaboard	-14.119562
nishi	-14.119562
publications	-14.119562
druids	-14.119562
pedicure	-14.119562
pym	-14.119562
apophis	-14.119562
falcone	-14.119562
gul	-14.119562
yui	-14.119562
finalize	-14.119562
mounts	-14.119562
overdone	-14.119562
assorted	-14.119562
varun	-14.119562
tubs	-14.119562
whitley	-14.119562
finalized	-14.121548
superstars	-14.121548
immaterial	-14.121548
stainless	-14.121548
disinfectant	-14.121548
damning	-14.121548
whitehead	-14.121548
storybrooke	-14.121548
mope	-14.121548
anchorage	-14.121548
loom	-14.121548
kinetic	-14.121548
turnips	-14.121548
foothold	-14.121548
chlamydia	-14.121548
fifties	-14.121548
krystal	-14.121548
ashby	-14.121548
umberto	-14.121548
webs	-14.121548
cavities	-14.121548
mormons	-14.121548
postage	-14.121548
rothschild	-14.121548
dreading	-14.121548
doolittle	-14.121548
captivated	-14.121548
saddened	-14.121548
trolling	-14.121548
capitalists	-14.121548
gruntlng	-14.121548
cyndi	-14.121548
hoes	-14.123538
signify	-14.123538
nucky	-14.123538
myles	-14.123538
dips	-14.123538
dimple	-14.123538
bannerman	-14.123538
holliday	-14.123538
ascended	-14.123538
tidied	-14.123538
shrouded	-14.123538
alienated	-14.123538
wop	-14.123538
childs	-14.123538
satoshi	-14.123538
debit	-14.123538
newsstand	-14.123538
akemi	-14.123538
bodie	-14.123538
lovey	-14.123538
molding	-14.123538
mays	-14.123538
harlow	-14.123538
monotonous	-14.123538
symposium	-14.123538
grasped	-14.123538
displacement	-14.123538
barnabas	-14.123538
blackburn	-14.123538
competence	-14.125532
saiyan	-14.125532
sniffed	-14.125532
midlife	-14.125532
zit	-14.125532
djaro	-14.125532
advisable	-14.125532
suzette	-14.125532
sienna	-14.125532
scribbling	-14.125532
skateboarding	-14.125532
feats	-14.125532
madder	-14.125532
undermined	-14.125532
cinematic	-14.125532
overpriced	-14.125532
ephraim	-14.125532
whimper	-14.125532
parishioners	-14.125532
hungarians	-14.125532
tapioca	-14.125532
ry	-14.125532
slumming	-14.125532
effie	-14.125532
homely	-14.125532
vineyards	-14.125532
ec	-14.127530
vics	-14.127530
heathcliff	-14.127530
spartans	-14.127530
crapper	-14.127530
enslave	-14.127530
cocked	-14.127530
megazord	-14.127530
bucking	-14.127530
repellent	-14.127530
langford	-14.127530
perched	-14.127530
paraguay	-14.127530
flabby	-14.127530
defiled	-14.127530
dolce	-14.127530
choosy	-14.127530
narcotic	-14.127530
battalions	-14.127530
motorcade	-14.127530
kelley	-14.127530
beaks	-14.127530
sleek	-14.127530
vividly	-14.127530
koch	-14.127530
judi	-14.129532
classification	-14.129532
esquire	-14.129532
nitrous	-14.129532
vouchers	-14.129532
cascade	-14.129532
frees	-14.129532
shabbat	-14.129532
winona	-14.129532
walled	-14.129532
wagging	-14.129532
mew	-14.129532
regrettably	-14.129532
unsuitable	-14.129532
esperanza	-14.129532
winger	-14.129532
injun	-14.129532
dented	-14.129532
remodeling	-14.129532
heroics	-14.129532
rie	-14.129532
evaporate	-14.129532
cramer	-14.129532
withdrawals	-14.129532
easton	-14.129532
economically	-14.129532
eloping	-14.129532
gilroy	-14.129532
blogs	-14.129532
dunkirk	-14.129532
carpenters	-14.129532
bleeps	-14.129532
mookie	-14.129532
fib	-14.131538
hoarse	-14.131538
recognizable	-14.131538
oldie	-14.131538
pardons	-14.131538
seawater	-14.131538
dwellers	-14.131538
pelham	-14.131538
fusco	-14.131538
everglades	-14.131538
crowding	-14.131538
wetting	-14.131538
fizz	-14.131538
manifests	-14.131538
overdid	-14.131538
kinch	-14.131538
roomie	-14.131538
ofthat	-14.131538
haircuts	-14.131538
myriad	-14.131538
confounded	-14.131538
faruk	-14.131538
cupboards	-14.131538
subconsciously	-14.131538
catchphrase	-14.131538
agility	-14.133548
panzer	-14.133548
ir	-14.133548
supple	-14.133548
winery	-14.133548
filippo	-14.133548
inflate	-14.133548
pane	-14.133548
rodolfo	-14.133548
flamenco	-14.133548
trachea	-14.133548
rakesh	-14.133548
mph	-14.133548
kinney	-14.133548
domesticated	-14.133548
molded	-14.133548
hardball	-14.133548
reena	-14.133548
eveyone	-14.133548
consenting	-14.133548
reston	-14.133548
repugnant	-14.133548
oates	-14.133548
corrupting	-14.133548
flocks	-14.135562
gunnery	-14.135562
devotee	-14.135562
ails	-14.135562
stepan	-14.135562
ester	-14.135562
entrails	-14.135562
keepsake	-14.135562
dahl	-14.135562
versed	-14.135562
mycroft	-14.135562
foundry	-14.135562
fido	-14.135562
wordy	-14.135562
formaldehyde	-14.135562
prepaid	-14.135562
gesundheit	-14.135562
villager	-14.135562
orhan	-14.135562
reassurance	-14.135562
outcomes	-14.135562
bitte	-14.135562
trillions	-14.135562
liquidate	-14.135562
cheaply	-14.135562
niklas	-14.135562
romi	-14.135562
drax	-14.135562
kilt	-14.135562
judea	-14.135562
bigot	-14.135562
hayashi	-14.135562
autonomous	-14.137580
unbroken	-14.137580
osbourne	-14.137580
awry	-14.137580
radley	-14.137580
alternating	-14.137580
ontario	-14.137580
spooks	-14.137580
detach	-14.137580
coax	-14.137580
lorenz	-14.137580
volker	-14.137580
mumbo	-14.137580
cr	-14.137580
tilted	-14.137580
outnumber	-14.137580
preceded	-14.137580
morph	-14.137580
bedbugs	-14.137580
zillion	-14.137580
hopin	-14.137580
allahu	-14.137580
batmobile	-14.137580
cometh	-14.137580
distinguishing	-14.137580
goya	-14.137580
lashing	-14.137580
veiled	-14.137580
freshness	-14.137580
matsumoto	-14.137580
commissary	-14.137580
kalle	-14.137580
sorrowful	-14.137580
drab	-14.139603
accommodating	-14.139603
springsteen	-14.139603
tonino	-14.139603
tweezers	-14.139603
chuen	-14.139603
sternum	-14.139603
debacle	-14.139603
cellars	-14.139603
ariadne	-14.139603
knowed	-14.139603
fastball	-14.139603
chopra	-14.139603
sown	-14.139603
sunsets	-14.139603
impractical	-14.139603
reputations	-14.139603
morsel	-14.139603
nymph	-14.139603
gleason	-14.139603
zora	-14.139603
manuals	-14.139603
subatomic	-14.139603
exonerated	-14.139603
nawab	-14.139603
bettie	-14.139603
letterman	-14.139603
roughed	-14.139603
sima	-14.139603
gutierrez	-14.139603
musically	-14.139603
ethiopian	-14.139603
junko	-14.139603
samar	-14.139603
satoru	-14.141629
healey	-14.141629
sandal	-14.141629
fabrizio	-14.141629
monterey	-14.141629
yada	-14.141629
bapu	-14.141629
fletch	-14.141629
disillusioned	-14.141629
karol	-14.141629
befriended	-14.141629
enticing	-14.141629
gloating	-14.141629
gust	-14.141629
lubricant	-14.141629
sergeants	-14.141629
hymie	-14.141629
ibn	-14.141629
overdosed	-14.141629
simulations	-14.141629
soren	-14.141629
pivot	-14.141629
makings	-14.141629
insecurities	-14.141629
eldridge	-14.141629
martyrdom	-14.141629
ultron	-14.141629
apologising	-14.141629
craves	-14.141629
wilshire	-14.141629
bequeath	-14.141629
clacks	-14.141629
halted	-14.141629
irritation	-14.141629
som	-14.143659
smarty	-14.143659
cafes	-14.143659
divides	-14.143659
uri	-14.143659
apu	-14.143659
pandas	-14.143659
incantation	-14.143659
compels	-14.143659
rams	-14.143659
alphabetical	-14.143659
bavarian	-14.143659
amputated	-14.143659
rebelling	-14.143659
duckula	-14.143659
empties	-14.143659
ascending	-14.143659
habitable	-14.143659
blackened	-14.143659
kevlar	-14.143659
improvising	-14.143659
photoshop	-14.143659
tome	-14.143659
juana	-14.143659
cami	-14.143659
uruguay	-14.143659
leniency	-14.143659
crepe	-14.143659
rendition	-14.143659
margaux	-14.143659
archimedes	-14.143659
crenshaw	-14.143659
squishing	-14.143659
fingered	-14.143659
coffers	-14.143659
offset	-14.143659
educating	-14.143659
slugger	-14.143659
gpa	-14.143659
viscount	-14.143659
unanimously	-14.145694
jabbar	-14.145694
leapinlar	-14.145694
gentleness	-14.145694
drizzle	-14.145694
pontiac	-14.145694
serpents	-14.145694
impacted	-14.145694
meager	-14.145694
nappies	-14.145694
insurrection	-14.145694
ely	-14.145694
replicators	-14.145694
gargoyle	-14.145694
kerr	-14.145694
seclusion	-14.145694
reroute	-14.145694
cyclist	-14.145694
incarnate	-14.145694
congratulating	-14.145694
besieged	-14.145694
wicket	-14.145694
incinerator	-14.145694
epitome	-14.145694
cutthroat	-14.145694
esp	-14.145694
millimeters	-14.145694
tranny	-14.145694
moonlit	-14.145694
sor	-14.145694
elin	-14.145694
tano	-14.145694
chica	-14.147733
impudence	-14.147733
precedence	-14.147733
heaving	-14.147733
shirin	-14.147733
kala	-14.147733
doa	-14.147733
dominguez	-14.147733
diff	-14.147733
basing	-14.147733
cadence	-14.147733
davide	-14.147733
fleed	-14.147733
ulrik	-14.147733
wesson	-14.147733
ied	-14.147733
estrogen	-14.147733
severide	-14.147733
guilders	-14.147733
yoshio	-14.147733
vermouth	-14.147733
obeys	-14.147733
nazir	-14.147733
dissolving	-14.147733
akane	-14.147733
ght	-14.147733
forthis	-14.147733
trashing	-14.147733
presumption	-14.147733
temps	-14.147733
falk	-14.147733
braves	-14.149776
goosebumps	-14.149776
inhalation	-14.149776
gnawing	-14.149776
economist	-14.149776
brung	-14.149776
ohm	-14.149776
tractors	-14.149776
gohan	-14.149776
emp	-14.149776
arduous	-14.149776
consortium	-14.149776
starred	-14.149776
ludlow	-14.149776
althea	-14.149776
dandelion	-14.149776
raspberries	-14.149776
netflix	-14.149776
goalkeeper	-14.149776
seamen	-14.149776
impounded	-14.149776
validity	-14.149776
rappers	-14.149776
desi	-14.149776
sockets	-14.149776
skeeter	-14.149776
realist	-14.151823
iga	-14.151823
households	-14.151823
masculinity	-14.151823
disappointments	-14.151823
stiffs	-14.151823
quiver	-14.151823
envisioned	-14.151823
kwok	-14.151823
corleone	-14.151823
acrobat	-14.151823
bubs	-14.151823
peripheral	-14.151823
niro	-14.151823
dabble	-14.151823
leng	-14.151823
sweatpants	-14.151823
twine	-14.151823
misinformed	-14.151823
flemish	-14.151823
rpg	-14.151823
mishra	-14.151823
ackerman	-14.151823
allure	-14.151823
impediment	-14.151823
malory	-14.151823
hone	-14.151823
assassinations	-14.151823
cicely	-14.151823
disrespecting	-14.151823
choy	-14.151823
shaq	-14.151823
calloway	-14.151823
spares	-14.153874
psychoanalysis	-14.153874
giddyup	-14.153874
salman	-14.153874
reminisce	-14.153874
cajun	-14.153874
merlot	-14.153874
nita	-14.153874
retards	-14.153874
ulla	-14.153874
televised	-14.153874
milano	-14.153874
doctored	-14.153874
scorch	-14.153874
saskia	-14.153874
bingum	-14.153874
guzman	-14.153874
pioneering	-14.153874
pinhead	-14.153874
flashbacks	-14.153874
anika	-14.153874
hoard	-14.153874
brewed	-14.153874
squandered	-14.153874
predecessors	-14.153874
seward	-14.153874
telemetry	-14.153874
noa	-14.153874
masao	-14.153874
primordial	-14.153874
botany	-14.155929
strategist	-14.155929
fluctuations	-14.155929
prat	-14.155929
morten	-14.155929
chucking	-14.155929
hennessy	-14.155929
allende	-14.155929
apprehensive	-14.155929
highlander	-14.155929
camaraderie	-14.155929
precipice	-14.155929
caliph	-14.155929
sodding	-14.155929
intrigues	-14.155929
misuse	-14.155929
oj	-14.155929
tripled	-14.155929
relays	-14.155929
inherently	-14.155929
violette	-14.155929
inexpensive	-14.155929
cushy	-14.155929
prozac	-14.155929
claudine	-14.155929
vandals	-14.155929
collectively	-14.155929
munchies	-14.155929
nanites	-14.155929
frolic	-14.157989
disorganized	-14.157989
dispenser	-14.157989
fillet	-14.157989
beyonce	-14.157989
mightn	-14.157989
aced	-14.157989
redecorating	-14.157989
diwali	-14.157989
blythe	-14.157989
maximilian	-14.157989
optimal	-14.157989
lasso	-14.157989
recourse	-14.157989
brittas	-14.157989
mediator	-14.157989
apologizes	-14.157989
tunic	-14.157989
memorabilia	-14.157989
caterpillars	-14.157989
sodomy	-14.157989
anselmo	-14.157989
photogenic	-14.157989
referral	-14.157989
knope	-14.157989
invulnerable	-14.157989
closeness	-14.157989
koh	-14.157989
bobbing	-14.157989
bleats	-14.160053
bleu	-14.160053
unwittingly	-14.160053
twentieth	-14.160053
yuriko	-14.160053
sanctum	-14.160053
mouthwash	-14.160053
copilot	-14.160053
picker	-14.160053
xian	-14.160053
whirlpool	-14.160053
bombarded	-14.160053
quacking	-14.160053
stillness	-14.160053
ieyasu	-14.160053
raged	-14.160053
heung	-14.160053
putnam	-14.160053
applauded	-14.160053
perfectionist	-14.160053
thwarted	-14.160053
blight	-14.160053
pitchfork	-14.160053
oren	-14.160053
glutton	-14.160053
arnaud	-14.160053
piotr	-14.162121
trimming	-14.162121
poppin	-14.162121
fiends	-14.162121
madsen	-14.162121
columnist	-14.162121
vadim	-14.162121
priory	-14.162121
overdrive	-14.162121
innuendo	-14.162121
davie	-14.162121
retina	-14.162121
molotov	-14.162121
lobes	-14.162121
wheeled	-14.162121
jian	-14.162121
tireless	-14.162121
feminism	-14.162121
tandem	-14.162121
mather	-14.162121
angst	-14.162121
eonni	-14.162121
allowances	-14.162121
suntan	-14.162121
attest	-14.162121
sluice	-14.162121
armitage	-14.162121
barrymore	-14.162121
jeepers	-14.162121
unresponsive	-14.162121
inhumane	-14.162121
teleportation	-14.162121
geographical	-14.162121
loosing	-14.162121
schoolyard	-14.162121
gaff	-14.162121
philips	-14.164194
misinterpreted	-14.164194
siam	-14.164194
sutherland	-14.164194
node	-14.164194
felice	-14.164194
flyin	-14.164194
hemorrhoids	-14.164194
renzo	-14.164194
comer	-14.164194
wikileaks	-14.164194
thruster	-14.164194
chatsworth	-14.164194
phipps	-14.164194
infamy	-14.164194
infuriating	-14.164194
og	-14.164194
swelled	-14.164194
rejoicing	-14.164194
wooster	-14.164194
groomed	-14.164194
res	-14.164194
karsten	-14.164194
grumble	-14.164194
bilbo	-14.164194
gim	-14.164194
uzi	-14.164194
montalbano	-14.164194
suspenders	-14.164194
counterpart	-14.164194
sanna	-14.166271
boozing	-14.166271
workshops	-14.166271
florian	-14.166271
zu	-14.166271
undergone	-14.166271
tiptoe	-14.166271
solvent	-14.166271
hatcher	-14.166271
soapy	-14.166271
thatyou	-14.166271
gutsy	-14.166271
nath	-14.166271
nordic	-14.166271
instinctive	-14.166271
martino	-14.166271
dishonesty	-14.166271
masako	-14.166271
kipling	-14.166271
ichiro	-14.166271
misconception	-14.166271
corday	-14.166271
croatian	-14.166271
accountability	-14.166271
sleepyhead	-14.166271
spoonful	-14.166271
heywood	-14.166271
sei	-14.166271
saree	-14.166271
impersonal	-14.168352
haji	-14.168352
reinhardt	-14.168352
figuratively	-14.168352
biceps	-14.168352
bluetooth	-14.168352
trickle	-14.168352
exports	-14.168352
caterers	-14.168352
belittle	-14.168352
chromosome	-14.168352
inoue	-14.168352
gardeners	-14.168352
cokes	-14.168352
classify	-14.168352
aztecs	-14.168352
chiaki	-14.168352
chews	-14.168352
cog	-14.168352
ambrosia	-14.168352
batista	-14.168352
sieve	-14.168352
thang	-14.168352
leda	-14.168352
finney	-14.170437
gisborne	-14.170437
horne	-14.170437
oedipus	-14.170437
spasms	-14.170437
smithy	-14.170437
yuuki	-14.170437
tibia	-14.170437
hoyle	-14.170437
wooing	-14.170437
rockers	-14.170437
carney	-14.170437
candlestick	-14.170437
bolder	-14.170437
gert	-14.170437
lodger	-14.170437
chappelle	-14.170437
unrequited	-14.170437
poly	-14.170437
flogging	-14.170437
ong	-14.170437
mundo	-14.170437
zimmer	-14.170437
capricious	-14.170437
sgt	-14.170437
earpiece	-14.170437
renounced	-14.170437
zeroes	-14.170437
impaled	-14.172527
largo	-14.172527
treaties	-14.172527
bankroll	-14.172527
beowulf	-14.172527
squadrons	-14.172527
akiyama	-14.172527
nissan	-14.172527
nothings	-14.172527
glades	-14.172527
biryani	-14.172527
patrolman	-14.172527
valjean	-14.172527
tamsin	-14.172527
editions	-14.172527
tupperware	-14.172527
combines	-14.172527
newsroom	-14.172527
hannes	-14.172527
chemically	-14.172527
nara	-14.172527
corcoran	-14.172527
fanatical	-14.172527
cellmate	-14.172527
judiciary	-14.172527
imagines	-14.172527
masa	-14.172527
pulsating	-14.172527
richness	-14.172527
sideburns	-14.172527
goodie	-14.172527
guerilla	-14.172527
romana	-14.172527
sprinkled	-14.172527
drape	-14.172527
rollie	-14.172527
noggin	-14.172527
smut	-14.172527
corbin	-14.172527
checkin	-14.172527
illuminating	-14.172527
dulcinea	-14.174622
vagrant	-14.174622
springing	-14.174622
grouchy	-14.174622
conn	-14.174622
kunta	-14.174622
fausto	-14.174622
thrives	-14.174622
maimed	-14.174622
incurred	-14.174622
kerrigan	-14.174622
kareem	-14.174622
porthos	-14.174622
cong	-14.174622
pellet	-14.174622
stools	-14.174622
evaluations	-14.174622
rotterdam	-14.174622
kal	-14.174622
imogen	-14.174622
invariably	-14.174622
laos	-14.174622
stepmom	-14.174622
pomegranate	-14.174622
flourishing	-14.174622
idiocy	-14.174622
quince	-14.174622
compatriots	-14.174622
bois	-14.174622
surrey	-14.174622
loaves	-14.174622
galore	-14.174622
maltese	-14.174622
belch	-14.174622
unguarded	-14.174622
superfluous	-14.174622
toshio	-14.174622
impoverished	-14.174622
inter	-14.174622
segments	-14.174622
constellations	-14.174622
filtered	-14.174622
appraisal	-14.174622
trinket	-14.176720
attica	-14.176720
drunkenness	-14.176720
enigmatic	-14.176720
bayliss	-14.176720
grundy	-14.176720
toulouse	-14.176720
corals	-14.176720
quacks	-14.176720
crumbled	-14.176720
abductions	-14.176720
estimation	-14.176720
solly	-14.176720
shibuya	-14.176720
plantations	-14.176720
carne	-14.176720
mounds	-14.176720
eons	-14.176720
depravity	-14.176720
drumroll	-14.176720
withers	-14.176720
fluttershy	-14.176720
adept	-14.176720
ensured	-14.176720
paychecks	-14.176720
cully	-14.176720
drafting	-14.176720
equinox	-14.176720
ricci	-14.178823
schoolmaster	-14.178823
terrifies	-14.178823
toshi	-14.178823
murthy	-14.178823
mauled	-14.178823
aeroplanes	-14.178823
satire	-14.178823
montoya	-14.178823
bountiful	-14.178823
splendidly	-14.178823
undue	-14.178823
lunchbox	-14.178823
ora	-14.178823
rhyming	-14.178823
unmistakable	-14.178823
lauderdale	-14.178823
fresco	-14.178823
strudel	-14.178823
och	-14.178823
busier	-14.178823
estonia	-14.178823
squirming	-14.178823
colds	-14.178823
moines	-14.178823
stewed	-14.178823
absinthe	-14.178823
tachibana	-14.178823
replaces	-14.178823
definitively	-14.178823
mares	-14.178823
psychopathic	-14.178823
couriers	-14.178823
discrepancy	-14.178823
gendarmes	-14.178823
foryour	-14.180931
giraffes	-14.180931
unpleasantness	-14.180931
summarize	-14.180931
query	-14.180931
replicator	-14.180931
srjanapala	-14.180931
undesirable	-14.180931
originality	-14.180931
lobotomy	-14.180931
mightiest	-14.180931
glanced	-14.180931
afforded	-14.180931
gritty	-14.180931
hiroko	-14.180931
makeshift	-14.180931
riveting	-14.180931
lucian	-14.180931
nyet	-14.180931
indignation	-14.180931
pissy	-14.180931
clergyman	-14.180931
krueger	-14.180931
ilsa	-14.180931
irregularities	-14.180931
bandaged	-14.183043
judson	-14.183043
pollack	-14.183043
tash	-14.183043
cripples	-14.183043
merritt	-14.183043
darhk	-14.183043
culmination	-14.183043
backstabbing	-14.183043
documenting	-14.183043
bullpen	-14.183043
collisions	-14.183043
plaything	-14.183043
ashram	-14.183043
floozy	-14.183043
jiminy	-14.183043
rockies	-14.183043
thingies	-14.183043
inefficient	-14.183043
sheath	-14.183043
splattered	-14.183043
wristwatch	-14.183043
appa	-14.183043
reformation	-14.183043
durable	-14.183043
spatula	-14.183043
rallying	-14.183043
debated	-14.183043
oncologist	-14.183043
subtract	-14.183043
vegetarians	-14.183043
amaya	-14.183043
etta	-14.183043
maserati	-14.183043
brisket	-14.183043
childrens	-14.183043
sluggish	-14.183043
obscurity	-14.183043
mitzi	-14.183043
focal	-14.183043
marcellus	-14.185159
morelli	-14.185159
shou	-14.185159
contenders	-14.185159
unsaid	-14.185159
kelli	-14.185159
treads	-14.185159
poltergeist	-14.185159
lebron	-14.185159
doubtless	-14.185159
zilch	-14.185159
evaporated	-14.185159
laure	-14.185159
disagrees	-14.185159
dandruff	-14.185159
silvery	-14.185159
affront	-14.185159
tardy	-14.185159
eaton	-14.185159
slinging	-14.185159
lollipops	-14.185159
tinted	-14.185159
stringing	-14.185159
blowin	-14.185159
eoe	-14.185159
norbert	-14.185159
zou	-14.185159
lactose	-14.185159
dishonorable	-14.185159
roundup	-14.187280
avec	-14.187280
discrete	-14.187280
ciccio	-14.187280
apprenticeship	-14.187280
arno	-14.187280
muddled	-14.187280
remodel	-14.187280
walkman	-14.187280
adonis	-14.187280
kyushu	-14.187280
jezebel	-14.187280
bixby	-14.187280
harrow	-14.187280
messieurs	-14.187280
hanoi	-14.187280
holger	-14.187280
ginza	-14.187280
bogeyman	-14.187280
workaholic	-14.187280
tailored	-14.187280
pda	-14.187280
pina	-14.187280
noches	-14.187280
flowering	-14.187280
enriched	-14.187280
foal	-14.187280
legitimacy	-14.187280
theyre	-14.187280
arrhythmia	-14.187280
lehman	-14.187280
indulged	-14.187280
restitution	-14.187280
vigilantes	-14.189405
reconvene	-14.189405
subxpacio	-14.189405
deteriorated	-14.189405
unconfirmed	-14.189405
pondering	-14.189405
rewriting	-14.189405
ode	-14.189405
poise	-14.189405
flavia	-14.189405
mcpherson	-14.189405
composure	-14.189405
camillo	-14.189405
swastika	-14.189405
chickenshit	-14.189405
gearbox	-14.189405
jizz	-14.189405
sahil	-14.191535
overheated	-14.191535
inspections	-14.191535
pandit	-14.191535
beech	-14.191535
plop	-14.191535
livid	-14.191535
tron	-14.191535
serviced	-14.191535
cayenne	-14.191535
impossibility	-14.191535
petri	-14.191535
vigorously	-14.191535
tomboy	-14.191535
persevere	-14.191535
tatsuo	-14.191535
bower	-14.191535
cuppa	-14.191535
lentils	-14.191535
odour	-14.191535
continuance	-14.193670
incompatible	-14.193670
bootleg	-14.193670
coordinators	-14.193670
arrivederci	-14.193670
spinner	-14.193670
pesto	-14.193670
expressly	-14.193670
hollister	-14.193670
brutes	-14.193670
transcend	-14.193670
infestation	-14.193670
leach	-14.193670
kidnappings	-14.193670
whup	-14.193670
circumcision	-14.193670
rearranged	-14.193670
yonkers	-14.193670
shashi	-14.193670
frak	-14.193670
broomstick	-14.193670
stamping	-14.193670
discounts	-14.193670
templars	-14.193670
diffuse	-14.193670
eyeliner	-14.193670
danton	-14.193670
reared	-14.193670
glories	-14.193670
katana	-14.193670
ballgame	-14.193670
lurks	-14.193670
obsess	-14.193670
lar	-14.193670
termite	-14.195809
aravind	-14.195809
unraveling	-14.195809
urko	-14.195809
recited	-14.195809
noor	-14.195809
inept	-14.195809
fyodor	-14.195809
parody	-14.195809
trending	-14.195809
amino	-14.195809
hostilities	-14.195809
hobart	-14.195809
marsden	-14.195809
futuristic	-14.195809
journeyed	-14.195809
falsified	-14.195809
bystanders	-14.195809
pierson	-14.195809
germain	-14.195809
tse	-14.195809
applicant	-14.195809
packard	-14.195809
cristal	-14.195809
cyrano	-14.195809
hussain	-14.195809
guam	-14.195809
duckling	-14.195809
israelites	-14.197952
patting	-14.197952
souffle	-14.197952
matias	-14.197952
gorbachev	-14.197952
rougher	-14.197952
dissent	-14.197952
kojak	-14.197952
adoring	-14.197952
spanky	-14.197952
contracting	-14.197952
baffling	-14.197952
dressmaker	-14.197952
annulled	-14.197952
minbari	-14.197952
mui	-14.197952
rudimentary	-14.197952
shakedown	-14.197952
sevens	-14.197952
farsi	-14.197952
causton	-14.197952
dorset	-14.197952
ryland	-14.197952
infusion	-14.197952
securely	-14.197952
valera	-14.197952
mails	-14.197952
croquet	-14.197952
lottie	-14.197952
fattening	-14.197952
bleeder	-14.200101
upriver	-14.200101
marti	-14.200101
disown	-14.200101
incendiary	-14.200101
groggy	-14.200101
gliding	-14.200101
santino	-14.200101
bukowski	-14.200101
stardom	-14.200101
arisen	-14.200101
dans	-14.200101
collaborating	-14.200101
consecrated	-14.200101
advent	-14.200101
rui	-14.200101
duvet	-14.200101
siesta	-14.200101
beanie	-14.200101
childless	-14.200101
hiromi	-14.200101
bragged	-14.200101
lachlan	-14.200101
corsica	-14.200101
culturally	-14.200101
rancho	-14.200101
looser	-14.200101
dived	-14.200101
bookcase	-14.200101
cremate	-14.200101
translations	-14.200101
padma	-14.200101
magog	-14.200101
akin	-14.200101
sussex	-14.200101
motionless	-14.200101
placebo	-14.202254
andrey	-14.202254
fishlegs	-14.202254
deviation	-14.202254
kidd	-14.202254
matilde	-14.202254
bonita	-14.202254
supervisors	-14.202254
gaddafi	-14.202254
mohamed	-14.202254
grope	-14.202254
kenobi	-14.202254
grandmothers	-14.202254
odie	-14.202254
welded	-14.202254
caprice	-14.202254
parnell	-14.202254
gerson	-14.202254
rubbers	-14.202254
nas	-14.202254
connery	-14.202254
womanhood	-14.202254
draco	-14.202254
wimbledon	-14.202254
mosley	-14.202254
undivided	-14.202254
deterioration	-14.202254
detonators	-14.202254
webcam	-14.202254
cypress	-14.202254
lbs	-14.204411
lepers	-14.204411
radioed	-14.204411
serrano	-14.204411
rikki	-14.204411
diligently	-14.204411
kano	-14.204411
lucked	-14.204411
lovesick	-14.204411
likable	-14.204411
metabolic	-14.204411
hillman	-14.204411
droplets	-14.204411
vigor	-14.204411
sirius	-14.204411
delano	-14.204411
automotive	-14.204411
fema	-14.204411
hyungnim	-14.204411
snowflakes	-14.204411
stabilizing	-14.204411
nanna	-14.204411
hindenburg	-14.204411
undiscovered	-14.204411
hydraulics	-14.204411
bossing	-14.204411
prelude	-14.204411
oppenheimer	-14.204411
tonio	-14.204411
slacker	-14.204411
dio	-14.204411
resolute	-14.204411
avid	-14.204411
miro	-14.204411
florentine	-14.204411
unc	-14.204411
zimbabwe	-14.204411
respirator	-14.204411
chatters	-14.204411
frantically	-14.204411
lansing	-14.206573
feasting	-14.206573
andros	-14.206573
plowing	-14.206573
moro	-14.206573
scotia	-14.206573
dorks	-14.206573
aahh	-14.206573
canvases	-14.206573
aluminium	-14.206573
eastman	-14.206573
grantham	-14.206573
focuses	-14.206573
wilton	-14.206573
conveyed	-14.206573
bask	-14.206573
frick	-14.206573
cristo	-14.206573
plugging	-14.206573
toughen	-14.206573
gilded	-14.206573
clemente	-14.206573
johannesburg	-14.206573
chasm	-14.206573
zev	-14.206573
naoko	-14.206573
codis	-14.206573
mulberry	-14.206573
cheerios	-14.206573
boars	-14.206573
zeynep	-14.206573
chromosomes	-14.206573
respite	-14.206573
donaghy	-14.206573
shoreline	-14.206573
gazed	-14.206573
lumbar	-14.206573
influenza	-14.206573
wok	-14.208740
whirrs	-14.208740
redmond	-14.208740
mahatma	-14.208740
sizable	-14.208740
colossus	-14.208740
arif	-14.208740
macgregor	-14.208740
hacienda	-14.208740
heifer	-14.208740
caverns	-14.208740
wiretap	-14.208740
tch	-14.208740
squatters	-14.208740
fumble	-14.208740
textiles	-14.208740
huns	-14.208740
indicators	-14.208740
cirque	-14.208740
goering	-14.208740
cabbages	-14.208740
geordi	-14.208740
pedestrians	-14.208740
aline	-14.208740
genitalia	-14.208740
dialling	-14.208740
mollie	-14.208740
peacekeepers	-14.208740
stackhouse	-14.208740
plundered	-14.208740
payout	-14.208740
cur	-14.210912
grasses	-14.210912
odysseus	-14.210912
aloft	-14.210912
nourish	-14.210912
miyagi	-14.210912
staggered	-14.210912
handout	-14.210912
sipowicz	-14.210912
moll	-14.210912
aortic	-14.210912
filial	-14.210912
hightower	-14.210912
fayed	-14.210912
pagoda	-14.210912
stalemate	-14.210912
pamper	-14.210912
dickheads	-14.210912
androids	-14.210912
subtext	-14.210912
uncuff	-14.210912
profiler	-14.210912
ballsy	-14.210912
gleam	-14.210912
trainees	-14.210912
oot	-14.210912
fundamentals	-14.210912
pokey	-14.210912
swig	-14.210912
hasselhoff	-14.210912
coercion	-14.210912
exec	-14.210912
indra	-14.210912
unhook	-14.210912
boosted	-14.210912
strutting	-14.210912
volga	-14.210912
epidural	-14.213088
capulet	-14.213088
spiritus	-14.213088
fredo	-14.213088
gringos	-14.213088
cybermen	-14.213088
calum	-14.213088
duggan	-14.213088
balzac	-14.213088
soledad	-14.213088
rectal	-14.213088
finders	-14.213088
prologue	-14.213088
dowd	-14.213088
obliterate	-14.213088
burners	-14.213088
harnessed	-14.213088
munchkin	-14.213088
wielding	-14.213088
solicitation	-14.213088
bullion	-14.213088
inquired	-14.213088
scoff	-14.213088
alby	-14.213088
reactive	-14.213088
gasket	-14.213088
deviate	-14.213088
castiel	-14.213088
behaviors	-14.213088
bide	-14.213088
eckhart	-14.213088
speakerphone	-14.215269
christmases	-14.215269
philharmonic	-14.215269
jittery	-14.215269
percussion	-14.215269
dominates	-14.215269
unwrap	-14.215269
clovis	-14.215269
rwanda	-14.215269
jilted	-14.215269
deterrent	-14.215269
installations	-14.215269
valkyrie	-14.215269
informers	-14.215269
haughty	-14.215269
iwo	-14.215269
briar	-14.215269
audra	-14.215269
oakley	-14.215269
overhaul	-14.215269
searing	-14.215269
multiplying	-14.215269
inactive	-14.217455
solos	-14.217455
qualifying	-14.217455
pizzeria	-14.217455
prevails	-14.217455
expressway	-14.217455
laxative	-14.217455
convene	-14.217455
thebes	-14.217455
hairbrush	-14.217455
castrate	-14.217455
molina	-14.217455
mette	-14.217455
solano	-14.217455
lupo	-14.217455
bachchan	-14.217455
shortness	-14.217455
watchtower	-14.217455
ando	-14.217455
planetarium	-14.217455
advertisements	-14.217455
mamas	-14.217455
awakens	-14.217455
idealism	-14.217455
losin	-14.219645
surveys	-14.219645
restriction	-14.219645
cosa	-14.219645
nexus	-14.219645
callaghan	-14.219645
tusks	-14.219645
copperfield	-14.219645
artistry	-14.219645
spewing	-14.219645
barabbas	-14.219645
deepa	-14.219645
aviator	-14.219645
stopwatch	-14.219645
thyme	-14.219645
shania	-14.219645
boatman	-14.219645
jeter	-14.219645
blubbering	-14.219645
effectiveness	-14.219645
devotees	-14.219645
boise	-14.219645
diets	-14.219645
humvee	-14.219645
wanking	-14.219645
grogan	-14.219645
pocahontas	-14.219645
professions	-14.219645
crandall	-14.219645
blistering	-14.219645
vandal	-14.219645
churn	-14.219645
grinds	-14.221841
mommies	-14.221841
tobey	-14.221841
motown	-14.221841
medicated	-14.221841
fritters	-14.221841
doping	-14.221841
counteract	-14.221841
conundrum	-14.221841
folsom	-14.221841
thurston	-14.221841
nervousness	-14.221841
dumpty	-14.221841
mignon	-14.221841
nuthouse	-14.221841
egotistical	-14.221841
auctioned	-14.221841
eradicated	-14.221841
mathematically	-14.221841
exceeding	-14.221841
serb	-14.221841
mackay	-14.221841
overpowered	-14.221841
glistening	-14.221841
grooves	-14.221841
swoon	-14.221841
landers	-14.221841
proactive	-14.221841
villas	-14.221841
kristian	-14.221841
flanks	-14.221841
blogger	-14.221841
myrna	-14.221841
clique	-14.221841
synonymous	-14.221841
uncut	-14.221841
calvert	-14.224041
affectionately	-14.224041
pisa	-14.224041
jargon	-14.224041
lurk	-14.224041
quarreling	-14.224041
montmartre	-14.224041
nominal	-14.224041
decreasing	-14.224041
extensively	-14.224041
forlorn	-14.224041
embers	-14.224041
juncture	-14.224041
aguilera	-14.224041
drc	-14.224041
leno	-14.224041
maquis	-14.224041
jackman	-14.224041
persecute	-14.224041
meticulously	-14.224041
bluntly	-14.224041
vail	-14.224041
eeg	-14.224041
helluva	-14.224041
crocs	-14.224041
joachim	-14.224041
deok	-14.224041
pigtails	-14.224041
fleets	-14.224041
apocalyptic	-14.226246
rt	-14.226246
barbecued	-14.226246
digit	-14.226246
resembled	-14.226246
winky	-14.226246
conglomerate	-14.226246
tarrant	-14.226246
doppelganger	-14.226246
forgeries	-14.226246
vases	-14.226246
willies	-14.226246
shiloh	-14.226246
embargo	-14.226246
badgering	-14.226246
affirm	-14.226246
backgammon	-14.226246
joked	-14.226246
blabbing	-14.226246
slant	-14.226246
saboteur	-14.226246
exponentially	-14.226246
chieftain	-14.226246
takedown	-14.226246
waco	-14.226246
chiba	-14.226246
loudmouth	-14.226246
lacroix	-14.226246
romulans	-14.226246
filip	-14.226246
bangers	-14.226246
dicey	-14.226246
metaphysical	-14.226246
gamer	-14.228456
softened	-14.228456
domenico	-14.228456
introduces	-14.228456
aqueduct	-14.228456
deathly	-14.228456
henley	-14.228456
sinan	-14.228456
emory	-14.228456
sanada	-14.228456
yasir	-14.228456
clothe	-14.228456
downwards	-14.228456
zephyr	-14.228456
actin	-14.228456
moloch	-14.228456
camino	-14.228456
codex	-14.228456
scribe	-14.228456
dishonored	-14.228456
asunder	-14.228456
torben	-14.228456
specialised	-14.228456
sag	-14.228456
anju	-14.228456
sl	-14.228456
lambda	-14.228456
paedophile	-14.228456
caressed	-14.228456
beckman	-14.228456
bei	-14.228456
clavicle	-14.228456
lids	-14.228456
homos	-14.228456
philby	-14.228456
foliage	-14.228456
favourable	-14.228456
emits	-14.228456
huckleberry	-14.230671
nee	-14.230671
entrapment	-14.230671
defamation	-14.230671
scoreboard	-14.230671
massaging	-14.230671
perth	-14.230671
emcee	-14.230671
migrating	-14.230671
laziness	-14.230671
westside	-14.230671
tortilla	-14.230671
modeled	-14.230671
corrado	-14.230671
macintosh	-14.230671
worthington	-14.230671
spelt	-14.230671
tempers	-14.230671
tresses	-14.230671
coulter	-14.230671
revel	-14.230671
moulin	-14.230671
argus	-14.230671
bering	-14.230671
electronically	-14.230671
terrestrial	-14.230671
usb	-14.230671
headband	-14.230671
zander	-14.230671
cumberland	-14.230671
nosing	-14.230671
petr	-14.230671
wassup	-14.230671
practitioner	-14.230671
hitchhiker	-14.230671
gangmo	-14.230671
siva	-14.230671
bannon	-14.230671
thru	-14.230671
wipers	-14.230671
langdon	-14.230671
trickling	-14.232890
punitive	-14.232890
sniveling	-14.232890
victimized	-14.232890
kamen	-14.232890
headlight	-14.232890
tweaked	-14.232890
boggs	-14.232890
blooded	-14.232890
painkiller	-14.232890
anatoly	-14.232890
sharpest	-14.232890
braverman	-14.232890
congenital	-14.232890
okada	-14.232890
prunes	-14.232890
fora	-14.232890
amok	-14.232890
playhouse	-14.232890
peat	-14.232890
riverbank	-14.232890
assessed	-14.232890
simba	-14.232890
spitfire	-14.232890
ig	-14.232890
christen	-14.232890
mcgraw	-14.232890
barista	-14.232890
cochise	-14.232890
flippers	-14.232890
torrent	-14.232890
replenish	-14.232890
buckshot	-14.232890
scouring	-14.232890
lilo	-14.232890
doped	-14.232890
nairobi	-14.232890
fellini	-14.232890
arggh	-14.232890
blubber	-14.232890
nuptial	-14.232890
fantasizing	-14.232890
whitfield	-14.232890
amara	-14.232890
mikes	-14.232890
bhola	-14.232890
hattori	-14.232890
padlock	-14.232890
redwood	-14.232890
ghb	-14.235115
kyra	-14.235115
alerts	-14.235115
grieves	-14.235115
townhouse	-14.235115
solicitors	-14.235115
zagreb	-14.235115
stowed	-14.235115
unregistered	-14.235115
houlihan	-14.235115
mullen	-14.235115
flatline	-14.235115
sade	-14.235115
snowden	-14.235115
uniformed	-14.235115
deplorable	-14.235115
grossly	-14.235115
octus	-14.235115
fascinates	-14.235115
workman	-14.235115
sketching	-14.235115
triangulate	-14.235115
maurizio	-14.235115
winked	-14.235115
upstart	-14.235115
spaniel	-14.235115
achtung	-14.235115
yusuke	-14.235115
employs	-14.235115
tannoy	-14.235115
pathogen	-14.237345
reprogram	-14.237345
pp	-14.237345
entertainers	-14.237345
ani	-14.237345
fatherly	-14.237345
barricaded	-14.237345
foreclosure	-14.237345
origami	-14.237345
muddle	-14.237345
parenthood	-14.237345
cooley	-14.237345
henriette	-14.237345
lattes	-14.237345
revenues	-14.237345
seb	-14.237345
onslaught	-14.237345
pune	-14.237345
importing	-14.237345
sharpening	-14.237345
footman	-14.237345
grueling	-14.237345
tiwari	-14.237345
hittin	-14.237345
saya	-14.237345
tripoli	-14.237345
cinco	-14.237345
archduke	-14.237345
inaugural	-14.239579
roving	-14.239579
arousing	-14.239579
mathematicians	-14.239579
lucknow	-14.239579
jadzia	-14.239579
amazement	-14.239579
yamaguchi	-14.239579
testifies	-14.239579
gerbil	-14.239579
cautiously	-14.239579
buttoned	-14.239579
lowdown	-14.239579
heron	-14.239579
cores	-14.239579
bouts	-14.239579
reconstructed	-14.239579
smite	-14.239579
dundee	-14.239579
tomcat	-14.239579
tourette	-14.239579
anime	-14.239579
landowner	-14.239579
gannon	-14.239579
bloodhound	-14.239579
shitter	-14.239579
blam	-14.239579
outlined	-14.239579
shoelace	-14.239579
vaporized	-14.239579
sprite	-14.241819
delphi	-14.241819
cranium	-14.241819
lettin	-14.241819
gomorrah	-14.241819
pcp	-14.241819
totaled	-14.241819
impart	-14.241819
jinxed	-14.241819
enrich	-14.241819
rewinding	-14.241819
aqui	-14.241819
mcgovern	-14.241819
machiko	-14.241819
asperger	-14.241819
payphone	-14.241819
sona	-14.241819
hotdog	-14.241819
pseudonym	-14.241819
wallop	-14.241819
mahi	-14.241819
wallowing	-14.241819
splendour	-14.241819
zig	-14.241819
typist	-14.241819
marga	-14.241819
overcrowded	-14.241819
inferiority	-14.244064
farr	-14.244064
ember	-14.244064
haruka	-14.244064
senna	-14.244064
principals	-14.244064
fillings	-14.244064
laxman	-14.244064
manchu	-14.244064
lapping	-14.244064
bustin	-14.244064
geum	-14.244064
stresses	-14.244064
comprende	-14.244064
jackhammer	-14.244064
hunnicutt	-14.244064
vasily	-14.244064
mortem	-14.244064
finalist	-14.244064
farah	-14.244064
victors	-14.244064
crumpled	-14.244064
infecting	-14.244064
prevailing	-14.244064
seaquest	-14.244064
buckner	-14.244064
teahouse	-14.244064
rationing	-14.244064
kardashian	-14.244064
durst	-14.244064
nyah	-14.244064
degrade	-14.244064
breakthroughs	-14.244064
evaluated	-14.244064
pally	-14.246314
hyperventilating	-14.246314
grandfathers	-14.246314
diverting	-14.246314
boosters	-14.246314
czechs	-14.246314
kha	-14.246314
bunks	-14.246314
sashimi	-14.246314
reina	-14.246314
gabriela	-14.246314
dictators	-14.246314
emitting	-14.246314
innermost	-14.246314
adversaries	-14.246314
willi	-14.246314
bahia	-14.246314
lego	-14.246314
inciting	-14.246314
bunting	-14.246314
minstrel	-14.246314
windmills	-14.246314
sayings	-14.246314
hunky	-14.246314
shale	-14.246314
larynx	-14.246314
eskimos	-14.246314
beretta	-14.246314
decedent	-14.246314
kryptonian	-14.246314
canyons	-14.246314
journalistic	-14.246314
residing	-14.246314
impala	-14.246314
dauphin	-14.246314
sliver	-14.248568
handkerchiefs	-14.248568
fredrik	-14.248568
knitted	-14.248568
rajan	-14.248568
forklift	-14.248568
butterscotch	-14.248568
burping	-14.248568
soiree	-14.248568
hd	-14.248568
steroid	-14.248568
unturned	-14.248568
putrid	-14.248568
luk	-14.248568
urdu	-14.248568
rearview	-14.248568
deflector	-14.248568
ahsoka	-14.248568
sappy	-14.248568
nightie	-14.248568
telecast	-14.248568
peddle	-14.248568
envision	-14.248568
backwater	-14.248568
monseigneur	-14.248568
catholicism	-14.248568
copier	-14.248568
rafferty	-14.248568
hirsch	-14.248568
intertwined	-14.248568
improvisation	-14.248568
standish	-14.248568
ravenous	-14.248568
jakey	-14.248568
digby	-14.248568
capitals	-14.248568
earthling	-14.250828
baze	-14.250828
suez	-14.250828
surging	-14.250828
daytona	-14.250828
appleby	-14.250828
kangaroos	-14.250828
cipri	-14.250828
raps	-14.250828
eliminates	-14.250828
leni	-14.250828
callisto	-14.250828
ofher	-14.250828
scone	-14.250828
shorted	-14.250828
whelan	-14.250828
honeys	-14.250828
trembles	-14.250828
edouard	-14.250828
mija	-14.250828
mythological	-14.250828
bianchi	-14.250828
munster	-14.250828
matheson	-14.250828
nadu	-14.250828
undecided	-14.250828
sungkyunkwan	-14.250828
stumps	-14.250828
schooled	-14.250828
advocates	-14.250828
carols	-14.250828
outage	-14.250828
ulf	-14.250828
pigment	-14.250828
thumbprint	-14.250828
petitions	-14.253093
ivar	-14.253093
humph	-14.253093
stateside	-14.253093
dorsey	-14.253093
makeups	-14.253093
dupe	-14.253093
crackle	-14.253093
collage	-14.253093
boogeyman	-14.253093
outspoken	-14.253093
fiirst	-14.253093
redecorate	-14.253093
creole	-14.253093
haired	-14.253093
yamazaki	-14.253093
kirkland	-14.253093
livers	-14.253093
reade	-14.253093
afresh	-14.253093
transpired	-14.253093
shackled	-14.253093
chivalrous	-14.253093
fen	-14.253093
handbags	-14.253093
semifinals	-14.253093
iqbal	-14.253093
fatally	-14.253093
eyelid	-14.253093
tsoukalos	-14.253093
regiments	-14.253093
munro	-14.253093
turret	-14.253093
tomie	-14.253093
stimuli	-14.253093
profess	-14.253093
benevolence	-14.253093
belvedere	-14.255363
tybalt	-14.255363
cocksuckers	-14.255363
panicky	-14.255363
canoes	-14.255363
fillmore	-14.255363
trinidad	-14.255363
stumpy	-14.255363
hippos	-14.255363
obstruct	-14.255363
rowe	-14.255363
aslam	-14.255363
deliberation	-14.255363
impregnated	-14.255363
knockin	-14.255363
toga	-14.255363
reasoned	-14.255363
comme	-14.255363
apologised	-14.255363
tora	-14.255363
indescribable	-14.255363
leena	-14.255363
usefulness	-14.255363
argues	-14.255363
tommaso	-14.257639
bloodstains	-14.257639
commoners	-14.257639
anxieties	-14.257639
marilla	-14.257639
crabby	-14.257639
num	-14.257639
chett	-14.257639
sathya	-14.257639
shamelessly	-14.257639
reconsidered	-14.257639
erectus	-14.257639
upheaval	-14.257639
constraints	-14.257639
earplugs	-14.257639
childlike	-14.257639
colbert	-14.257639
cas	-14.257639
bastion	-14.257639
vinick	-14.257639
lifelike	-14.257639
hijackers	-14.257639
latham	-14.257639
obscured	-14.257639
mosca	-14.257639
unselfish	-14.257639
alexi	-14.257639
artefacts	-14.257639
hiram	-14.257639
hud	-14.257639
shitheads	-14.257639
williamsburg	-14.257639
doggies	-14.257639
contessa	-14.257639
nuh	-14.257639
disband	-14.257639
braised	-14.259919
adequately	-14.259919
dishonour	-14.259919
cancers	-14.259919
cybertron	-14.259919
uncovering	-14.259919
zebras	-14.259919
postponing	-14.259919
fraught	-14.259919
skedaddle	-14.259919
stian	-14.259919
irreparable	-14.259919
amador	-14.259919
lustful	-14.259919
portsmouth	-14.259919
shopper	-14.259919
wory	-14.259919
mehra	-14.259919
seeley	-14.259919
barkeep	-14.259919
maitland	-14.259919
nikos	-14.259919
hardwood	-14.259919
riddler	-14.259919
follies	-14.259919
clapped	-14.259919
perfumed	-14.259919
ecology	-14.259919
unbecoming	-14.259919
enhancement	-14.259919
marston	-14.259919
tilda	-14.259919
discern	-14.259919
rios	-14.259919
za	-14.262205
charlton	-14.262205
lenox	-14.262205
aoyama	-14.262205
brigades	-14.262205
venues	-14.262205
verna	-14.262205
servitude	-14.262205
xerox	-14.262205
mains	-14.262205
pagans	-14.262205
poach	-14.262205
receptors	-14.262205
constipation	-14.262205
shadowing	-14.262205
flamboyant	-14.262205
punters	-14.262205
wozniak	-14.262205
cravings	-14.262205
clawed	-14.262205
courted	-14.262205
zoos	-14.262205
mobiles	-14.264496
mowgli	-14.264496
militants	-14.264496
merton	-14.264496
rafters	-14.264496
pedophiles	-14.264496
kama	-14.264496
amphetamines	-14.264496
tadpole	-14.264496
peacekeeper	-14.264496
masterful	-14.264496
ortho	-14.264496
regulator	-14.264496
hajji	-14.264496
streaks	-14.264496
yearns	-14.264496
muchas	-14.264496
immerse	-14.264496
mischa	-14.264496
freebie	-14.264496
clenched	-14.264496
limiting	-14.264496
costco	-14.264496
itwas	-14.264496
punt	-14.264496
deafening	-14.264496
deng	-14.264496
subrip	-14.264496
opt	-14.264496
byzantium	-14.264496
zenith	-14.264496
knoll	-14.264496
exeter	-14.264496
bozos	-14.264496
uhuh	-14.264496
fess	-14.264496
minami	-14.264496
birkhoff	-14.264496
weathers	-14.264496
wonka	-14.264496
fantastically	-14.264496
ukulele	-14.264496
westerners	-14.264496
whaddya	-14.264496
abalone	-14.266792
defected	-14.266792
doozy	-14.266792
impertinence	-14.266792
sowing	-14.266792
boyce	-14.266792
raspy	-14.266792
yusef	-14.266792
shimmer	-14.266792
sheri	-14.266792
cray	-14.266792
punishes	-14.266792
rodger	-14.266792
rectory	-14.266792
ithaca	-14.266792
overhearing	-14.266792
emulate	-14.266792
dugout	-14.266792
landowners	-14.266792
gaye	-14.266792
renu	-14.266792
laptops	-14.266792
ranging	-14.266792
marburg	-14.266792
abernathy	-14.266792
disintegrated	-14.266792
porto	-14.266792
risa	-14.266792
django	-14.266792
routinely	-14.266792
kanji	-14.266792
granola	-14.266792
bahadur	-14.266792
barrington	-14.266792
racketeering	-14.266792
endorsed	-14.266792
jaded	-14.266792
seltzer	-14.266792
rehabilitated	-14.266792
rox	-14.266792
nagar	-14.266792
chums	-14.266792
kahlan	-14.266792
royale	-14.269094
clashes	-14.269094
wimpy	-14.269094
haggle	-14.269094
sips	-14.269094
airman	-14.269094
astra	-14.269094
lifeboats	-14.269094
smothering	-14.269094
memorandum	-14.269094
refinement	-14.269094
chariots	-14.269094
grading	-14.269094
byun	-14.269094
thirties	-14.269094
cinematographer	-14.269094
profane	-14.269094
surges	-14.269094
underwent	-14.269094
cutbacks	-14.269094
andersson	-14.269094
demos	-14.269094
qualms	-14.269094
fornication	-14.269094
beater	-14.269094
hitchhike	-14.269094
hatfield	-14.269094
geometric	-14.269094
gio	-14.269094
pereira	-14.269094
cornbread	-14.269094
musketeer	-14.271400
larue	-14.271400
ghostbusters	-14.271400
sorbonne	-14.271400
suggestive	-14.271400
trimester	-14.271400
unseemly	-14.271400
evenin	-14.271400
goldar	-14.271400
aish	-14.271400
turing	-14.271400
doer	-14.271400
excluding	-14.271400
objectivity	-14.271400
tou	-14.271400
resuscitate	-14.271400
indicative	-14.271400
keyed	-14.271400
wavy	-14.271400
coot	-14.271400
fait	-14.271400
ceasefire	-14.271400
unexplored	-14.271400
muppets	-14.271400
tamura	-14.271400
gossips	-14.271400
aides	-14.271400
stately	-14.273712
spines	-14.273712
cornfield	-14.273712
kaye	-14.273712
conquers	-14.273712
tolerable	-14.273712
bionic	-14.273712
peroxide	-14.273712
imposition	-14.273712
kana	-14.273712
hornets	-14.273712
exorcise	-14.273712
michelin	-14.273712
cemal	-14.273712
southbound	-14.273712
beaker	-14.273712
commenting	-14.273712
smooch	-14.273712
drunkards	-14.273712
bakshi	-14.273712
whizzing	-14.273712
blacky	-14.273712
chumps	-14.273712
gillespie	-14.273712
juilliard	-14.273712
uplink	-14.273712
clobber	-14.273712
madan	-14.273712
theseus	-14.273712
alton	-14.273712
aaagh	-14.273712
wantto	-14.273712
aditi	-14.273712
betrothal	-14.273712
goldsmith	-14.273712
gsw	-14.273712
allo	-14.273712
wolff	-14.273712
totes	-14.273712
abstain	-14.273712
lymphoma	-14.273712
elated	-14.276030
oldies	-14.276030
grassy	-14.276030
pessimist	-14.276030
joffrey	-14.276030
missin	-14.276030
untoward	-14.276030
puddles	-14.276030
cagney	-14.276030
sauces	-14.276030
squabble	-14.276030
nanette	-14.276030
phantoms	-14.276030
midterms	-14.276030
engraving	-14.276030
floored	-14.276030
isi	-14.276030
translators	-14.276030
mancini	-14.276030
statistic	-14.276030
resync	-14.276030
byzantine	-14.276030
predicts	-14.276030
tutti	-14.276030
wrappers	-14.276030
wylie	-14.276030
thoroughbred	-14.276030
fairs	-14.276030
payton	-14.276030
maneuvering	-14.278353
symbiote	-14.278353
chechen	-14.278353
gratification	-14.278353
recruiter	-14.278353
rentals	-14.278353
mehta	-14.278353
complacent	-14.278353
undetectable	-14.278353
throwin	-14.278353
bargains	-14.278353
westerns	-14.278353
syne	-14.278353
forbidding	-14.278353
ingrate	-14.278353
cheerfully	-14.278353
sakai	-14.278353
gruff	-14.278353
impersonation	-14.278353
remover	-14.278353
corinth	-14.278353
usc	-14.278353
infancy	-14.278353
folders	-14.278353
ungodly	-14.278353
tarantula	-14.278353
uneventful	-14.278353
somali	-14.278353
opposes	-14.278353
este	-14.278353
nui	-14.278353
holi	-14.278353
tomoko	-14.278353
marr	-14.278353
fittings	-14.278353
buckled	-14.278353
cordoba	-14.278353
emporium	-14.278353
phosphorus	-14.278353
vii	-14.278353
authorisation	-14.278353
forts	-14.278353
medea	-14.278353
smithereens	-14.278353
dewitt	-14.278353
bookkeeping	-14.278353
byers	-14.280681
ashe	-14.280681
assessing	-14.280681
nie	-14.280681
coventry	-14.280681
renovate	-14.280681
dirtier	-14.280681
sucky	-14.280681
biking	-14.280681
quadruple	-14.280681
wasabi	-14.280681
hines	-14.280681
halsey	-14.280681
legitimately	-14.280681
freudian	-14.280681
tromaville	-14.280681
stagger	-14.280681
overpass	-14.280681
honduras	-14.280681
schumann	-14.280681
depositions	-14.280681
cragen	-14.280681
ionger	-14.280681
flay	-14.280681
jos	-14.280681
lido	-14.280681
radium	-14.280681
swill	-14.283015
interplanetary	-14.283015
eugh	-14.283015
achmed	-14.283015
unhinged	-14.283015
bassam	-14.283015
mins	-14.283015
xie	-14.283015
substantially	-14.283015
uhura	-14.283015
hickory	-14.283015
pancreatic	-14.283015
chalmers	-14.283015
iou	-14.283015
baal	-14.283015
concubines	-14.283015
shrug	-14.283015
toma	-14.283015
arkham	-14.283015
reptilian	-14.283015
lombardo	-14.283015
shirtless	-14.283015
laughin	-14.283015
whistled	-14.283015
navigating	-14.283015
viet	-14.283015
chandni	-14.283015
allotted	-14.283015
impregnable	-14.285354
strewn	-14.285354
swerve	-14.285354
innovations	-14.285354
massacres	-14.285354
kudo	-14.285354
descartes	-14.285354
wordsworth	-14.285354
alastair	-14.285354
rawlings	-14.285354
auditor	-14.285354
albie	-14.285354
checkered	-14.285354
dorado	-14.285354
puffing	-14.285354
contusion	-14.285354
hounded	-14.285354
abject	-14.285354
medevac	-14.285354
economies	-14.285354
trampling	-14.285354
handouts	-14.285354
scabs	-14.285354
ailments	-14.285354
straitjacket	-14.285354
dumbledore	-14.285354
derailed	-14.285354
selfies	-14.285354
intolerance	-14.285354
haddock	-14.285354
bleached	-14.285354
digested	-14.285354
thanos	-14.285354
vanderbilt	-14.285354
unintentionally	-14.285354
razors	-14.285354
clump	-14.285354
poon	-14.285354
ilona	-14.285354
knut	-14.285354
monasteries	-14.287699
stockade	-14.287699
proust	-14.287699
lucrecia	-14.287699
barret	-14.287699
convulsions	-14.287699
sunbathing	-14.287699
fixtures	-14.287699
undercooked	-14.287699
flemming	-14.287699
sharky	-14.287699
sawed	-14.287699
yugo	-14.287699
quartermaster	-14.287699
khaki	-14.287699
hur	-14.287699
apathy	-14.287699
embolism	-14.287699
dignitaries	-14.287699
starscream	-14.287699
panorama	-14.287699
ricki	-14.287699
regimental	-14.287699
aint	-14.287699
deploying	-14.287699
oceanic	-14.287699
magnate	-14.287699
mongo	-14.287699
synth	-14.287699
mong	-14.287699
salma	-14.287699
sprays	-14.287699
labrador	-14.287699
seashore	-14.287699
collusion	-14.287699
holbrook	-14.287699
detainees	-14.287699
lowlifes	-14.287699
mishima	-14.287699
pollute	-14.287699
complicit	-14.287699
thirdly	-14.287699
horowitz	-14.290049
quarrelling	-14.290049
orsini	-14.290049
overstepped	-14.290049
firework	-14.290049
snipe	-14.290049
retriever	-14.290049
cleanly	-14.290049
vizier	-14.290049
fizzy	-14.290049
unafraid	-14.290049
jinn	-14.290049
prenatal	-14.290049
waver	-14.290049
pianos	-14.290049
badgers	-14.290049
untrained	-14.290049
naka	-14.290049
eighties	-14.290049
lilah	-14.290049
sadako	-14.290049
carpe	-14.290049
handlers	-14.290049
mee	-14.290049
entails	-14.290049
gilliam	-14.290049
wildebeest	-14.290049
ulises	-14.290049
fiind	-14.290049
teaspoon	-14.290049
splutters	-14.290049
reunions	-14.290049
statesman	-14.290049
chupacabra	-14.290049
caplan	-14.290049
incorrectly	-14.290049
iaw	-14.292405
woodpecker	-14.292405
groundwork	-14.292405
delicacies	-14.292405
pineapples	-14.292405
cultivating	-14.292405
commented	-14.292405
cufflinks	-14.292405
composers	-14.292405
onedin	-14.292405
dreamin	-14.292405
amenities	-14.292405
snooty	-14.292405
cosima	-14.292405
hilly	-14.292405
whaling	-14.292405
foiled	-14.292405
vectors	-14.292405
mckinney	-14.292405
slowest	-14.292405
decoded	-14.292405
turbines	-14.292405
debatable	-14.292405
rhinos	-14.292405
repo	-14.292405
cheri	-14.292405
unopened	-14.292405
evo	-14.292405
decompression	-14.292405
hydrated	-14.292405
pitchers	-14.292405
garb	-14.294766
versace	-14.294766
triton	-14.294766
vichy	-14.294766
echoed	-14.294766
infused	-14.294766
tendon	-14.294766
bubblegum	-14.294766
norms	-14.294766
hashish	-14.294766
tutorial	-14.294766
ringside	-14.294766
macon	-14.294766
inequality	-14.294766
tarnish	-14.294766
browse	-14.294766
mourned	-14.294766
acclaimed	-14.294766
cameramen	-14.294766
humongous	-14.294766
activates	-14.294766
skanky	-14.294766
vassal	-14.294766
haitian	-14.294766
hanzo	-14.294766
indirect	-14.294766
socializing	-14.294766
shilla	-14.294766
trackers	-14.294766
scranton	-14.294766
stifle	-14.294766
stunk	-14.294766
magistrates	-14.294766
wehrmacht	-14.294766
provost	-14.294766
vacated	-14.294766
underprivileged	-14.294766
spurt	-14.294766
ent	-14.294766
mayflower	-14.294766
kurtz	-14.294766
kepner	-14.294766
zod	-14.294766
embezzling	-14.297133
factual	-14.297133
dieting	-14.297133
girard	-14.297133
gruel	-14.297133
deedee	-14.297133
brows	-14.297133
kayak	-14.297133
dismissing	-14.297133
kaji	-14.297133
giza	-14.297133
quahog	-14.297133
tricycle	-14.297133
nomadic	-14.297133
outsmarted	-14.297133
adrienne	-14.297133
ottawa	-14.297133
rotor	-14.297133
kashi	-14.297133
lainey	-14.297133
skulking	-14.297133
fracking	-14.297133
syringes	-14.297133
chuy	-14.297133
marquee	-14.297133
candor	-14.297133
buh	-14.297133
timbers	-14.297133
argyle	-14.297133
nevins	-14.297133
reputed	-14.297133
odious	-14.297133
cartier	-14.297133
cults	-14.297133
carlitos	-14.297133
mita	-14.297133
heartbreaker	-14.297133
exclusion	-14.297133
bunter	-14.297133
centigrade	-14.299505
billionaires	-14.299505
soups	-14.299505
scandinavia	-14.299505
sunita	-14.299505
loveless	-14.299505
radiance	-14.299505
jabbering	-14.299505
joplin	-14.299505
rummage	-14.299505
banishment	-14.299505
tories	-14.299505
havent	-14.299505
abscess	-14.299505
malaysian	-14.299505
playlist	-14.299505
scoured	-14.299505
lino	-14.299505
grisha	-14.299505
gawking	-14.299505
lures	-14.299505
endeavors	-14.299505
flees	-14.299505
rebuttal	-14.299505
runes	-14.299505
terminally	-14.299505
americano	-14.299505
doze	-14.299505
shue	-14.299505
wily	-14.299505
longo	-14.299505
drifts	-14.299505
haddie	-14.299505
draped	-14.299505
outset	-14.299505
inoperable	-14.299505
mountaintop	-14.299505
leith	-14.299505
skaters	-14.299505
subtly	-14.299505
cornflakes	-14.299505
ivanovna	-14.299505
huzzah	-14.299505
backpacks	-14.299505
narcisse	-14.299505
hideyoshi	-14.301883
ogata	-14.301883
bizarro	-14.301883
chaka	-14.301883
fujiko	-14.301883
digitally	-14.301883
anecdote	-14.301883
garages	-14.301883
arroyo	-14.301883
tryout	-14.301883
overseer	-14.301883
emigrated	-14.301883
shima	-14.301883
steadfast	-14.301883
intermittent	-14.301883
whopper	-14.301883
tchaikovsky	-14.301883
malaya	-14.301883
sta	-14.301883
wheelhouse	-14.301883
kc	-14.301883
unaffected	-14.301883
clarification	-14.301883
hardin	-14.301883
impunity	-14.301883
iz	-14.301883
opportunist	-14.301883
conspiracies	-14.301883
marxist	-14.301883
steadman	-14.301883
abandons	-14.301883
renko	-14.301883
aerospace	-14.301883
covington	-14.301883
marcelo	-14.301883
fabricate	-14.301883
seaver	-14.304267
disinfect	-14.304267
refute	-14.304267
ftl	-14.304267
paving	-14.304267
potus	-14.304267
tabby	-14.304267
sweated	-14.304267
orwell	-14.304267
subbu	-14.304267
parkway	-14.304267
clennam	-14.304267
guangzhou	-14.304267
ricochet	-14.304267
autopsies	-14.304267
responders	-14.304267
rachid	-14.304267
ymca	-14.304267
coates	-14.304267
rescheduled	-14.304267
tesco	-14.304267
blud	-14.304267
derail	-14.304267
lifespan	-14.304267
monsanto	-14.304267
incoherent	-14.304267
beto	-14.304267
wriggle	-14.304267
theorem	-14.304267
circumference	-14.304267
albanians	-14.304267
pacify	-14.304267
sleepers	-14.304267
dunce	-14.306657
blasphemous	-14.306657
bolivian	-14.306657
preachers	-14.306657
excessively	-14.306657
spew	-14.306657
unzip	-14.306657
dictating	-14.306657
drier	-14.306657
nanda	-14.306657
symbolize	-14.306657
hunches	-14.306657
christi	-14.306657
oriented	-14.306657
prohibit	-14.306657
retraction	-14.306657
sceptical	-14.306657
turtleneck	-14.306657
payable	-14.306657
maisie	-14.306657
defile	-14.306657
unbutton	-14.306657
chimera	-14.306657
depress	-14.306657
meeks	-14.306657
mah	-14.306657
buries	-14.306657
breech	-14.309052
oughtn	-14.309052
mullins	-14.309052
paralyze	-14.309052
bhanu	-14.309052
landis	-14.309052
isolating	-14.309052
abiding	-14.309052
cowgirl	-14.309052
weakens	-14.309052
ornery	-14.309052
ahhhhh	-14.309052
lithuanian	-14.309052
sterilize	-14.309052
knelt	-14.309052
fatten	-14.309052
arid	-14.309052
gaffer	-14.309052
decimal	-14.309052
clarified	-14.309052
ungh	-14.309052
greco	-14.309052
kinship	-14.309052
desolation	-14.309052
prouder	-14.309052
ines	-14.309052
convened	-14.309052
kaede	-14.309052
beckons	-14.309052
haggard	-14.309052
smiths	-14.309052
ensures	-14.309052
dou	-14.309052
riya	-14.309052
ishida	-14.309052
notches	-14.309052
blowjobs	-14.309052
esophagus	-14.309052
baez	-14.309052
fanning	-14.309052
pythagoras	-14.309052
epinephrine	-14.309052
antiseptic	-14.309052
tapeworm	-14.309052
redford	-14.309052
scythe	-14.309052
escalation	-14.309052
kol	-14.309052
educator	-14.309052
mantel	-14.309052
revue	-14.309052
jour	-14.309052
safes	-14.311453
muay	-14.311453
rerun	-14.311453
royally	-14.311453
witsec	-14.311453
demelza	-14.311453
northbound	-14.311453
cleverer	-14.311453
ramadan	-14.311453
paddock	-14.311453
anaconda	-14.311453
discontinued	-14.311453
straightening	-14.311453
argumentative	-14.311453
mauser	-14.311453
randi	-14.311453
wallis	-14.311453
carpentry	-14.311453
vaccination	-14.311453
preying	-14.311453
fsb	-14.311453
wedgie	-14.311453
disarray	-14.311453
bullhorn	-14.311453
crumbles	-14.311453
breaches	-14.311453
arn	-14.311453
corpsman	-14.311453
nelle	-14.311453
ennis	-14.311453
indu	-14.311453
jc	-14.311453
robespierre	-14.311453
cranston	-14.311453
dissuade	-14.313860
imp	-14.313860
hsiao	-14.313860
kltt	-14.313860
buzzards	-14.313860
grooms	-14.313860
grinch	-14.313860
kendal	-14.313860
coolant	-14.313860
fauna	-14.313860
artichoke	-14.313860
chemists	-14.313860
kipper	-14.313860
overlord	-14.313860
mesmerized	-14.313860
pretenses	-14.313860
semantics	-14.313860
silverman	-14.313860
snobs	-14.313860
colord	-14.313860
layton	-14.313860
leavenworth	-14.313860
butyou	-14.313860
sloshing	-14.313860
sparking	-14.313860
texan	-14.313860
silences	-14.313860
recalling	-14.313860
negatively	-14.313860
jett	-14.313860
camouflaged	-14.313860
joao	-14.313860
salvaged	-14.313860
fulcrum	-14.313860
booklet	-14.313860
splint	-14.316272
ueda	-14.316272
aberration	-14.316272
trapdoor	-14.316272
abundantly	-14.316272
vexed	-14.316272
rhydian	-14.316272
oaths	-14.316272
slink	-14.316272
christos	-14.316272
nair	-14.316272
sensuality	-14.316272
distantly	-14.316272
flavored	-14.316272
appreciating	-14.316272
kostya	-14.316272
oncology	-14.316272
influencing	-14.316272
ronan	-14.316272
joes	-14.316272
roan	-14.316272
battleships	-14.316272
boned	-14.316272
frayed	-14.316272
mott	-14.316272
softness	-14.316272
aries	-14.316272
occupies	-14.316272
govinda	-14.316272
mummified	-14.316272
bustling	-14.316272
rewritten	-14.316272
exhibiting	-14.316272
putter	-14.318690
canaan	-14.318690
pk	-14.318690
calgary	-14.318690
pocketbook	-14.318690
yadav	-14.318690
reefer	-14.318690
uppity	-14.318690
dens	-14.318690
hachi	-14.318690
retreats	-14.318690
innocently	-14.318690
circulated	-14.318690
akshay	-14.318690
partnered	-14.318690
latina	-14.318690
chickie	-14.318690
yachts	-14.318690
abhay	-14.318690
distilled	-14.318690
geller	-14.318690
cicadas	-14.318690
technicolor	-14.318690
tsa	-14.318690
anemic	-14.318690
kubrick	-14.318690
globes	-14.318690
pinging	-14.318690
clammy	-14.318690
modem	-14.318690
dismay	-14.318690
frosted	-14.318690
gators	-14.318690
amaro	-14.318690
jacksonville	-14.318690
masaki	-14.318690
didst	-14.318690
mackie	-14.318690
clarisse	-14.318690
helle	-14.321115
russel	-14.321115
spawned	-14.321115
saxena	-14.321115
perceptions	-14.321115
winnipeg	-14.321115
varying	-14.321115
frenchie	-14.321115
thwart	-14.321115
congee	-14.321115
gabbar	-14.321115
nicking	-14.321115
wonderin	-14.321115
newspaperman	-14.321115
carjacking	-14.321115
availability	-14.321115
couches	-14.321115
dawns	-14.321115
utw	-14.321115
rojas	-14.321115
indecisive	-14.321115
fatma	-14.321115
instigated	-14.321115
paining	-14.321115
thoracic	-14.321115
kms	-14.321115
sr	-14.321115
promo	-14.321115
murugan	-14.321115
cleanest	-14.321115
categorically	-14.323545
chevron	-14.323545
distributors	-14.323545
windpipe	-14.323545
kurdish	-14.323545
plowed	-14.323545
jeanine	-14.323545
intents	-14.323545
wormholes	-14.323545
overpowering	-14.323545
scuse	-14.323545
ehm	-14.323545
godsey	-14.323545
wheeling	-14.323545
daph	-14.323545
grandmaster	-14.323545
interpreting	-14.323545
aga	-14.323545
anka	-14.323545
submitting	-14.323545
bassett	-14.323545
ladle	-14.323545
braying	-14.323545
jeeva	-14.323545
savory	-14.323545
zips	-14.323545
qur	-14.323545
disprove	-14.323545
xun	-14.323545
barba	-14.323545
pleasantries	-14.323545
sentimentality	-14.323545
cs	-14.323545
precincts	-14.323545
pascoe	-14.325981
lilli	-14.325981
shamrock	-14.325981
toothpicks	-14.325981
tubing	-14.325981
diagrams	-14.325981
shivani	-14.325981
sark	-14.325981
allocated	-14.325981
clegg	-14.325981
degenerates	-14.325981
pollard	-14.325981
overheating	-14.325981
liberace	-14.325981
emts	-14.325981
presidente	-14.325981
steppe	-14.325981
alisha	-14.325981
neighborly	-14.325981
sorenson	-14.325981
winfield	-14.325981
vaseline	-14.325981
deluge	-14.325981
leonora	-14.325981
foolin	-14.325981
disconcerting	-14.325981
incumbent	-14.325981
amplify	-14.325981
riko	-14.325981
payin	-14.325981
morel	-14.325981
arlen	-14.325981
pucker	-14.325981
potholes	-14.325981
conjured	-14.328423
denominator	-14.328423
succulent	-14.328423
buckles	-14.328423
expenditure	-14.328423
solis	-14.328423
speedboat	-14.328423
arriba	-14.328423
kebabs	-14.328423
buddhists	-14.328423
hygienic	-14.328423
galloway	-14.328423
recalls	-14.328423
dartmouth	-14.328423
unscheduled	-14.328423
clench	-14.328423
confidant	-14.328423
ratting	-14.328423
bravado	-14.328423
inbred	-14.328423
garvin	-14.328423
breezes	-14.328423
astaire	-14.328423
ofit	-14.328423
tibbs	-14.328423
waived	-14.328423
katrin	-14.328423
paralegal	-14.328423
irrefutable	-14.328423
larva	-14.328423
lymph	-14.328423
illegals	-14.328423
deteriorate	-14.328423
scrumptious	-14.328423
acquit	-14.330871
capisce	-14.330871
crimea	-14.330871
sanctimonious	-14.330871
gerhardt	-14.330871
antiquated	-14.330871
captors	-14.330871
babbles	-14.330871
arabella	-14.330871
labors	-14.330871
falafel	-14.330871
winces	-14.330871
christoph	-14.330871
statutes	-14.330871
excelsior	-14.330871
emergence	-14.330871
paused	-14.330871
catalan	-14.330871
clotting	-14.330871
cheol	-14.330871
cb	-14.330871
simons	-14.330871
lillie	-14.330871
banco	-14.330871
rr	-14.330871
skinhead	-14.330871
warpath	-14.330871
pterodactyl	-14.330871
veils	-14.330871
subsidiary	-14.330871
jubei	-14.330871
outgrown	-14.330871
provence	-14.330871
clunk	-14.330871
terminology	-14.330871
surveying	-14.330871
upscale	-14.330871
wifey	-14.330871
colombians	-14.330871
turnin	-14.330871
foaming	-14.330871
keystone	-14.330871
bays	-14.330871
confidently	-14.333325
piloting	-14.333325
outwit	-14.333325
kau	-14.333325
strengthening	-14.333325
dn	-14.333325
carnation	-14.333325
complimented	-14.333325
discouraging	-14.333325
simona	-14.333325
mvp	-14.333325
marcela	-14.333325
cinder	-14.333325
comparative	-14.333325
stepbrother	-14.333325
gyro	-14.333325
dissolves	-14.333325
dribbling	-14.333325
karachi	-14.333325
majored	-14.333325
kandahar	-14.333325
mustangs	-14.333325
goblet	-14.333325
punchy	-14.333325
servicing	-14.333325
buren	-14.333325
synch	-14.333325
boku	-14.333325
streisand	-14.333325
surrenders	-14.333325
marginal	-14.333325
farhad	-14.333325
tooting	-14.333325
mozzie	-14.333325
minibar	-14.333325
addons	-14.333325
trove	-14.335785
satisfies	-14.335785
doody	-14.335785
consolidate	-14.335785
gearing	-14.335785
breastfeeding	-14.335785
accelerates	-14.335785
sargent	-14.335785
jakarta	-14.335785
populace	-14.335785
kota	-14.335785
misfit	-14.335785
wavering	-14.335785
grating	-14.335785
romancing	-14.335785
fey	-14.335785
goingto	-14.335785
ayako	-14.335785
haemorrhage	-14.335785
spongebob	-14.335785
circa	-14.335785
feckin	-14.335785
billed	-14.335785
reminders	-14.335785
milked	-14.335785
criticise	-14.335785
minibus	-14.335785
advises	-14.335785
rajeev	-14.335785
faithless	-14.335785
milf	-14.335785
easing	-14.335785
blackbeard	-14.335785
amplifier	-14.335785
plywood	-14.335785
suzu	-14.335785
peacocks	-14.335785
caboose	-14.335785
kegs	-14.335785
grandiose	-14.335785
deline	-14.338251
ueno	-14.338251
gravestone	-14.338251
toya	-14.338251
absurdity	-14.338251
strychnine	-14.338251
redheads	-14.338251
ozu	-14.338251
carrion	-14.338251
riccardo	-14.338251
lissa	-14.338251
blameless	-14.338251
intrusive	-14.338251
extenuating	-14.338251
fubuki	-14.338251
fozzie	-14.338251
ood	-14.338251
blatantly	-14.338251
pruitt	-14.338251
lividity	-14.338251
facto	-14.338251
rambaldi	-14.338251
puns	-14.338251
barone	-14.338251
persians	-14.338251
pemberton	-14.338251
ruffians	-14.338251
vw	-14.338251
danilo	-14.338251
thinkyou	-14.338251
transmitters	-14.338251
nyssa	-14.338251
pragmatic	-14.338251
leeway	-14.338251
favoured	-14.340723
abnormalities	-14.340723
condensed	-14.340723
burkhardt	-14.340723
suspending	-14.340723
falsetto	-14.340723
stillman	-14.340723
foothills	-14.340723
tirelessly	-14.340723
foreskin	-14.340723
citing	-14.340723
soleil	-14.340723
decepticon	-14.340723
presbyterian	-14.340723
calista	-14.340723
sardar	-14.340723
viennese	-14.340723
quirks	-14.340723
theatrics	-14.340723
hubris	-14.340723
hyeong	-14.340723
mayhew	-14.340723
testimonies	-14.340723
abdel	-14.340723
imperfections	-14.340723
sill	-14.340723
creighton	-14.340723
schroeder	-14.340723
niner	-14.340723
pretence	-14.340723
hitching	-14.340723
canes	-14.340723
philistines	-14.340723
booties	-14.340723
unnamed	-14.340723
depp	-14.343202
devdas	-14.343202
espn	-14.343202
sidle	-14.343202
pricked	-14.343202
cred	-14.343202
heimlich	-14.343202
diagnostics	-14.343202
zooming	-14.343202
shackleton	-14.343202
musty	-14.343202
yukio	-14.343202
eased	-14.343202
mandrake	-14.343202
compressor	-14.343202
spontaneity	-14.343202
neapolitan	-14.343202
ayla	-14.343202
signifies	-14.343202
mcgowan	-14.343202
ramble	-14.343202
zoinks	-14.343202
mire	-14.343202
sniffer	-14.343202
cfo	-14.343202
subcommittee	-14.343202
obituaries	-14.343202
dutiful	-14.343202
pursuits	-14.343202
aiko	-14.343202
debutante	-14.343202
channeling	-14.343202
kirsty	-14.345686
wieners	-14.345686
arr	-14.345686
torchwood	-14.345686
dokey	-14.345686
contentment	-14.345686
ventricle	-14.345686
kurosawa	-14.345686
nostril	-14.345686
dyer	-14.345686
jumble	-14.345686
osborn	-14.345686
raggedy	-14.345686
aspiration	-14.345686
hav	-14.345686
exonerate	-14.345686
mears	-14.345686
swivel	-14.345686
cougars	-14.345686
lamppost	-14.345686
jetty	-14.345686
ronon	-14.345686
psalm	-14.345686
marat	-14.345686
bereaved	-14.345686
plucky	-14.345686
hobie	-14.345686
chrissakes	-14.345686
shortages	-14.345686
noblest	-14.345686
margene	-14.345686
homeowner	-14.345686
gyeong	-14.345686
untidy	-14.345686
romy	-14.345686
northumberland	-14.345686
illustration	-14.345686
wading	-14.345686
cassettes	-14.345686
tosa	-14.348177
gentler	-14.348177
fixture	-14.348177
lovelier	-14.348177
travolta	-14.348177
dali	-14.348177
kfc	-14.348177
centimeter	-14.348177
martins	-14.348177
openness	-14.348177
octavio	-14.348177
mou	-14.348177
harlee	-14.348177
godly	-14.348177
polymer	-14.348177
cervix	-14.348177
tumbled	-14.348177
gato	-14.348177
shuttles	-14.348177
thrived	-14.348177
realty	-14.348177
fentanyl	-14.348177
pena	-14.348177
sanju	-14.348177
garbo	-14.348177
trudi	-14.348177
pariah	-14.348177
cameo	-14.348177
pyongyang	-14.348177
bilge	-14.348177
ruskin	-14.348177
inflicting	-14.348177
embezzled	-14.348177
numero	-14.348177
colliding	-14.348177
pings	-14.348177
tinkering	-14.348177
phooey	-14.348177
tempura	-14.348177
littering	-14.348177
babel	-14.348177
creeped	-14.348177
monarchs	-14.348177
mook	-14.350674
tuts	-14.350674
gare	-14.350674
emancipated	-14.350674
laguna	-14.350674
bellboy	-14.350674
roosters	-14.350674
daylights	-14.350674
concocted	-14.350674
shockingly	-14.350674
unsupervised	-14.350674
hara	-14.350674
marthe	-14.350674
fuego	-14.350674
stipend	-14.350674
guang	-14.350674
boasted	-14.350674
sinuses	-14.350674
habitual	-14.350674
toussaint	-14.350674
synchronize	-14.350674
moonbase	-14.350674
kringle	-14.350674
aboriginal	-14.350674
spiking	-14.350674
migrant	-14.350674
methodology	-14.350674
watertight	-14.350674
seance	-14.350674
playfully	-14.350674
tester	-14.350674
obelisk	-14.350674
loopy	-14.350674
elude	-14.350674
blare	-14.350674
winn	-14.350674
molds	-14.350674
mahler	-14.350674
ponzi	-14.350674
pappa	-14.350674
janos	-14.350674
retrieving	-14.350674
dogma	-14.350674
kenichi	-14.353177
purr	-14.353177
underside	-14.353177
normans	-14.353177
marquesa	-14.353177
racists	-14.353177
cady	-14.353177
levers	-14.353177
eyesore	-14.353177
aguilar	-14.353177
pees	-14.353177
colbyco	-14.353177
sidetracked	-14.353177
tactful	-14.353177
entreat	-14.353177
flor	-14.353177
alphaff	-14.353177
dialog	-14.353177
toenail	-14.353177
degas	-14.353177
shredding	-14.353177
neutrons	-14.353177
pantheon	-14.353177
numbness	-14.353177
danville	-14.353177
eton	-14.353177
annoyance	-14.353177
wildcats	-14.353177
mok	-14.353177
lob	-14.353177
ply	-14.353177
yessir	-14.353177
moderately	-14.353177
waah	-14.353177
blane	-14.353177
brinkley	-14.353177
eyelash	-14.353177
airy	-14.353177
swanky	-14.355686
irritates	-14.355686
coupling	-14.355686
yamashita	-14.355686
blye	-14.355686
barnum	-14.355686
amiga	-14.355686
hubba	-14.355686
antsy	-14.355686
sherif	-14.355686
rednecks	-14.355686
hagan	-14.355686
seventies	-14.355686
primer	-14.355686
hotchner	-14.355686
ao	-14.355686
institutionalized	-14.355686
paragon	-14.355686
broderick	-14.355686
canst	-14.355686
tran	-14.355686
elinor	-14.355686
hadrian	-14.355686
peugeot	-14.355686
displeasure	-14.355686
lynching	-14.355686
snowboarding	-14.355686
linebacker	-14.355686
inanimate	-14.355686
assertive	-14.355686
hargrove	-14.355686
zim	-14.355686
jiao	-14.355686
peppy	-14.355686
blackwood	-14.355686
assortment	-14.355686
minty	-14.355686
penner	-14.355686
gung	-14.355686
warleggan	-14.355686
habeas	-14.355686
parton	-14.358202
blab	-14.358202
nationalists	-14.358202
meir	-14.358202
fonda	-14.358202
billa	-14.358202
chekhov	-14.358202
chambermaid	-14.358202
kernel	-14.358202
creatively	-14.358202
ducktales	-14.358202
gillette	-14.358202
brazilians	-14.358202
saws	-14.358202
directorate	-14.358202
clockwise	-14.358202
hamsters	-14.358202
soulmate	-14.358202
doraemon	-14.358202
hoy	-14.358202
mingling	-14.358202
bryson	-14.358202
collared	-14.358202
slurp	-14.358202
didem	-14.358202
southerners	-14.358202
gayatri	-14.358202
woong	-14.358202
kree	-14.358202
boden	-14.358202
denning	-14.358202
alvey	-14.358202
capitan	-14.358202
triangular	-14.358202
evoke	-14.358202
unfolds	-14.358202
muskets	-14.358202
joyride	-14.358202
ethanol	-14.358202
contemplation	-14.358202
sabu	-14.358202
foursome	-14.358202
eventual	-14.358202
femininity	-14.358202
toke	-14.358202
apartheid	-14.358202
gunvald	-14.358202
munni	-14.358202
leakage	-14.358202
welder	-14.358202
stallone	-14.358202
snuffed	-14.360724
imf	-14.360724
pushkin	-14.360724
heady	-14.360724
coleslaw	-14.360724
tay	-14.360724
horoscopes	-14.360724
tropic	-14.360724
counterfeiting	-14.360724
organisations	-14.360724
anyhoo	-14.360724
littlest	-14.360724
limitation	-14.360724
diarrhoea	-14.360724
aggravation	-14.360724
unsavory	-14.360724
yagami	-14.360724
pogo	-14.360724
clinch	-14.360724
complexes	-14.360724
atwater	-14.360724
yash	-14.360724
mijo	-14.360724
radial	-14.360724
retaining	-14.360724
congestion	-14.360724
bringin	-14.360724
werert	-14.360724
inconsistencies	-14.360724
plush	-14.360724
ruthlessly	-14.360724
labourers	-14.360724
rainey	-14.363252
sift	-14.363252
valour	-14.363252
basta	-14.363252
kinsey	-14.363252
tankers	-14.363252
enacted	-14.363252
macpherson	-14.363252
smoothies	-14.363252
caprica	-14.363252
tingly	-14.363252
murderess	-14.363252
dez	-14.363252
kristi	-14.363252
mcmahon	-14.363252
sissies	-14.363252
zipping	-14.363252
euthanasia	-14.363252
fondle	-14.363252
roshan	-14.363252
dispel	-14.363252
belay	-14.363252
naoki	-14.363252
eustace	-14.363252
motorboat	-14.363252
sullen	-14.363252
dior	-14.363252
kerem	-14.363252
bordering	-14.363252
doherty	-14.363252
curie	-14.363252
testy	-14.363252
sagar	-14.363252
raffaele	-14.363252
throes	-14.363252
mccullough	-14.363252
unnerving	-14.363252
herding	-14.363252
lemurs	-14.363252
exposes	-14.363252
huo	-14.363252
badlands	-14.363252
uncouth	-14.365787
disposing	-14.365787
destruct	-14.365787
evers	-14.365787
intubation	-14.365787
twitchy	-14.365787
malfunctioned	-14.365787
cuddles	-14.365787
idyllic	-14.365787
narf	-14.365787
meaty	-14.365787
paddington	-14.365787
typo	-14.365787
hereto	-14.365787
slider	-14.365787
affluent	-14.365787
cappella	-14.365787
wiggling	-14.365787
medicare	-14.365787
teething	-14.365787
sinha	-14.365787
invoked	-14.365787
kuo	-14.365787
swordfish	-14.365787
willem	-14.365787
christmastime	-14.365787
dumas	-14.365787
whiting	-14.365787
reiterate	-14.365787
dulles	-14.365787
dawdle	-14.365787
nene	-14.365787
orac	-14.365787
reliability	-14.368328
sear	-14.368328
bookings	-14.368328
tapas	-14.368328
witherspoon	-14.368328
template	-14.368328
prissy	-14.368328
adaptable	-14.368328
advertisers	-14.368328
quotas	-14.368328
treble	-14.368328
sneaker	-14.368328
administering	-14.368328
perils	-14.368328
mowed	-14.368328
boldness	-14.368328
nettles	-14.368328
tattooing	-14.368328
grouch	-14.368328
rallied	-14.368328
telford	-14.368328
gump	-14.368328
merde	-14.368328
kroll	-14.368328
jeopardizing	-14.368328
trafficker	-14.368328
nong	-14.368328
malnutrition	-14.368328
groundhog	-14.368328
jaya	-14.368328
nutritional	-14.368328
contemptible	-14.368328
dykes	-14.368328
resuscitation	-14.368328
toi	-14.368328
gaetano	-14.368328
bales	-14.368328
calderon	-14.368328
mews	-14.370876
hollander	-14.370876
awkwardness	-14.370876
redeemer	-14.370876
diplomas	-14.370876
hilliard	-14.370876
veda	-14.370876
nightlife	-14.370876
gnocchi	-14.370876
tipper	-14.370876
farber	-14.370876
balkan	-14.370876
emigrate	-14.370876
knighthood	-14.370876
kathie	-14.370876
desai	-14.370876
migrated	-14.370876
dominus	-14.370876
octavian	-14.370876
matsuda	-14.370876
namesake	-14.370876
weepy	-14.370876
shiner	-14.370876
grifter	-14.370876
basking	-14.370876
opa	-14.370876
adolfo	-14.370876
sagittarius	-14.370876
smurfs	-14.370876
censored	-14.370876
wares	-14.370876
memorizing	-14.370876
seabed	-14.370876
weasels	-14.370876
councilwoman	-14.370876
nationalism	-14.370876
hsu	-14.370876
technodrome	-14.370876
handball	-14.370876
mayumi	-14.370876
pacifier	-14.370876
magnificence	-14.373431
atheists	-14.373431
zbz	-14.373431
paine	-14.373431
embankment	-14.373431
upgrades	-14.373431
outed	-14.373431
siphon	-14.373431
shoals	-14.373431
kilometre	-14.373431
neutrality	-14.373431
rhade	-14.373431
radishes	-14.373431
bas	-14.373431
coined	-14.373431
sequins	-14.373431
baudelaire	-14.373431
impersonator	-14.373431
concoction	-14.373431
incessant	-14.373431
whirling	-14.373431
chevrolet	-14.373431
menstrual	-14.373431
nesbitt	-14.373431
ven	-14.373431
ogling	-14.373431
trig	-14.373431
mauricio	-14.373431
kaylee	-14.373431
tylenol	-14.373431
hectares	-14.373431
spiro	-14.373431
lynched	-14.373431
glorify	-14.373431
pl	-14.375991
soraya	-14.375991
triumphed	-14.375991
masking	-14.375991
prolific	-14.375991
mutts	-14.375991
magoo	-14.375991
lectured	-14.375991
thirteenth	-14.375991
protege	-14.375991
lobbyist	-14.375991
directs	-14.375991
impressing	-14.375991
plantagenet	-14.375991
jakes	-14.375991
furies	-14.375991
flatmate	-14.375991
taki	-14.375991
meta	-14.375991
recuperate	-14.375991
crossover	-14.375991
lyrical	-14.375991
shunt	-14.375991
forsythe	-14.375991
youll	-14.375991
jesuit	-14.375991
arrgh	-14.375991
concord	-14.375991
silvana	-14.375991
yeogu	-14.375991
durand	-14.375991
tivo	-14.375991
shopped	-14.375991
blacklisted	-14.375991
unsatisfied	-14.375991
infantile	-14.375991
niang	-14.375991
decadence	-14.375991
motherless	-14.375991
unbridled	-14.375991
momoko	-14.375991
backlash	-14.375991
leftist	-14.378559
myspace	-14.378559
acronym	-14.378559
clots	-14.378559
lorries	-14.378559
barometer	-14.378559
raucous	-14.378559
mournful	-14.378559
redheaded	-14.378559
swerved	-14.378559
peeked	-14.378559
lundy	-14.378559
ovulating	-14.378559
obelix	-14.378559
energon	-14.378559
ferg	-14.378559
dermatologist	-14.378559
murtaugh	-14.378559
daniele	-14.378559
mahdi	-14.378559
antwon	-14.378559
naga	-14.378559
kaze	-14.378559
duvall	-14.378559
stilts	-14.378559
assimilate	-14.378559
grieved	-14.378559
fermented	-14.378559
siddhu	-14.378559
occupant	-14.378559
ala	-14.378559
derivatives	-14.378559
spectacularly	-14.378559
narrate	-14.378559
reenactment	-14.378559
gwi	-14.378559
palma	-14.378559
goren	-14.378559
krakow	-14.378559
quiero	-14.378559
machiavelli	-14.378559
laney	-14.378559
chitti	-14.378559
pistons	-14.381133
bumming	-14.381133
rawlins	-14.381133
swordsmanship	-14.381133
pennant	-14.381133
dillinger	-14.381133
marooned	-14.381133
storehouse	-14.381133
crouching	-14.381133
pernell	-14.381133
storybook	-14.381133
hickok	-14.381133
mailer	-14.381133
dl	-14.381133
sandstone	-14.381133
gault	-14.381133
mouch	-14.381133
emanating	-14.381133
godard	-14.381133
sidewalks	-14.381133
breadth	-14.381133
baywatch	-14.381133
synergy	-14.381133
labelled	-14.381133
coexist	-14.381133
rasta	-14.381133
ashleigh	-14.381133
coldness	-14.381133
crais	-14.381133
orthopedic	-14.381133
quimby	-14.381133
workhouse	-14.381133
panics	-14.381133
brainwash	-14.381133
perplexed	-14.381133
hustled	-14.381133
untill	-14.381133
muldoon	-14.381133
anni	-14.381133
dinesh	-14.383713
tish	-14.383713
tosses	-14.383713
specializing	-14.383713
tiller	-14.383713
newfoundland	-14.383713
medellin	-14.383713
causeway	-14.383713
midlands	-14.383713
vouched	-14.383713
extraordinaire	-14.383713
natsumi	-14.383713
scarab	-14.383713
illumination	-14.383713
barns	-14.383713
argo	-14.383713
chunghae	-14.383713
oddball	-14.383713
larsson	-14.383713
emo	-14.383713
reprehensible	-14.383713
pips	-14.383713
convoys	-14.383713
gunderson	-14.383713
mutter	-14.383713
dijon	-14.383713
muthu	-14.383713
diocese	-14.383713
bartenders	-14.383713
licensing	-14.383713
restful	-14.383713
workup	-14.383713
getcha	-14.383713
scotsman	-14.383713
sycamore	-14.383713
reappeared	-14.383713
malay	-14.383713
jami	-14.383713
poppers	-14.383713
backhand	-14.383713
lawnmower	-14.383713
cleric	-14.386301
kickoff	-14.386301
bethesda	-14.386301
numerical	-14.386301
cordy	-14.386301
watermelons	-14.386301
carnivorous	-14.386301
guadalcanal	-14.386301
governmental	-14.386301
endures	-14.386301
wellness	-14.386301
boeing	-14.386301
sher	-14.386301
tamer	-14.386301
certification	-14.386301
reminiscing	-14.386301
omo	-14.386301
sul	-14.386301
sunder	-14.386301
shire	-14.386301
bludgeoned	-14.386301
futility	-14.386301
halliday	-14.386301
alli	-14.386301
keita	-14.386301
cla	-14.386301
impervious	-14.386301
yukawa	-14.386301
weiner	-14.386301
paltry	-14.386301
jemma	-14.386301
skeet	-14.386301
unreachable	-14.386301
analytical	-14.386301
fruitless	-14.386301
corsage	-14.386301
bangin	-14.386301
rife	-14.386301
masquerading	-14.386301
kt	-14.386301
bullfighter	-14.386301
graced	-14.386301
bookshelf	-14.386301
toxicity	-14.386301
taxation	-14.386301
subsidies	-14.386301
barron	-14.386301
camcorder	-14.388895
tamra	-14.388895
kneecap	-14.388895
perforated	-14.388895
wrinkly	-14.388895
armenians	-14.388895
gaudy	-14.388895
lesion	-14.388895
nibbling	-14.388895
macao	-14.388895
nss	-14.388895
perfecting	-14.388895
amicable	-14.388895
veera	-14.388895
claustrophobia	-14.388895
periodically	-14.388895
pennington	-14.388895
prado	-14.388895
zuko	-14.388895
carats	-14.388895
notoriety	-14.388895
fungi	-14.388895
nev	-14.388895
landau	-14.388895
nzt	-14.388895
aggravating	-14.388895
doused	-14.388895
toothbrushes	-14.388895
immersion	-14.388895
afis	-14.388895
skeletal	-14.388895
beatty	-14.388895
bhagat	-14.388895
scents	-14.388895
mitya	-14.388895
endowment	-14.388895
bookworm	-14.388895
vertically	-14.388895
pelant	-14.388895
prioritize	-14.388895
luciana	-14.388895
loman	-14.388895
bancroft	-14.388895
intermediary	-14.388895
myeong	-14.388895
firestorm	-14.388895
centerpiece	-14.388895
proprietary	-14.391496
jayden	-14.391496
hindrance	-14.391496
biologists	-14.391496
obscenity	-14.391496
mothra	-14.391496
dake	-14.391496
retires	-14.391496
meridian	-14.391496
oboe	-14.391496
blurt	-14.391496
tallahassee	-14.391496
inflammatory	-14.391496
coochie	-14.391496
treatable	-14.391496
hubbub	-14.391496
fractions	-14.391496
entail	-14.391496
narrowing	-14.391496
tetsuo	-14.391496
lida	-14.391496
festering	-14.391496
wetter	-14.391496
stumbles	-14.391496
battleground	-14.391496
pantomime	-14.391496
voracious	-14.391496
fleshy	-14.391496
hamada	-14.391496
traverse	-14.391496
repose	-14.391496
stimulates	-14.391496
madhuri	-14.391496
decontamination	-14.391496
clapton	-14.391496
peering	-14.391496
foust	-14.391496
remiss	-14.391496
omi	-14.391496
nauseating	-14.391496
underfoot	-14.391496
discredited	-14.391496
acquisitions	-14.391496
magnanimous	-14.391496
slovak	-14.391496
ishikawa	-14.391496
tenement	-14.391496
karine	-14.391496
derive	-14.391496
reiner	-14.391496
schoolgirls	-14.394103
hilltop	-14.394103
soared	-14.394103
palle	-14.394103
cotillion	-14.394103
poplar	-14.394103
radford	-14.394103
depressive	-14.394103
underlined	-14.394103
bib	-14.394103
stroked	-14.394103
separatist	-14.394103
mothefrucker	-14.394103
lynx	-14.394103
nudes	-14.394103
tectonic	-14.394103
danforth	-14.394103
crixus	-14.394103
empirical	-14.394103
eunuchs	-14.394103
oregano	-14.394103
inhospitable	-14.394103
ryoko	-14.394103
discerning	-14.394103
kidder	-14.394103
chantelle	-14.394103
gobbling	-14.394103
kodai	-14.394103
acoustics	-14.394103
pecs	-14.394103
schuyler	-14.394103
sunflowers	-14.394103
galvin	-14.394103
tomi	-14.394103
ziegfeld	-14.394103
toyou	-14.394103
dilly	-14.394103
sellin	-14.394103
pittman	-14.394103
incas	-14.394103
lasagne	-14.394103
prototypes	-14.394103
elective	-14.394103
vulgarity	-14.394103
drinkers	-14.396717
moos	-14.396717
mortician	-14.396717
youve	-14.396717
dirtiest	-14.396717
voluptuous	-14.396717
aprons	-14.396717
sibley	-14.396717
gillis	-14.396717
tortoises	-14.396717
leighton	-14.396717
masochist	-14.396717
trilogy	-14.396717
evergreen	-14.396717
transcribed	-14.396717
porta	-14.396717
proletarian	-14.396717
pygmy	-14.396717
endora	-14.396717
bogs	-14.396717
shaka	-14.396717
shetty	-14.396717
fixin	-14.396717
walmart	-14.396717
deities	-14.396717
hovel	-14.396717
lazlo	-14.396717
niklaus	-14.396717
forester	-14.396717
bracken	-14.396717
dickson	-14.396717
yuma	-14.396717
indefinite	-14.396717
matrimonial	-14.396717
fullness	-14.396717
abbi	-14.396717
frey	-14.396717
airwaves	-14.396717
bhabhi	-14.396717
cruises	-14.399339
damper	-14.399339
damnedest	-14.399339
bushy	-14.399339
shizuko	-14.399339
remix	-14.399339
romney	-14.399339
emission	-14.399339
revolutionize	-14.399339
plummet	-14.399339
mojito	-14.399339
rickie	-14.399339
exemption	-14.399339
subways	-14.399339
leticia	-14.399339
carruthers	-14.399339
poser	-14.399339
moomin	-14.399339
impasse	-14.399339
angling	-14.399339
gibby	-14.399339
kronor	-14.399339
mousetrap	-14.399339
cassini	-14.399339
echelon	-14.399339
inconspicuous	-14.399339
skepticism	-14.399339
smoldering	-14.399339
birgitte	-14.399339
undisputed	-14.399339
strikers	-14.399339
penchant	-14.399339
dependence	-14.399339
livery	-14.399339
clucks	-14.399339
adela	-14.399339
roark	-14.399339
blackstone	-14.399339
huffing	-14.399339
infront	-14.399339
iive	-14.399339
viciously	-14.399339
browne	-14.399339
schnitzel	-14.401967
hms	-14.401967
racine	-14.401967
scribble	-14.401967
nobodies	-14.401967
morrissey	-14.401967
pheebs	-14.401967
odile	-14.401967
spic	-14.401967
offed	-14.401967
eiko	-14.401967
atkinson	-14.401967
battlestar	-14.401967
fatherhood	-14.401967
silks	-14.401967
trembled	-14.401967
rudd	-14.401967
balding	-14.401967
trifles	-14.401967
blinky	-14.401967
pres	-14.401967
worshiped	-14.401967
fabrice	-14.401967
isak	-14.401967
knuckleheads	-14.401967
catty	-14.401967
burgled	-14.401967
giddap	-14.401967
yearned	-14.401967
faii	-14.401967
mulcahy	-14.401967
reprimanded	-14.401967
saintly	-14.401967
hedgehogs	-14.404602
alters	-14.404602
natsu	-14.404602
pei	-14.404602
breeland	-14.404602
ack	-14.404602
truer	-14.404602
chesapeake	-14.404602
traitorous	-14.404602
ayn	-14.404602
industrious	-14.404602
agnew	-14.404602
cottages	-14.404602
goings	-14.404602
shari	-14.404602
renegotiate	-14.404602
epicenter	-14.404602
cantaloupe	-14.404602
dapper	-14.404602
sais	-14.404602
upton	-14.404602
sant	-14.404602
perseus	-14.404602
overtaken	-14.404602
nother	-14.404602
millionth	-14.404602
compile	-14.404602
touche	-14.404602
dosed	-14.404602
lightbulb	-14.404602
mourners	-14.404602
desktop	-14.404602
krissi	-14.404602
carcasses	-14.404602
togetherness	-14.404602
listenin	-14.404602
kink	-14.404602
disobedient	-14.404602
packaged	-14.404602
selby	-14.404602
gables	-14.404602
enterprising	-14.404602
leaped	-14.404602
gentlemanly	-14.404602
wry	-14.407244
hippopotamus	-14.407244
discrepancies	-14.407244
hashimoto	-14.407244
rowland	-14.407244
kawasaki	-14.407244
margarine	-14.407244
parameter	-14.407244
mahmut	-14.407244
router	-14.407244
convinces	-14.407244
applesauce	-14.407244
ills	-14.407244
agra	-14.407244
confidentially	-14.407244
rydell	-14.407244
nunnery	-14.407244
regaining	-14.407244
aground	-14.407244
pah	-14.407244
mcdeere	-14.407244
sommers	-14.407244
abducting	-14.407244
insulated	-14.407244
unwritten	-14.407244
respectability	-14.407244
rooming	-14.407244
mirrored	-14.407244
fishin	-14.407244
suman	-14.407244
quay	-14.407244
recoil	-14.407244
brash	-14.407244
dweeb	-14.407244
iearn	-14.407244
palpable	-14.407244
shanty	-14.407244
gatekeeper	-14.407244
recreated	-14.407244
insemination	-14.409893
mojave	-14.409893
schoolhouse	-14.409893
figurines	-14.409893
elongated	-14.409893
lifestyles	-14.409893
boos	-14.409893
adoration	-14.409893
quoi	-14.409893
virginie	-14.409893
strictest	-14.409893
oiled	-14.409893
mics	-14.409893
continual	-14.409893
teacup	-14.409893
fertilized	-14.409893
hertz	-14.409893
manet	-14.409893
matte	-14.409893
scrapped	-14.409893
spaulding	-14.409893
inventors	-14.409893
mendel	-14.409893
baiting	-14.409893
mobilization	-14.409893
jeannette	-14.409893
beady	-14.409893
screamer	-14.409893
faker	-14.409893
weighted	-14.409893
adjective	-14.409893
stupor	-14.409893
intensified	-14.409893
sleaze	-14.409893
randal	-14.409893
stimulant	-14.409893
nis	-14.409893
cl	-14.409893
grigory	-14.409893
mitigating	-14.409893
tosca	-14.409893
pillage	-14.409893
financier	-14.409893
headquarter	-14.409893
naidu	-14.409893
talons	-14.409893
reruns	-14.409893
whither	-14.409893
babysitters	-14.412549
saori	-14.412549
maison	-14.412549
noting	-14.412549
pio	-14.412549
geared	-14.412549
af	-14.412549
sunup	-14.412549
cheshire	-14.412549
parr	-14.412549
pulley	-14.412549
pled	-14.412549
fringes	-14.412549
grasshoppers	-14.412549
stupider	-14.412549
unending	-14.412549
morpheus	-14.412549
hondo	-14.412549
comprised	-14.412549
cohesive	-14.412549
sigrid	-14.412549
belgians	-14.412549
jilly	-14.412549
juli	-14.412549
infer	-14.412549
trifling	-14.412549
nursemaid	-14.412549
mens	-14.412549
magenta	-14.412549
justly	-14.412549
stuttgart	-14.412549
diya	-14.412549
roadie	-14.412549
disabilities	-14.415212
armoury	-14.415212
ogami	-14.415212
lyme	-14.415212
yeow	-14.415212
norwood	-14.415212
onlookers	-14.415212
sizeable	-14.415212
martel	-14.415212
taxing	-14.415212
arseholes	-14.415212
foxxy	-14.415212
somersault	-14.415212
clings	-14.415212
backups	-14.415212
mocks	-14.415212
snitched	-14.415212
clamped	-14.415212
michi	-14.415212
scamming	-14.415212
tucking	-14.415212
sumptuous	-14.415212
doodles	-14.415212
unlicensed	-14.415212
grandest	-14.415212
flagg	-14.415212
jerseys	-14.415212
steers	-14.415212
autobot	-14.415212
councils	-14.415212
sebastien	-14.415212
volley	-14.415212
advocating	-14.415212
bestest	-14.415212
varma	-14.415212
infiltrating	-14.415212
grounding	-14.415212
reclaimed	-14.415212
macedonia	-14.415212
ajar	-14.415212
ramone	-14.415212
drawbridge	-14.415212
brahmin	-14.415212
lucca	-14.415212
writhing	-14.415212
momento	-14.415212
pisces	-14.417882
refueling	-14.417882
nonviolent	-14.417882
ua	-14.417882
shil	-14.417882
manoeuvres	-14.417882
queuing	-14.417882
jovi	-14.417882
saratoga	-14.417882
hieroglyphics	-14.417882
magi	-14.417882
tentative	-14.417882
ml	-14.417882
reprisals	-14.417882
sethu	-14.417882
dividends	-14.417882
nietzschean	-14.417882
scammed	-14.417882
taub	-14.417882
graeme	-14.417882
quinlan	-14.417882
cilla	-14.417882
subliminal	-14.417882
disapproval	-14.417882
grug	-14.417882
oahu	-14.417882
fenwick	-14.417882
manju	-14.417882
ebb	-14.417882
sidebar	-14.417882
eclair	-14.417882
purdy	-14.417882
iffy	-14.417882
manifested	-14.417882
promotes	-14.417882
reminiscent	-14.417882
unveiled	-14.417882
choral	-14.417882
hernando	-14.417882
pattering	-14.417882
grendel	-14.417882
gallivanting	-14.417882
bosh	-14.417882
matchbox	-14.417882
probate	-14.417882
zipped	-14.417882
dissected	-14.417882
gae	-14.417882
mammoths	-14.417882
magnify	-14.417882
marlboro	-14.420560
scaled	-14.420560
gallbladder	-14.420560
madea	-14.420560
asami	-14.420560
waring	-14.420560
vapour	-14.420560
floorboard	-14.420560
dismantling	-14.420560
tippi	-14.420560
bak	-14.420560
zords	-14.420560
fuckhead	-14.420560
snide	-14.420560
squabbling	-14.420560
rescues	-14.420560
cropped	-14.420560
roams	-14.420560
het	-14.420560
boosting	-14.420560
sikh	-14.420560
yadda	-14.420560
roadkill	-14.420560
modesto	-14.420560
kant	-14.420560
restlessness	-14.420560
conti	-14.420560
khurana	-14.420560
telecom	-14.420560
ellingham	-14.420560
tierney	-14.420560
noreen	-14.420560
mohini	-14.420560
flaherty	-14.420560
conch	-14.420560
inescapable	-14.420560
rc	-14.420560
steeped	-14.423244
hilde	-14.423244
diluted	-14.423244
orangutan	-14.423244
progeny	-14.423244
busybody	-14.423244
clawing	-14.423244
dreyfuss	-14.423244
vacancies	-14.423244
conquerors	-14.423244
tra	-14.423244
beheading	-14.423244
annapolis	-14.423244
cogs	-14.423244
chatterbox	-14.423244
grossman	-14.423244
annually	-14.423244
farewells	-14.423244
jarrett	-14.423244
glossy	-14.423244
tama	-14.423244
traumas	-14.423244
lieut	-14.423244
jeweller	-14.423244
braden	-14.423244
hennessey	-14.423244
medley	-14.423244
slugged	-14.423244
paraphernalia	-14.423244
departmental	-14.423244
squealed	-14.423244
jabba	-14.423244
counterparts	-14.423244
snapshots	-14.423244
kneecaps	-14.423244
belligerent	-14.423244
fissure	-14.425936
puppeteer	-14.425936
costanza	-14.425936
orestes	-14.425936
rosanna	-14.425936
allotment	-14.425936
sincerest	-14.425936
transcends	-14.425936
gagarin	-14.425936
djinn	-14.425936
cancun	-14.425936
fuselage	-14.425936
wembley	-14.425936
abuser	-14.425936
capers	-14.425936
propel	-14.425936
murderface	-14.425936
shortstop	-14.425936
mathew	-14.425936
mima	-14.425936
showman	-14.425936
popper	-14.425936
kumbaya	-14.425936
transgressions	-14.425936
buyin	-14.425936
pensioners	-14.425936
brimming	-14.425936
soya	-14.425936
windowsill	-14.425936
methamphetamine	-14.425936
unquote	-14.425936
marky	-14.425936
noun	-14.425936
rouen	-14.425936
gerber	-14.425936
baguette	-14.425936
patter	-14.425936
mediate	-14.425936
patties	-14.425936
kita	-14.425936
eugenio	-14.425936
ponderosa	-14.425936
hows	-14.425936
bedridden	-14.425936
imperialist	-14.425936
behest	-14.425936
ourself	-14.425936
originate	-14.425936
squalor	-14.425936
canaries	-14.425936
arraigned	-14.425936
endangerment	-14.428635
messaging	-14.428635
tethered	-14.428635
thrifty	-14.428635
vash	-14.428635
adnan	-14.428635
buongiorno	-14.428635
hyperdrive	-14.428635
backwoods	-14.428635
catered	-14.428635
formulate	-14.428635
lovell	-14.428635
croaks	-14.428635
uncooperative	-14.428635
craved	-14.428635
thankless	-14.428635
antennae	-14.428635
carabinieri	-14.428635
snazzy	-14.428635
refrigeration	-14.428635
inert	-14.428635
gamekeeper	-14.428635
textures	-14.428635
argentinean	-14.428635
skirmish	-14.428635
specialties	-14.428635
ela	-14.428635
holiest	-14.428635
ganesha	-14.428635
manservant	-14.428635
verdun	-14.428635
cheech	-14.428635
mariel	-14.428635
intermediate	-14.428635
parkman	-14.428635
nips	-14.428635
palpitations	-14.428635
jacinto	-14.428635
spans	-14.428635
emanuel	-14.431341
vivaldi	-14.431341
polarity	-14.431341
smokescreen	-14.431341
smudged	-14.431341
adriano	-14.431341
collaborated	-14.431341
skimmed	-14.431341
unrecognizable	-14.431341
overzealous	-14.431341
rea	-14.431341
ariane	-14.431341
freer	-14.431341
mannequins	-14.431341
mclane	-14.431341
nk	-14.431341
kraken	-14.431341
shekels	-14.431341
gauls	-14.431341
biotech	-14.431341
sterilized	-14.431341
pressurized	-14.431341
scattering	-14.431341
ziegler	-14.431341
assange	-14.431341
naz	-14.431341
jeopardized	-14.431341
consoling	-14.431341
appointing	-14.431341
wiper	-14.431341
harping	-14.431341
carmelo	-14.431341
cinemas	-14.431341
midland	-14.431341
petticoat	-14.431341
broyles	-14.431341
flippin	-14.431341
harrowing	-14.431341
tearful	-14.434055
clavin	-14.434055
truest	-14.434055
kwun	-14.434055
cleft	-14.434055
wray	-14.434055
malware	-14.434055
kanzaki	-14.434055
riverdale	-14.434055
bream	-14.434055
justifiable	-14.434055
fretting	-14.434055
frowning	-14.434055
potomac	-14.434055
sten	-14.434055
barked	-14.434055
cancels	-14.434055
homeowners	-14.434055
fiendish	-14.434055
shinobu	-14.434055
notwithstanding	-14.434055
redskins	-14.434055
voyeur	-14.434055
havers	-14.434055
chronos	-14.434055
abilene	-14.434055
auctions	-14.434055
mincemeat	-14.434055
prosthetics	-14.434055
hershey	-14.434055
procured	-14.434055
loathed	-14.434055
decrepit	-14.434055
bly	-14.434055
eventful	-14.434055
shimada	-14.434055
skinheads	-14.434055
petya	-14.434055
oomph	-14.434055
polluting	-14.434055
hochstetter	-14.436776
multiplication	-14.436776
incentives	-14.436776
remarked	-14.436776
phlox	-14.436776
horned	-14.436776
pontius	-14.436776
matchmaking	-14.436776
soma	-14.436776
basements	-14.436776
barmy	-14.436776
stockpile	-14.436776
weavers	-14.436776
meme	-14.436776
hazelnut	-14.436776
mailroom	-14.436776
saturation	-14.436776
ley	-14.436776
sinkhole	-14.436776
greenwood	-14.436776
inertia	-14.436776
impossibly	-14.436776
westward	-14.436776
pff	-14.436776
philistine	-14.436776
gnaw	-14.436776
crepes	-14.436776
paki	-14.436776
geriatric	-14.436776
honorably	-14.436776
lope	-14.436776
toasts	-14.436776
hypertension	-14.436776
puritan	-14.436776
entropy	-14.436776
palo	-14.436776
mili	-14.436776
baring	-14.436776
imprinted	-14.436776
sylar	-14.436776
petter	-14.439505
winks	-14.439505
conditional	-14.439505
marriott	-14.439505
foreseeable	-14.439505
evens	-14.439505
vandalized	-14.439505
garters	-14.439505
flatulence	-14.439505
samira	-14.439505
rusk	-14.439505
designation	-14.439505
raus	-14.439505
shamans	-14.439505
garnett	-14.439505
gunners	-14.439505
captivating	-14.439505
impresses	-14.439505
extravagance	-14.439505
vve	-14.439505
chutes	-14.439505
sphincter	-14.439505
oshin	-14.439505
leprechauns	-14.439505
eben	-14.439505
gsr	-14.439505
pastoral	-14.439505
beaufort	-14.439505
proverbs	-14.439505
bade	-14.439505
shoebox	-14.439505
responsibly	-14.439505
sigurd	-14.439505
rekha	-14.439505
heston	-14.439505
deducted	-14.439505
oncoming	-14.439505
trafalgar	-14.439505
persists	-14.439505
initiatives	-14.439505
listings	-14.439505
wameru	-14.439505
proficient	-14.439505
klondike	-14.439505
kenna	-14.439505
boog	-14.439505
sty	-14.439505
gallantry	-14.439505
dutton	-14.439505
assailants	-14.439505
noboru	-14.442241
duels	-14.442241
forfeited	-14.442241
absolved	-14.442241
advantageous	-14.442241
amps	-14.442241
biochemical	-14.442241
contraception	-14.442241
lago	-14.442241
winkle	-14.442241
crayfish	-14.442241
hotties	-14.442241
obsessions	-14.442241
accumulation	-14.442241
gwendolyn	-14.442241
converter	-14.442241
deuces	-14.442241
percentages	-14.442241
assimilated	-14.442241
swingers	-14.442241
ivanov	-14.442241
cobain	-14.442241
institutional	-14.442241
changeling	-14.442241
vertebra	-14.442241
hoofbeats	-14.442241
sd	-14.442241
machu	-14.442241
romulus	-14.442241
malayalam	-14.442241
peacemaker	-14.442241
plaintiffs	-14.442241
universally	-14.442241
corman	-14.442241
instructing	-14.442241
alissa	-14.442241
ladylike	-14.442241
loveable	-14.442241
humps	-14.442241
rien	-14.442241
ea	-14.442241
turnbull	-14.442241
raza	-14.442241
forster	-14.442241
pentagram	-14.442241
familial	-14.442241
salutes	-14.442241
separatists	-14.442241
transistor	-14.442241
mirai	-14.442241
therapies	-14.444984
sensibly	-14.444984
spandex	-14.444984
sinker	-14.444984
incur	-14.444984
decomposed	-14.444984
informally	-14.444984
trollop	-14.444984
metz	-14.444984
pandemonium	-14.444984
marconi	-14.444984
telltale	-14.444984
mcclane	-14.444984
jesper	-14.444984
commissioners	-14.444984
rosenthal	-14.444984
guggenheim	-14.444984
detrimental	-14.444984
mavericks	-14.444984
jogger	-14.444984
overdressed	-14.444984
narco	-14.444984
deniz	-14.444984
pageants	-14.444984
aldrin	-14.444984
monti	-14.444984
diy	-14.444984
tanzania	-14.444984
coolers	-14.444984
paratroopers	-14.444984
bbq	-14.444984
lydecker	-14.444984
nomine	-14.444984
concentrations	-14.444984
dorn	-14.444984
lada	-14.444984
gwyneth	-14.444984
escalade	-14.444984
grandsons	-14.444984
ame	-14.444984
manipulator	-14.444984
dustbin	-14.444984
excavations	-14.444984
edu	-14.444984
tornadoes	-14.444984
saxons	-14.444984
cantina	-14.444984
kindling	-14.444984
rothstein	-14.444984
beggin	-14.444984
toulon	-14.447735
undocumented	-14.447735
barges	-14.447735
hypnotist	-14.447735
photons	-14.447735
inappropriately	-14.447735
certify	-14.447735
naru	-14.447735
amira	-14.447735
thorny	-14.447735
rosco	-14.447735
colosseum	-14.447735
diggin	-14.447735
twiki	-14.447735
electrocution	-14.447735
lulla	-14.447735
compatibility	-14.447735
rudnick	-14.447735
mccluskey	-14.447735
beauregard	-14.447735
seething	-14.447735
herschel	-14.447735
dents	-14.447735
infertile	-14.447735
hundredth	-14.447735
crone	-14.447735
nantucket	-14.447735
hardman	-14.447735
profanity	-14.447735
savi	-14.447735
flan	-14.447735
pledging	-14.447735
pickett	-14.447735
narrowly	-14.447735
harpy	-14.447735
refine	-14.447735
prohibits	-14.447735
quartered	-14.447735
rushmore	-14.447735
boyhood	-14.447735
implosion	-14.447735
aguirre	-14.447735
dorota	-14.447735
ethically	-14.447735
oni	-14.447735
leaflet	-14.447735
nyang	-14.447735
troi	-14.447735
bylaws	-14.447735
corinthians	-14.447735
jogi	-14.447735
parakeet	-14.447735
guppy	-14.447735
pandemic	-14.447735
mobsters	-14.450494
tendons	-14.450494
keynote	-14.450494
recreating	-14.450494
minori	-14.450494
vacuuming	-14.450494
characterize	-14.450494
salam	-14.450494
requiem	-14.450494
ragtime	-14.450494
stoney	-14.450494
biddy	-14.450494
pum	-14.450494
terminus	-14.450494
barrio	-14.450494
hy	-14.450494
octavius	-14.450494
majid	-14.450494
knockouts	-14.450494
boleyn	-14.450494
stapleton	-14.450494
placid	-14.450494
sirree	-14.450494
clio	-14.450494
nymphomaniac	-14.450494
excommunicated	-14.450494
bosoms	-14.450494
agata	-14.450494
qiao	-14.450494
lyra	-14.450494
hysterics	-14.450494
girlish	-14.450494
inhumans	-14.450494
misdeeds	-14.450494
racquetball	-14.450494
amassed	-14.450494
motherly	-14.450494
vicarage	-14.450494
pyotr	-14.450494
unchecked	-14.450494
turnpike	-14.450494
eroded	-14.450494
effeminate	-14.450494
neely	-14.453260
deane	-14.453260
extravaganza	-14.453260
optimum	-14.453260
gad	-14.453260
tet	-14.453260
substation	-14.453260
decomposing	-14.453260
topaz	-14.453260
depiction	-14.453260
pregnancies	-14.453260
ponch	-14.453260
agrippina	-14.453260
gargoyles	-14.453260
dimaggio	-14.453260
fontana	-14.453260
pediatrics	-14.453260
grandmama	-14.453260
mcveigh	-14.453260
dueling	-14.453260
colic	-14.453260
implementation	-14.453260
overthrown	-14.453260
administrators	-14.453260
gobi	-14.453260
dwindling	-14.453260
diggle	-14.453260
ptolemy	-14.453260
earle	-14.453260
omnipotent	-14.453260
goss	-14.453260
mites	-14.453260
chia	-14.453260
gelatin	-14.453260
nought	-14.453260
localized	-14.453260
leery	-14.453260
skittish	-14.453260
collie	-14.453260
graceland	-14.453260
xiv	-14.453260
sulfuric	-14.453260
marten	-14.453260
abnormality	-14.453260
legwork	-14.453260
trawler	-14.456034
apprised	-14.456034
wilds	-14.456034
harkness	-14.456034
christendom	-14.456034
guidebook	-14.456034
prophetic	-14.456034
bakes	-14.456034
offhand	-14.456034
brixton	-14.456034
jeffers	-14.456034
weathered	-14.456034
forties	-14.456034
cohn	-14.456034
hydrate	-14.456034
ativan	-14.456034
uncontrolled	-14.456034
ceres	-14.456034
yumiko	-14.456034
boozer	-14.456034
flounder	-14.456034
motorbikes	-14.456034
munson	-14.456034
enact	-14.456034
shatner	-14.456034
breton	-14.456034
menial	-14.456034
grasslands	-14.456034
bode	-14.456034
crucible	-14.456034
caputo	-14.456034
lookee	-14.456034
gena	-14.456034
jemaine	-14.456034
pruning	-14.458816
doobie	-14.458816
overestimate	-14.458816
meathead	-14.458816
drywall	-14.458816
foolhardy	-14.458816
brownstone	-14.458816
basra	-14.458816
bilateral	-14.458816
aggressor	-14.458816
uppercut	-14.458816
anorexic	-14.458816
bem	-14.458816
slouch	-14.458816
videotaped	-14.458816
cadavers	-14.458816
lunge	-14.458816
callback	-14.458816
battlefields	-14.458816
sifting	-14.458816
buffaloes	-14.458816
michio	-14.458816
acorns	-14.458816
scouted	-14.458816
snitches	-14.458816
squarely	-14.458816
fragmented	-14.458816
parley	-14.458816
catatonic	-14.458816
trippy	-14.458816
cadfael	-14.458816
reshma	-14.458816
yuppie	-14.458816
unprovoked	-14.458816
knowthat	-14.458816
effortless	-14.458816
resounding	-14.458816
cymbals	-14.458816
narcissism	-14.458816
denham	-14.458816
elkins	-14.458816
reciprocate	-14.458816
seminal	-14.458816
smartphone	-14.458816
aisles	-14.458816
ingmar	-14.461605
knotted	-14.461605
yucky	-14.461605
schematic	-14.461605
karlsson	-14.461605
carpeting	-14.461605
katharina	-14.461605
styrofoam	-14.461605
whosoever	-14.461605
ingest	-14.461605
montrose	-14.461605
precautionary	-14.461605
coursing	-14.461605
neurosis	-14.461605
skint	-14.461605
allyson	-14.461605
amita	-14.461605
dolt	-14.461605
fervent	-14.461605
upheld	-14.461605
pablito	-14.461605
ilse	-14.461605
tacks	-14.461605
wonky	-14.461605
kronos	-14.461605
franca	-14.461605
sikander	-14.461605
variance	-14.461605
yoichi	-14.461605
jeffersonian	-14.461605
dregg	-14.461605
skittles	-14.461605
sanne	-14.461605
outlived	-14.461605
alienate	-14.461605
yielding	-14.461605
dedicating	-14.461605
empowering	-14.461605
borscht	-14.461605
sustaining	-14.461605
pendrick	-14.461605
limber	-14.461605
alerting	-14.461605
smooching	-14.461605
bartleby	-14.464402
lilian	-14.464402
mmmmm	-14.464402
teensy	-14.464402
seryozha	-14.464402
snowmobile	-14.464402
sonnet	-14.464402
knifed	-14.464402
avril	-14.464402
bicker	-14.464402
substituted	-14.464402
wim	-14.464402
wir	-14.464402
depriving	-14.464402
quaker	-14.464402
celts	-14.464402
beeswax	-14.464402
wiles	-14.464402
overview	-14.464402
crassus	-14.464402
topeka	-14.464402
kasim	-14.464402
schooner	-14.464402
gluttony	-14.464402
wladek	-14.464402
shetland	-14.464402
timbuktu	-14.464402
gangnam	-14.464402
budd	-14.464402
goofed	-14.464402
shaz	-14.464402
igloo	-14.464402
brine	-14.464402
sayuri	-14.464402
wouldst	-14.464402
hallucinate	-14.464402
nibbles	-14.464402
quinine	-14.464402
peels	-14.464402
newlywed	-14.464402
boasts	-14.464402
loneliest	-14.464402
reeve	-14.464402
avoidance	-14.464402
ania	-14.464402
metzger	-14.467207
sosa	-14.467207
mica	-14.467207
tugging	-14.467207
consisting	-14.467207
sombre	-14.467207
gollum	-14.467207
spacing	-14.467207
kaspar	-14.467207
celina	-14.467207
sturgeon	-14.467207
zwei	-14.467207
peony	-14.467207
augur	-14.467207
isla	-14.467207
redeeming	-14.467207
macmillan	-14.467207
puri	-14.467207
crewmen	-14.467207
organizers	-14.467207
dastardly	-14.467207
orcs	-14.467207
ejaculation	-14.467207
untamed	-14.467207
streep	-14.467207
hogwarts	-14.467207
linds	-14.467207
inhibitor	-14.467207
jerzy	-14.467207
tiramisu	-14.467207
microwaves	-14.467207
bough	-14.467207
brendon	-14.467207
dank	-14.467207
akio	-14.467207
underhanded	-14.467207
backstreet	-14.467207
archeology	-14.467207
potency	-14.467207
enthusiasts	-14.467207
racy	-14.470020
bitsy	-14.470020
lts	-14.470020
bedlam	-14.470020
quell	-14.470020
commuter	-14.470020
workmanship	-14.470020
tri	-14.470020
natalya	-14.470020
middleweight	-14.470020
libra	-14.470020
lat	-14.470020
dominick	-14.470020
erupts	-14.470020
minsk	-14.470020
estella	-14.470020
adolph	-14.470020
teaming	-14.470020
horus	-14.470020
kouga	-14.470020
evermore	-14.470020
feminists	-14.470020
looms	-14.470020
literacy	-14.470020
decoding	-14.470020
reelection	-14.470020
kazama	-14.470020
dispatches	-14.470020
rowboat	-14.470020
flaunting	-14.470020
sonofabitch	-14.470020
inscriptions	-14.470020
ritalin	-14.470020
refills	-14.470020
softie	-14.470020
twirling	-14.470020
mcfarland	-14.470020
kaitlyn	-14.470020
obligatory	-14.470020
shizuka	-14.470020
skynet	-14.470020
snatcher	-14.470020
fingering	-14.470020
blum	-14.470020
narn	-14.470020
malin	-14.470020
keene	-14.470020
tutors	-14.470020
copacabana	-14.470020
routing	-14.470020
cosgrove	-14.472841
cirrhosis	-14.472841
transgression	-14.472841
ota	-14.472841
floater	-14.472841
petunia	-14.472841
calorie	-14.472841
lmperial	-14.472841
frowned	-14.472841
prodigious	-14.472841
libyan	-14.472841
tawdry	-14.472841
nuys	-14.472841
tadashi	-14.472841
boyish	-14.472841
laurels	-14.472841
sugary	-14.472841
percell	-14.472841
goode	-14.472841
herto	-14.472841
gardiner	-14.472841
macklin	-14.472841
virility	-14.472841
indictments	-14.472841
secnav	-14.472841
sclerosis	-14.472841
thunders	-14.472841
crosshairs	-14.472841
lagina	-14.472841
cannoli	-14.472841
omission	-14.472841
substitution	-14.472841
whooo	-14.472841
twinkie	-14.472841
cardassia	-14.472841
chippy	-14.472841
azusa	-14.472841
seabiscuit	-14.472841
flicking	-14.472841
saba	-14.472841
megha	-14.475670
desecrated	-14.475670
merman	-14.475670
summed	-14.475670
baller	-14.475670
mille	-14.475670
restructuring	-14.475670
outpatient	-14.475670
fundamentalist	-14.475670
chitty	-14.475670
blemish	-14.475670
hayato	-14.475670
sokka	-14.475670
custodial	-14.475670
failings	-14.475670
thawed	-14.475670
hein	-14.475670
amiable	-14.475670
elitist	-14.475670
baptised	-14.475670
stagnant	-14.475670
simplistic	-14.475670
parasol	-14.475670
quibble	-14.475670
martell	-14.475670
dissolution	-14.475670
iab	-14.475670
kenyon	-14.475670
salons	-14.475670
permitting	-14.475670
wher	-14.475670
princely	-14.475670
tolly	-14.475670
stonewall	-14.475670
amrita	-14.475670
manifold	-14.475670
bothersome	-14.475670
joust	-14.475670
pangs	-14.475670
yama	-14.475670
hume	-14.475670
cyborgs	-14.475670
laundered	-14.475670
kinsman	-14.475670
looters	-14.475670
relayed	-14.475670
rafts	-14.475670
athenian	-14.475670
uninterrupted	-14.475670
asif	-14.475670
delve	-14.475670
roubles	-14.475670
majesties	-14.475670
mahendra	-14.475670
hustlers	-14.475670
sages	-14.478507
milford	-14.478507
miscalculated	-14.478507
madurai	-14.478507
laine	-14.478507
duquesne	-14.478507
sublet	-14.478507
kn	-14.478507
noblemen	-14.478507
hooter	-14.478507
diggers	-14.478507
drugging	-14.478507
furiously	-14.478507
yasu	-14.478507
deduced	-14.478507
feelers	-14.478507
sssh	-14.478507
condemns	-14.478507
hairspray	-14.478507
dreamz	-14.478507
sherbet	-14.478507
erupting	-14.478507
taut	-14.478507
gentile	-14.478507
chins	-14.478507
frenzied	-14.478507
piet	-14.478507
chand	-14.478507
deutsch	-14.478507
flamingos	-14.478507
pungent	-14.478507
pensive	-14.478507
skeptic	-14.478507
distort	-14.478507
caving	-14.478507
doorways	-14.478507
veneration	-14.478507
stingray	-14.478507
mcclure	-14.478507
kees	-14.478507
marzipan	-14.478507
susi	-14.478507
belson	-14.478507
frugal	-14.478507
claret	-14.478507
potted	-14.478507
morita	-14.478507
elia	-14.478507
alvarado	-14.481352
mikkel	-14.481352
workroom	-14.481352
mathilda	-14.481352
crapping	-14.481352
flailing	-14.481352
penetrates	-14.481352
dais	-14.481352
nincompoop	-14.481352
falsehood	-14.481352
pullin	-14.481352
excesses	-14.481352
bwana	-14.481352
griggs	-14.481352
cookery	-14.481352
renamed	-14.481352
merriment	-14.481352
prospero	-14.481352
siddhartha	-14.481352
oishi	-14.481352
oppressors	-14.481352
valuation	-14.481352
bidet	-14.481352
peekaboo	-14.481352
ambiguity	-14.481352
javed	-14.481352
alisa	-14.481352
shacked	-14.481352
auburn	-14.481352
mikami	-14.481352
taillight	-14.481352
incheon	-14.481352
guarantor	-14.481352
sneer	-14.481352
misspelled	-14.481352
timberlake	-14.481352
stiller	-14.481352
rpm	-14.481352
loca	-14.481352
stratosphere	-14.481352
doj	-14.481352
vowel	-14.481352
bigtime	-14.481352
psychosomatic	-14.481352
aruba	-14.481352
mull	-14.481352
entwined	-14.481352
sistine	-14.481352
primrose	-14.481352
ivf	-14.481352
thunderstorms	-14.481352
roughing	-14.481352
dozing	-14.481352
decreases	-14.481352
rerouted	-14.481352
grainger	-14.481352
pon	-14.484205
syllabus	-14.484205
reigned	-14.484205
lora	-14.484205
cultivation	-14.484205
cochrane	-14.484205
sartre	-14.484205
rolly	-14.484205
apothecary	-14.484205
astounded	-14.484205
rainstorm	-14.484205
squirts	-14.484205
jordy	-14.484205
phat	-14.484205
robocop	-14.484205
chee	-14.484205
nuptials	-14.484205
lyre	-14.484205
ryker	-14.484205
duplicates	-14.484205
garber	-14.484205
dregs	-14.484205
ejaculate	-14.484205
masonic	-14.484205
alteration	-14.484205
unzips	-14.484205
anthill	-14.484205
embody	-14.484205
bulldogs	-14.484205
retailers	-14.484205
uncivilized	-14.484205
segregated	-14.484205
bijou	-14.484205
funnily	-14.484205
enos	-14.484205
liposuction	-14.484205
jaunty	-14.484205
quran	-14.484205
ano	-14.484205
skit	-14.484205
quayle	-14.484205
repaying	-14.487066
dumpsters	-14.487066
seneca	-14.487066
menon	-14.487066
acosta	-14.487066
malevolent	-14.487066
hesse	-14.487066
westlake	-14.487066
lieberman	-14.487066
backroom	-14.487066
recognises	-14.487066
husk	-14.487066
trod	-14.487066
wormwood	-14.487066
condolence	-14.487066
shenzhen	-14.487066
talcum	-14.487066
barksdale	-14.487066
patagonia	-14.487066
normie	-14.487066
oat	-14.487066
waning	-14.487066
latif	-14.487066
methodist	-14.487066
sombrero	-14.487066
lidia	-14.487066
scampi	-14.487066
nagai	-14.487066
drawback	-14.487066
culpa	-14.487066
valenti	-14.487066
wheaton	-14.487066
windfall	-14.487066
recep	-14.487066
befitting	-14.487066
fistful	-14.487066
auditory	-14.487066
ajit	-14.487066
magneto	-14.487066
neurosurgery	-14.487066
offthe	-14.487066
weightless	-14.487066
fordham	-14.487066
skillet	-14.487066
fjord	-14.487066
breakfasts	-14.487066
playroom	-14.487066
materialistic	-14.487066
flirtation	-14.489936
cig	-14.489936
crabb	-14.489936
lecherous	-14.489936
ivana	-14.489936
epitaph	-14.489936
fuelled	-14.489936
filler	-14.489936
dogged	-14.489936
dietary	-14.489936
solids	-14.489936
steeple	-14.489936
logbook	-14.489936
wooed	-14.489936
flirts	-14.489936
diddy	-14.489936
filtering	-14.489936
madeira	-14.489936
loader	-14.489936
affiliation	-14.489936
costner	-14.489936
saddles	-14.489936
atrium	-14.489936
aforementioned	-14.489936
rotates	-14.489936
sousa	-14.489936
amelie	-14.489936
rubens	-14.489936
singed	-14.489936
ceramics	-14.489936
contrived	-14.489936
deductions	-14.489936
limes	-14.489936
richly	-14.489936
hurtin	-14.489936
inclusive	-14.489936
ruffle	-14.489936
shruti	-14.489936
convergence	-14.489936
frig	-14.489936
pfc	-14.489936
comparatively	-14.489936
recorders	-14.489936
hurst	-14.489936
tattered	-14.492813
renewing	-14.492813
lapel	-14.492813
dk	-14.492813
westmore	-14.492813
magellan	-14.492813
mettle	-14.492813
wheelchairs	-14.492813
payed	-14.492813
brokerage	-14.492813
strengthens	-14.492813
fifteenth	-14.492813
guddu	-14.492813
playdate	-14.492813
leek	-14.492813
nano	-14.492813
sau	-14.492813
intercede	-14.492813
woohoo	-14.492813
ceos	-14.492813
oka	-14.492813
begrudge	-14.492813
faire	-14.492813
sketched	-14.492813
hamza	-14.492813
kramden	-14.492813
lexa	-14.492813
renny	-14.492813
cooties	-14.492813
outwith	-14.492813
conceptual	-14.492813
cp	-14.492813
blends	-14.492813
yano	-14.492813
campo	-14.492813
amo	-14.492813
bernhard	-14.492813
solicit	-14.492813
noh	-14.492813
sways	-14.495699
knockers	-14.495699
seeping	-14.495699
helmand	-14.495699
annals	-14.495699
resorted	-14.495699
kenan	-14.495699
associating	-14.495699
bogdan	-14.495699
janne	-14.495699
blabber	-14.495699
drumstick	-14.495699
nuna	-14.495699
dingy	-14.495699
wrecker	-14.495699
conjuring	-14.495699
patil	-14.495699
zelena	-14.495699
germanic	-14.495699
baseman	-14.495699
deco	-14.495699
asahi	-14.495699
semblance	-14.495699
mosques	-14.495699
dialled	-14.495699
retinal	-14.495699
habitats	-14.495699
metaphorical	-14.495699
pelts	-14.495699
rummaging	-14.495699
doppler	-14.495699
underpaid	-14.495699
inconvenienced	-14.495699
stealthy	-14.495699
barnacles	-14.495699
mirth	-14.495699
sweatshop	-14.495699
meanie	-14.495699
oksana	-14.495699
hazzard	-14.495699
resolutions	-14.495699
squirting	-14.495699
lather	-14.495699
irfan	-14.495699
detects	-14.495699
katara	-14.498594
signaled	-14.498594
refunds	-14.498594
dreamland	-14.498594
tio	-14.498594
agua	-14.498594
diminishing	-14.498594
soils	-14.498594
cheong	-14.498594
repress	-14.498594
leafy	-14.498594
ledgers	-14.498594
caricature	-14.498594
calypso	-14.498594
shifter	-14.498594
butterfield	-14.498594
bumpers	-14.498594
pothole	-14.498594
kumiko	-14.498594
cocker	-14.498594
fidgeting	-14.498594
unloved	-14.498594
satsuma	-14.498594
devine	-14.498594
kochi	-14.498594
steakhouse	-14.498594
complicates	-14.498594
groucho	-14.498594
glade	-14.498594
agamemnon	-14.498594
lifeblood	-14.498594
att	-14.498594
strep	-14.498594
neverland	-14.498594
gelato	-14.498594
gusting	-14.498594
nooooo	-14.498594
electro	-14.498594
monde	-14.498594
int	-14.498594
alek	-14.498594
majnu	-14.498594
montez	-14.498594
rowley	-14.498594
takagi	-14.498594
graded	-14.498594
regains	-14.498594
bonk	-14.498594
handbrake	-14.498594
antennas	-14.498594
agendas	-14.498594
elliptical	-14.498594
locust	-14.498594
maul	-14.498594
westwood	-14.498594
gaunt	-14.501496
dearer	-14.501496
austerity	-14.501496
stubs	-14.501496
saluting	-14.501496
straker	-14.501496
riki	-14.501496
starlet	-14.501496
directional	-14.501496
downpour	-14.501496
infact	-14.501496
subterfuge	-14.501496
calibrated	-14.501496
distillery	-14.501496
harrigan	-14.501496
transplanted	-14.501496
buon	-14.501496
fabien	-14.501496
recant	-14.501496
takeo	-14.501496
handsomest	-14.501496
portrayal	-14.501496
haig	-14.501496
xxx	-14.501496
printout	-14.501496
savitri	-14.501496
nationally	-14.501496
brunswick	-14.501496
prim	-14.501496
embodied	-14.501496
endorphins	-14.501496
kitties	-14.501496
fugue	-14.501496
commenced	-14.501496
stoddard	-14.501496
beelzebub	-14.501496
baggins	-14.501496
cleve	-14.501496
archipelago	-14.501496
sc	-14.501496
piercings	-14.501496
isha	-14.501496
anon	-14.501496
receivers	-14.501496
kungfu	-14.501496
nuria	-14.501496
barnard	-14.501496
propelled	-14.501496
brackets	-14.504408
ebenezer	-14.504408
trespassers	-14.504408
galveston	-14.504408
yangtze	-14.504408
shaming	-14.504408
baritone	-14.504408
backstory	-14.504408
kibworth	-14.504408
bronchitis	-14.504408
lasky	-14.504408
trappings	-14.504408
djs	-14.504408
dissecting	-14.504408
nilsson	-14.504408
jakub	-14.504408
designate	-14.504408
fatherless	-14.504408
transsexual	-14.504408
corso	-14.504408
mountainside	-14.504408
gawain	-14.504408
wallander	-14.504408
trite	-14.504408
crystalline	-14.504408
browser	-14.504408
helplessly	-14.504408
radhika	-14.504408
montero	-14.504408
precocious	-14.504408
withering	-14.504408
tweaking	-14.504408
elyse	-14.504408
palsy	-14.504408
salut	-14.504408
ick	-14.504408
mcginty	-14.504408
trotsky	-14.504408
countryman	-14.504408
acidity	-14.504408
burials	-14.504408
mathur	-14.504408
coolness	-14.504408
misgivings	-14.504408
fromm	-14.504408
poppycock	-14.504408
simcoe	-14.504408
neel	-14.507327
greenery	-14.507327
astoria	-14.507327
attaching	-14.507327
biter	-14.507327
wilco	-14.507327
honed	-14.507327
fete	-14.507327
hypodermic	-14.507327
shigeru	-14.507327
kokoro	-14.507327
broadcaster	-14.507327
injuns	-14.507327
valle	-14.507327
cruella	-14.507327
winded	-14.507327
unqualified	-14.507327
thurman	-14.507327
bereft	-14.507327
raves	-14.507327
dagmar	-14.507327
exertion	-14.507327
krishnan	-14.507327
averages	-14.507327
freshener	-14.507327
dodgeball	-14.507327
waistcoat	-14.507327
mv	-14.507327
alva	-14.507327
garrow	-14.507327
maryann	-14.507327
moustaches	-14.507327
dependency	-14.507327
philosophies	-14.507327
toyama	-14.507327
colonoscopy	-14.507327
phlegm	-14.507327
visceral	-14.507327
yangzhou	-14.507327
minced	-14.507327
pauli	-14.507327
bigotry	-14.507327
snowfall	-14.507327
kuk	-14.507327
encased	-14.507327
bluegrass	-14.510256
aback	-14.510256
toddlers	-14.510256
midshipman	-14.510256
gogo	-14.510256
lorca	-14.510256
juggler	-14.510256
ramya	-14.510256
shingles	-14.510256
hardwick	-14.510256
soloist	-14.510256
badshah	-14.510256
yasuko	-14.510256
motherfuck	-14.510256
subscribers	-14.510256
gunfighter	-14.510256
ottomans	-14.510256
featherstone	-14.510256
brooms	-14.510256
sumerian	-14.510256
singleton	-14.510256
checker	-14.510256
kuala	-14.510256
akashi	-14.510256
vermeer	-14.510256
purrs	-14.510256
mulholland	-14.510256
fairground	-14.510256
foss	-14.510256
jumbled	-14.510256
hakan	-14.510256
horseshoes	-14.510256
maloney	-14.510256
haa	-14.510256
figurine	-14.510256
azad	-14.510256
rucksack	-14.510256
parallels	-14.510256
estonian	-14.510256
jailbird	-14.510256
orderlies	-14.510256
courtiers	-14.510256
selfishly	-14.510256
weldon	-14.510256
shear	-14.510256
stanhope	-14.510256
televisions	-14.510256
coasts	-14.510256
gower	-14.510256
croaked	-14.510256
loc	-14.510256
ironclad	-14.510256
rocksteady	-14.510256
acrobats	-14.513192
marinated	-14.513192
pushers	-14.513192
culver	-14.513192
gudrun	-14.513192
calluses	-14.513192
glimpses	-14.513192
labourer	-14.513192
oppress	-14.513192
procedural	-14.513192
strasbourg	-14.513192
ff	-14.513192
dolled	-14.513192
chappie	-14.513192
mengele	-14.513192
scaredy	-14.513192
environmentally	-14.513192
fianc	-14.513192
falklands	-14.513192
gosling	-14.513192
redundancy	-14.513192
chiffon	-14.513192
trimmings	-14.513192
enamel	-14.513192
mcclellan	-14.513192
deniability	-14.513192
differs	-14.513192
kabuki	-14.513192
suzi	-14.513192
gir	-14.513192
inuit	-14.513192
garlands	-14.513192
bundled	-14.513192
conducts	-14.513192
eczema	-14.513192
masala	-14.513192
towne	-14.513192
murakami	-14.513192
bloodied	-14.513192
frigate	-14.516138
predominantly	-14.516138
retrial	-14.516138
bonne	-14.516138
joong	-14.516138
reliant	-14.516138
subside	-14.516138
jaan	-14.516138
amma	-14.516138
adrenalin	-14.516138
thrower	-14.516138
conceit	-14.516138
librarians	-14.516138
verdi	-14.516138
agos	-14.516138
energize	-14.516138
encampment	-14.516138
bouncers	-14.516138
trix	-14.516138
nagano	-14.516138
shebang	-14.516138
woolf	-14.516138
kojima	-14.516138
investigates	-14.516138
sandpaper	-14.516138
guardianship	-14.516138
turpentine	-14.516138
bruiser	-14.516138
pookie	-14.516138
norwegians	-14.516138
galahad	-14.516138
controllers	-14.516138
hyatt	-14.516138
clamouring	-14.516138
bowery	-14.516138
primeval	-14.516138
mcphee	-14.516138
devours	-14.516138
commodus	-14.516138
hitters	-14.516138
hovv	-14.516138
mists	-14.516138
mangal	-14.516138
caravans	-14.516138
betterment	-14.516138
volition	-14.516138
sheltering	-14.516138
surmise	-14.516138
bedpan	-14.516138
norwich	-14.516138
stalkers	-14.516138
hickman	-14.516138
curzon	-14.516138
utilized	-14.516138
hacksaw	-14.516138
terminals	-14.516138
wellbeing	-14.516138
bowden	-14.519092
holman	-14.519092
midair	-14.519092
googling	-14.519092
alejandra	-14.519092
cobras	-14.519092
undignified	-14.519092
unchanging	-14.519092
showy	-14.519092
abhimanyu	-14.519092
kavya	-14.519092
fatah	-14.519092
tadpoles	-14.519092
shingo	-14.519092
cramming	-14.519092
mordred	-14.519092
opinionated	-14.519092
yeager	-14.519092
botanist	-14.519092
millet	-14.519092
harmonic	-14.519092
tinsel	-14.519092
bohr	-14.519092
toppings	-14.519092
preemptive	-14.519092
knapsack	-14.519092
aldrich	-14.519092
elvin	-14.519092
hora	-14.519092
repayment	-14.519092
uninteresting	-14.519092
maradona	-14.519092
audited	-14.519092
prosciutto	-14.519092
noonan	-14.519092
showgirl	-14.519092
cambodian	-14.519092
concise	-14.519092
lisp	-14.519092
kohler	-14.519092
combatants	-14.519092
algernon	-14.519092
hassles	-14.519092
peon	-14.519092
brainstorming	-14.519092
layered	-14.519092
invigorating	-14.519092
airwolf	-14.519092
preceding	-14.519092
rajasthan	-14.522055
mclean	-14.522055
slayers	-14.522055
thrush	-14.522055
topical	-14.522055
barrie	-14.522055
hoisted	-14.522055
blasters	-14.522055
glib	-14.522055
nymphs	-14.522055
alphas	-14.522055
neurology	-14.522055
turnoff	-14.522055
unrelenting	-14.522055
nipping	-14.522055
civility	-14.522055
pensioner	-14.522055
savagery	-14.522055
pita	-14.522055
deciphered	-14.522055
membranes	-14.522055
advisement	-14.522055
poops	-14.522055
guk	-14.522055
hoboken	-14.522055
abnormally	-14.522055
tecumseh	-14.522055
shaves	-14.522055
cardiovascular	-14.522055
cornea	-14.522055
govt	-14.522055
shino	-14.522055
zito	-14.522055
overthe	-14.522055
batten	-14.522055
mylene	-14.522055
leasing	-14.522055
centaur	-14.522055
astern	-14.522055
accomplishing	-14.522055
summation	-14.522055
comstock	-14.522055
mirko	-14.522055
woodruff	-14.522055
progresses	-14.522055
globally	-14.522055
playoff	-14.522055
chie	-14.522055
modestly	-14.522055
emmalin	-14.522055
thunderous	-14.522055
excavate	-14.522055
hedda	-14.522055
shockwave	-14.525027
renders	-14.525027
bedouin	-14.525027
sexting	-14.525027
bereavement	-14.525027
undersecretary	-14.525027
mcginnis	-14.525027
kavanaugh	-14.525027
ema	-14.525027
reals	-14.525027
yoyo	-14.525027
nastya	-14.525027
fob	-14.525027
bridle	-14.525027
zoidberg	-14.525027
polenta	-14.525027
embassies	-14.525027
venu	-14.525027
rashmi	-14.525027
emitted	-14.525027
macarena	-14.525027
zippy	-14.525027
prashant	-14.525027
tailors	-14.525027
sonu	-14.525027
jaden	-14.525027
instill	-14.525027
maim	-14.525027
toranaga	-14.525027
burrell	-14.525027
jeeps	-14.525027
havisham	-14.525027
loveliness	-14.525027
simi	-14.525027
hooten	-14.525027
interlude	-14.525027
maharaja	-14.525027
villainous	-14.525027
humbling	-14.525027
potluck	-14.525027
paise	-14.525027
foxhole	-14.525027
breeders	-14.525027
yeller	-14.525027
spokes	-14.525027
treehouse	-14.525027
schaeffer	-14.525027
stickup	-14.525027
toasty	-14.525027
rosina	-14.525027
spectral	-14.528008
literate	-14.528008
hoff	-14.528008
cowabunga	-14.528008
nipper	-14.528008
fatigued	-14.528008
mora	-14.528008
aaahhh	-14.528008
wellesley	-14.528008
cheep	-14.528008
exposition	-14.528008
yura	-14.528008
fabled	-14.528008
guile	-14.528008
steely	-14.528008
bartending	-14.528008
tomorrows	-14.528008
milligan	-14.528008
boyer	-14.528008
marvels	-14.528008
condemnation	-14.528008
maori	-14.528008
tahir	-14.528008
abound	-14.528008
boogers	-14.528008
cagey	-14.528008
maddening	-14.528008
decrees	-14.528008
catastrophes	-14.528008
guadalupe	-14.528008
afghans	-14.528008
colson	-14.528008
wrangle	-14.528008
invoking	-14.528008
qian	-14.528008
snapchat	-14.528008
falcons	-14.528008
cockeyed	-14.528008
apprentices	-14.528008
errant	-14.528008
fl	-14.528008
abductor	-14.528008
akron	-14.528008
stroud	-14.528008
posturing	-14.530997
hams	-14.530997
ribbit	-14.530997
recklessness	-14.530997
metin	-14.530997
yeoman	-14.530997
pulaski	-14.530997
repaint	-14.530997
pansies	-14.530997
kuni	-14.530997
outweigh	-14.530997
incessantly	-14.530997
abrasive	-14.530997
earful	-14.530997
sion	-14.530997
belated	-14.530997
knoxville	-14.530997
soba	-14.530997
gerardo	-14.530997
arrowhead	-14.530997
skids	-14.530997
isotope	-14.530997
clocking	-14.530997
brunettes	-14.530997
muttley	-14.530997
nisa	-14.530997
implementing	-14.530997
equestrian	-14.530997
cutlets	-14.530997
psalms	-14.530997
endorsements	-14.530997
stammer	-14.530997
bremer	-14.530997
waterworks	-14.530997
chewie	-14.530997
profusely	-14.530997
andhra	-14.530997
aum	-14.530997
cadmus	-14.530997
confidante	-14.530997
outlines	-14.530997
reformatory	-14.530997
saddens	-14.530997
gat	-14.530997
quasimodo	-14.530997
worshippers	-14.530997
brackett	-14.530997
influx	-14.530997
electrocute	-14.530997
confederates	-14.530997
earhart	-14.530997
barrack	-14.533996
fantasized	-14.533996
cou	-14.533996
disqualify	-14.533996
ruffled	-14.533996
spectre	-14.533996
undergarments	-14.533996
subscriber	-14.533996
marauder	-14.533996
buxton	-14.533996
shaver	-14.533996
hogwash	-14.533996
broach	-14.533996
codeine	-14.533996
cardiology	-14.533996
bobcat	-14.533996
fumbling	-14.533996
bouquets	-14.533996
thumper	-14.533996
philippine	-14.533996
traceable	-14.533996
ganja	-14.533996
oli	-14.533996
barbecues	-14.533996
janitors	-14.533996
mcmillan	-14.533996
geeky	-14.533996
conners	-14.533996
gulag	-14.533996
clashing	-14.533996
spunky	-14.533996
butchering	-14.533996
ogle	-14.533996
limos	-14.533996
feliz	-14.533996
manticore	-14.533996
occipital	-14.533996
nva	-14.533996
belching	-14.533996
dreyfus	-14.533996
jeopardise	-14.533996
epsilon	-14.533996
starkey	-14.533996
frigg	-14.533996
melina	-14.533996
perpetuate	-14.533996
pieter	-14.533996
spastic	-14.537003
parasitic	-14.537003
sprouted	-14.537003
roofie	-14.537003
hydro	-14.537003
georgette	-14.537003
handpicked	-14.537003
choreographed	-14.537003
carstairs	-14.537003
seppuku	-14.537003
offside	-14.537003
birdies	-14.537003
caucus	-14.537003
launchers	-14.537003
laertes	-14.537003
mullah	-14.537003
richelieu	-14.537003
characterized	-14.537003
planners	-14.537003
yellows	-14.537003
bluth	-14.537003
lender	-14.537003
scribbled	-14.537003
bumbling	-14.537003
satsuki	-14.537003
hypochondriac	-14.537003
hanim	-14.537003
hikers	-14.537003
hosanna	-14.537003
interned	-14.537003
tommie	-14.537003
repulsed	-14.537003
wolfie	-14.537003
svend	-14.537003
ashtrays	-14.537003
nadir	-14.537003
falconer	-14.537003
peyote	-14.537003
calliope	-14.537003
beavis	-14.537003
ramones	-14.537003
orifice	-14.537003
rehabilitate	-14.537003
vas	-14.537003
latched	-14.537003
sifu	-14.537003
presided	-14.537003
mcdermott	-14.537003
instituted	-14.537003
spellman	-14.537003
venereal	-14.537003
synod	-14.537003
inthe	-14.537003
fc	-14.537003
neutrinos	-14.537003
eff	-14.540020
marianna	-14.540020
coe	-14.540020
mistreat	-14.540020
wavelengths	-14.540020
evolves	-14.540020
holistic	-14.540020
analog	-14.540020
walkway	-14.540020
fedor	-14.540020
eri	-14.540020
kovacs	-14.540020
anagram	-14.540020
interceptor	-14.540020
zoila	-14.540020
kanto	-14.540020
cathedrals	-14.540020
nagoya	-14.540020
bogota	-14.540020
atreides	-14.540020
gd	-14.540020
interrogator	-14.540020
winchell	-14.540020
bearers	-14.540020
arvin	-14.540020
plunkett	-14.540020
hogg	-14.540020
pigheaded	-14.540020
manifestations	-14.540020
executioners	-14.540020
admirably	-14.540020
chode	-14.540020
upkeep	-14.540020
yukie	-14.540020
remmy	-14.540020
plagiarism	-14.540020
undisclosed	-14.540020
underrated	-14.540020
dunphy	-14.540020
theological	-14.540020
picchu	-14.540020
postmaster	-14.540020
definitions	-14.540020
adolescents	-14.540020
hapless	-14.540020
malek	-14.540020
tali	-14.540020
touchdowns	-14.540020
bubonic	-14.540020
maribel	-14.540020
invasions	-14.540020
indiscretions	-14.540020
maize	-14.540020
undersea	-14.540020
standup	-14.540020
bracing	-14.540020
smarten	-14.540020
untrustworthy	-14.540020
bosun	-14.540020
soir	-14.540020
nicu	-14.540020
alt	-14.540020
stenographer	-14.540020
defector	-14.540020
toda	-14.540020
duma	-14.540020
idris	-14.540020
empathize	-14.540020
zina	-14.540020
sensibilities	-14.540020
kinoshita	-14.540020
popes	-14.540020
unify	-14.540020
eastbound	-14.543045
ammonium	-14.543045
peacetime	-14.543045
gauguin	-14.543045
almanac	-14.543045
tho	-14.543045
lyn	-14.543045
motoring	-14.543045
inherits	-14.543045
terrell	-14.543045
dvr	-14.543045
downtime	-14.543045
geri	-14.543045
romain	-14.543045
bremen	-14.543045
whipple	-14.543045
platelets	-14.543045
scurry	-14.543045
rota	-14.543045
roared	-14.543045
recipients	-14.543045
beatle	-14.543045
slurred	-14.543045
harmonies	-14.543045
kissy	-14.543045
unearth	-14.543045
excelled	-14.543045
disembark	-14.543045
spiced	-14.543045
ul	-14.543045
compiling	-14.543045
seti	-14.543045
dyslexic	-14.543045
okra	-14.543045
jena	-14.543045
parietal	-14.543045
alleluia	-14.543045
renewable	-14.543045
eng	-14.543045
tryst	-14.543045
gogol	-14.543045
vecchio	-14.543045
durango	-14.543045
healthiest	-14.543045
cowell	-14.543045
credence	-14.546080
benidorm	-14.546080
decoys	-14.546080
akita	-14.546080
ritu	-14.546080
zord	-14.546080
taming	-14.546080
stunner	-14.546080
conclave	-14.546080
urquhart	-14.546080
eardrums	-14.546080
tamika	-14.546080
furnishings	-14.546080
celtics	-14.546080
foraging	-14.546080
mms	-14.546080
hugger	-14.546080
rumplestiltskin	-14.546080
thrusting	-14.546080
viviane	-14.546080
joaquim	-14.546080
indignity	-14.546080
souza	-14.546080
parisians	-14.546080
evaluating	-14.546080
elites	-14.546080
mariner	-14.546080
goddaughter	-14.546080
groveling	-14.546080
orca	-14.546080
commandeer	-14.546080
backfires	-14.546080
miho	-14.546080
argos	-14.546080
mentoring	-14.546080
bulldozers	-14.546080
stoic	-14.546080
javelin	-14.546080
jacobson	-14.546080
toner	-14.546080
fcc	-14.546080
runaround	-14.546080
rearranging	-14.546080
abercrombie	-14.546080
nettie	-14.546080
bubbs	-14.546080
bardot	-14.546080
suckling	-14.546080
cower	-14.546080
poughkeepsie	-14.546080
paraffin	-14.546080
slaved	-14.546080
espinosa	-14.546080
mobs	-14.546080
byrnes	-14.546080
scooch	-14.549124
jointly	-14.549124
gravedigger	-14.549124
marceau	-14.549124
commandeered	-14.549124
italia	-14.549124
rath	-14.549124
glynn	-14.549124
debtors	-14.549124
zafar	-14.549124
alors	-14.549124
hurtling	-14.549124
presentations	-14.549124
mozambique	-14.549124
stealthily	-14.549124
sellout	-14.549124
rinaldi	-14.549124
danziger	-14.549124
tellers	-14.549124
rainwater	-14.549124
taxed	-14.549124
gentiles	-14.549124
bjarne	-14.549124
blankenship	-14.549124
braille	-14.549124
jeon	-14.549124
navarre	-14.549124
nadja	-14.549124
antti	-14.549124
innards	-14.549124
sangria	-14.549124
cabernet	-14.549124
fuchsia	-14.549124
dreyer	-14.549124
ejection	-14.549124
tranq	-14.549124
reveille	-14.549124
candleford	-14.549124
defcon	-14.549124
dosa	-14.549124
vowels	-14.549124
madwoman	-14.549124
multi	-14.549124
deleting	-14.549124
overwhelmingly	-14.549124
epps	-14.549124
salzburg	-14.549124
cavemen	-14.549124
silken	-14.549124
rooks	-14.552178
drummers	-14.552178
ballantine	-14.552178
haiku	-14.552178
infringement	-14.552178
rashly	-14.552178
austere	-14.552178
atv	-14.552178
newsome	-14.552178
hermano	-14.552178
holograms	-14.552178
glam	-14.552178
serotonin	-14.552178
sancti	-14.552178
feign	-14.552178
ditty	-14.552178
piranhas	-14.552178
oftentimes	-14.552178
grids	-14.552178
flax	-14.552178
tracksuit	-14.552178
vivi	-14.552178
tonne	-14.552178
excavating	-14.552178
kendo	-14.552178
loopholes	-14.552178
bleh	-14.552178
personalized	-14.552178
speculative	-14.552178
sadler	-14.552178
nasir	-14.552178
eally	-14.552178
brawling	-14.552178
bally	-14.552178
boughs	-14.552178
hampstead	-14.552178
thimble	-14.552178
mutate	-14.552178
scripted	-14.552178
gaylord	-14.552178
barnyard	-14.552178
hideously	-14.552178
leclerc	-14.552178
lugging	-14.552178
rocha	-14.552178
cleats	-14.552178
backer	-14.552178
wording	-14.552178
eid	-14.555241
charlemagne	-14.555241
luthorcorp	-14.555241
freedman	-14.555241
suzanna	-14.555241
frequented	-14.555241
reykjavik	-14.555241
jackasses	-14.555241
impede	-14.555241
mothballs	-14.555241
arbitration	-14.555241
brigham	-14.555241
poppies	-14.555241
radiating	-14.555241
kodak	-14.555241
kou	-14.555241
gervais	-14.555241
tobe	-14.555241
opportune	-14.555241
conduits	-14.555241
iota	-14.555241
spats	-14.555241
malkovich	-14.555241
glendale	-14.555241
hurling	-14.555241
perspectives	-14.555241
variant	-14.555241
jughead	-14.555241
skanks	-14.555241
prithee	-14.555241
erratically	-14.555241
stent	-14.555241
discordant	-14.555241
quirk	-14.555241
mirjana	-14.555241
giddyap	-14.555241
electrifying	-14.555241
backers	-14.555241
lando	-14.555241
grille	-14.555241
sputnik	-14.555241
zigzag	-14.555241
dilbert	-14.555241
leadeth	-14.555241
monies	-14.555241
rajveer	-14.555241
cutlet	-14.555241
motivates	-14.555241
sada	-14.555241
procreation	-14.555241
socialite	-14.555241
cushing	-14.558313
fane	-14.558313
colts	-14.558313
mundy	-14.558313
invades	-14.558313
ligament	-14.558313
vizag	-14.558313
earthy	-14.558313
helmsman	-14.558313
salmonella	-14.558313
calvary	-14.558313
gatorade	-14.558313
regents	-14.558313
copter	-14.558313
unconstitutional	-14.558313
acidic	-14.558313
outlandish	-14.558313
pauses	-14.558313
sheetal	-14.558313
betsey	-14.558313
swingin	-14.558313
carat	-14.558313
maeby	-14.558313
reprogrammed	-14.558313
muirfield	-14.558313
graf	-14.558313
debilitating	-14.558313
shoeshine	-14.558313
deformity	-14.558313
ganz	-14.558313
goofball	-14.558313
trills	-14.558313
caliphate	-14.558313
accompanies	-14.558313
decapitation	-14.558313
keyboards	-14.558313
amphibious	-14.558313
sixteenth	-14.558313
wolowitz	-14.558313
janette	-14.558313
flops	-14.558313
lancer	-14.558313
cordell	-14.558313
keanu	-14.558313
indochina	-14.558313
guava	-14.558313
tobi	-14.558313
resolving	-14.558313
enforcing	-14.558313
pasted	-14.558313
bullard	-14.558313
hymen	-14.558313
pows	-14.558313
cusp	-14.558313
fukushima	-14.558313
slur	-14.558313
eclectic	-14.558313
alo	-14.561395
roping	-14.561395
iru	-14.561395
fascinate	-14.561395
provokes	-14.561395
mooning	-14.561395
ibuprofen	-14.561395
uproot	-14.561395
sik	-14.561395
renaud	-14.561395
triceratops	-14.561395
congested	-14.561395
exploratory	-14.561395
britons	-14.561395
clit	-14.561395
xvi	-14.561395
stacie	-14.561395
popsicles	-14.561395
nobita	-14.561395
preside	-14.561395
successive	-14.561395
eachother	-14.561395
sobered	-14.561395
hoffmann	-14.561395
mantelpiece	-14.561395
ramps	-14.561395
slobs	-14.561395
molestation	-14.561395
armaments	-14.561395
sorcerers	-14.561395
unfathomable	-14.561395
thinning	-14.561395
darl	-14.561395
reinhold	-14.561395
flannery	-14.561395
spooner	-14.561395
bushel	-14.561395
sleight	-14.561395
londo	-14.561395
videotapes	-14.561395
foreground	-14.561395
lagging	-14.561395
vermilion	-14.561395
cordova	-14.561395
jutland	-14.561395
puffer	-14.561395
prankster	-14.561395
winnetou	-14.561395
depose	-14.561395
latinos	-14.561395
bevan	-14.561395
kiddy	-14.561395
coogan	-14.561395
vetting	-14.561395
bested	-14.561395
fon	-14.561395
lesbo	-14.564486
pheasants	-14.564486
guesswork	-14.564486
bim	-14.564486
happenings	-14.564486
traipsing	-14.564486
veneer	-14.564486
fleetwood	-14.564486
nefertiti	-14.564486
greenleaf	-14.564486
wanderers	-14.564486
becket	-14.564486
toms	-14.564486
kenta	-14.564486
knockoff	-14.564486
burnside	-14.564486
inauspicious	-14.564486
sarang	-14.564486
belive	-14.564486
brentwood	-14.564486
wudang	-14.564486
attache	-14.564486
cataclysmic	-14.564486
elgin	-14.564486
sichuan	-14.564486
cooter	-14.564486
startup	-14.564486
cripes	-14.564486
heyes	-14.564486
caped	-14.564486
henhouse	-14.564486
copeland	-14.564486
rumpus	-14.564486
venezuelan	-14.564486
starfire	-14.564486
peewee	-14.564486
ishii	-14.564486
woz	-14.564486
taekwondo	-14.564486
inexplicably	-14.564486
ladybird	-14.564486
forage	-14.564486
sek	-14.564486
jetta	-14.564486
geyser	-14.564486
ifthey	-14.564486
brisbane	-14.564486
pittance	-14.564486
karmic	-14.564486
familia	-14.564486
countermeasures	-14.564486
bunches	-14.564486
unattainable	-14.564486
gere	-14.564486
planter	-14.564486
jurgen	-14.564486
shopkeepers	-14.564486
disputed	-14.564486
hamas	-14.564486
rustlers	-14.564486
raffi	-14.564486
sedition	-14.564486
blocker	-14.567587
hasegawa	-14.567587
darrah	-14.567587
tenderloin	-14.567587
tawni	-14.567587
tsutomu	-14.567587
envoys	-14.567587
newbies	-14.567587
ight	-14.567587
shuttlecraft	-14.567587
iniquity	-14.567587
cosmology	-14.567587
exiles	-14.567587
amal	-14.567587
miscalculation	-14.567587
joana	-14.567587
rostov	-14.567587
instructive	-14.567587
lannister	-14.567587
whaddaya	-14.567587
depicting	-14.567587
screwup	-14.567587
sugarcane	-14.567587
terminating	-14.567587
inaudibly	-14.567587
pau	-14.567587
thorin	-14.567587
batcave	-14.567587
squalid	-14.567587
forego	-14.567587
sprouting	-14.567587
thongs	-14.567587
obstructed	-14.567587
galleys	-14.567587
chewbacca	-14.567587
mubarak	-14.567587
grodd	-14.567587
churchyard	-14.567587
clod	-14.567587
powders	-14.567587
tacoma	-14.567587
clobbered	-14.567587
procreate	-14.567587
ferocity	-14.567587
higuchi	-14.567587
kazumi	-14.567587
shabana	-14.567587
kamil	-14.567587
alienation	-14.567587
riverbed	-14.567587
songbird	-14.567587
aesthetics	-14.567587
insertion	-14.567587
commemorative	-14.567587
waken	-14.567587
reparations	-14.570697
galt	-14.570697
maam	-14.570697
hinky	-14.570697
complimenting	-14.570697
capitalize	-14.570697
balfour	-14.570697
spicer	-14.570697
motivations	-14.570697
leonie	-14.570697
nylons	-14.570697
obliging	-14.570697
palazzo	-14.570697
wardens	-14.570697
padua	-14.570697
demarco	-14.570697
tardiness	-14.570697
guruji	-14.570697
stubble	-14.570697
arvind	-14.570697
jabs	-14.570697
chomp	-14.570697
styx	-14.570697
erotica	-14.570697
interconnected	-14.570697
fedex	-14.570697
thoreau	-14.570697
salamanca	-14.570697
accumulating	-14.570697
aggravate	-14.570697
esoteric	-14.570697
indulgent	-14.570697
undergrad	-14.570697
eloquence	-14.570697
piglets	-14.570697
mimosa	-14.570697
ainsley	-14.570697
insecticide	-14.570697
adeline	-14.570697
tanja	-14.570697
pickering	-14.570697
heaters	-14.570697
amended	-14.570697
colombo	-14.570697
boarder	-14.570697
racially	-14.573817
winkler	-14.573817
sui	-14.573817
anoint	-14.573817
scaling	-14.573817
emmanuelle	-14.573817
govind	-14.573817
impeachment	-14.573817
kerchief	-14.573817
particulates	-14.573817
urchins	-14.573817
arousal	-14.573817
mireille	-14.573817
refrigerators	-14.573817
hanlon	-14.573817
nidge	-14.573817
hysterectomy	-14.573817
genovese	-14.573817
scipio	-14.573817
radiate	-14.573817
grazia	-14.573817
bhaskar	-14.573817
carnivore	-14.573817
bain	-14.573817
confronts	-14.573817
neigh	-14.573817
decayed	-14.573817
araki	-14.573817
harumi	-14.573817
evita	-14.573817
felder	-14.573817
cagliostro	-14.573817
consummated	-14.573817
omitted	-14.573817
ceci	-14.573817
abbess	-14.573817
ogres	-14.573817
fiercest	-14.573817
reddish	-14.573817
jacinta	-14.573817
ballplayer	-14.573817
pillowcase	-14.573817
stroh	-14.573817
hellman	-14.573817
campos	-14.573817
bolivar	-14.576947
parable	-14.576947
elspeth	-14.576947
jamboree	-14.576947
espheni	-14.576947
swordsmen	-14.576947
saviors	-14.576947
resents	-14.576947
stragglers	-14.576947
montevideo	-14.576947
rickey	-14.576947
abhor	-14.576947
wooh	-14.576947
fondling	-14.576947
gdr	-14.576947
arenas	-14.576947
hermitage	-14.576947
krebs	-14.576947
chipmunks	-14.576947
cleverness	-14.576947
anesthesiologist	-14.576947
omelets	-14.576947
backtrack	-14.576947
spitter	-14.576947
probabilities	-14.576947
communicates	-14.576947
premiums	-14.576947
garnier	-14.576947
jarl	-14.576947
affleck	-14.576947
fanciful	-14.576947
morello	-14.576947
outwards	-14.576947
waterman	-14.576947
netherworld	-14.576947
furnaces	-14.576947
cloister	-14.576947
fitter	-14.576947
anibal	-14.576947
cartoonist	-14.576947
pore	-14.576947
internment	-14.576947
farmed	-14.576947
tortillas	-14.576947
aleksandr	-14.576947
flooring	-14.576947
citywide	-14.576947
masturbated	-14.576947
cilantro	-14.576947
uncompromising	-14.576947
coolidge	-14.580087
cousteau	-14.580087
hetero	-14.580087
poodles	-14.580087
wifi	-14.580087
nguyen	-14.580087
turntable	-14.580087
colvin	-14.580087
cloakroom	-14.580087
trotting	-14.580087
cornfed	-14.580087
tats	-14.580087
silliness	-14.580087
contemporaries	-14.580087
brandenburg	-14.580087
aught	-14.580087
raring	-14.580087
tuff	-14.580087
palp	-14.580087
kickboxing	-14.580087
overthink	-14.580087
natsuki	-14.580087
chappy	-14.580087
krish	-14.580087
conclusively	-14.580087
headgear	-14.580087
visage	-14.580087
gertrud	-14.580087
shoal	-14.580087
fanta	-14.580087
violetta	-14.580087
masaru	-14.580087
mert	-14.580087
delude	-14.580087
handguns	-14.580087
wolfram	-14.580087
molloy	-14.580087
niu	-14.580087
fawcett	-14.580087
unlisted	-14.580087
theis	-14.580087
bolognese	-14.580087
ferns	-14.580087
nipped	-14.580087
gumball	-14.580087
mesmerizing	-14.580087
angular	-14.580087
inserting	-14.580087
punter	-14.580087
rahim	-14.580087
crescendo	-14.580087
leonidas	-14.580087
liao	-14.580087
metcalf	-14.580087
meggie	-14.580087
saburo	-14.580087
miri	-14.580087
morrie	-14.580087
benched	-14.580087
worsened	-14.580087
psychotherapy	-14.583236
cecilie	-14.583236
jamil	-14.583236
milligram	-14.583236
scuff	-14.583236
eeyore	-14.583236
misbehaved	-14.583236
fission	-14.583236
safeguards	-14.583236
unmask	-14.583236
lightness	-14.583236
ginsberg	-14.583236
buzzy	-14.583236
miura	-14.583236
tranquillity	-14.583236
bellow	-14.583236
caspian	-14.583236
unwavering	-14.583236
kelton	-14.583236
papua	-14.583236
untreated	-14.583236
vai	-14.583236
antifreeze	-14.583236
ipo	-14.583236
yom	-14.583236
hoynes	-14.583236
hehe	-14.583236
pelle	-14.583236
vehicular	-14.583236
biochemistry	-14.583236
shawna	-14.583236
shorthanded	-14.583236
xiomara	-14.583236
harada	-14.583236
bottling	-14.583236
lagos	-14.583236
sto	-14.583236
encountering	-14.583236
anatomical	-14.583236
sinning	-14.583236
compositions	-14.583236
afterthe	-14.583236
volkoff	-14.583236
chinks	-14.583236
eleni	-14.583236
kristine	-14.583236
croupier	-14.583236
chiseled	-14.583236
baskerville	-14.583236
soundproof	-14.586396
serrated	-14.586396
shallows	-14.586396
tompkins	-14.586396
nye	-14.586396
criminology	-14.586396
girlies	-14.586396
horsing	-14.586396
temperate	-14.586396
disarming	-14.586396
drachmas	-14.586396
awesomeness	-14.586396
dingle	-14.586396
governs	-14.586396
dottore	-14.586396
bohemia	-14.586396
gunk	-14.586396
steinberg	-14.586396
appetizing	-14.586396
mccallister	-14.586396
baum	-14.586396
odell	-14.586396
realy	-14.586396
zoltan	-14.586396
circe	-14.586396
contraire	-14.586396
torturer	-14.586396
jaeger	-14.586396
insurmountable	-14.586396
excavator	-14.586396
nobler	-14.586396
centennial	-14.586396
purging	-14.586396
mainwaring	-14.586396
analysing	-14.586396
torrente	-14.586396
taeko	-14.586396
ferrets	-14.586396
softy	-14.586396
clea	-14.586396
sarita	-14.586396
frazzled	-14.586396
haim	-14.586396
sagging	-14.586396
merch	-14.586396
beefy	-14.586396
hillbillies	-14.586396
spiraling	-14.586396
capes	-14.586396
ayodhya	-14.586396
huggy	-14.586396
pms	-14.586396
uncontrollably	-14.586396
gona	-14.586396
servicemen	-14.586396
eveybody	-14.586396
dredging	-14.586396
organist	-14.586396
amina	-14.586396
footnote	-14.586396
jacoby	-14.586396
monotony	-14.586396
vastness	-14.586396
dietz	-14.586396
milkshakes	-14.586396
bandstand	-14.586396
palladium	-14.586396
anecdotes	-14.589565
shins	-14.589565
jk	-14.589565
preyed	-14.589565
shalu	-14.589565
chiquita	-14.589565
shia	-14.589565
commited	-14.589565
whinny	-14.589565
spousal	-14.589565
lettering	-14.589565
propriety	-14.589565
cirie	-14.589565
slovakia	-14.589565
maldives	-14.589565
excitable	-14.589565
bonn	-14.589565
kidnaps	-14.589565
eriksson	-14.589565
bachman	-14.589565
xiong	-14.589565
corrosive	-14.589565
absorption	-14.589565
curley	-14.589565
pendejo	-14.589565
contradicts	-14.589565
foreclosed	-14.589565
hauptmann	-14.589565
litt	-14.589565
exasperated	-14.589565
exhume	-14.589565
inebriated	-14.589565
newsman	-14.589565
avinash	-14.589565
awoken	-14.589565
himalayan	-14.589565
sian	-14.589565
breeches	-14.589565
amitabh	-14.589565
slattery	-14.589565
adjournment	-14.589565
aretha	-14.589565
bellini	-14.589565
ballads	-14.589565
paraded	-14.589565
appleton	-14.589565
skewer	-14.589565
marchand	-14.589565
isotopes	-14.589565
alfalfa	-14.589565
pickups	-14.589565
newsweek	-14.589565
speculated	-14.589565
mage	-14.589565
guerillas	-14.589565
whopping	-14.589565
ici	-14.589565
skier	-14.589565
mckee	-14.589565
packers	-14.589565
hiked	-14.589565
swarms	-14.589565
sidecar	-14.589565
mazda	-14.589565
affirmation	-14.589565
roomy	-14.589565
contradicting	-14.592745
kiln	-14.592745
discoloration	-14.592745
raff	-14.592745
plummeting	-14.592745
saz	-14.592745
steamboat	-14.592745
marchioness	-14.592745
hopelessness	-14.592745
darin	-14.592745
habla	-14.592745
polygamy	-14.592745
pieced	-14.592745
defrost	-14.592745
implicitly	-14.592745
morwenna	-14.592745
vauxhall	-14.592745
resonate	-14.592745
marni	-14.592745
laredo	-14.592745
allegra	-14.592745
cammy	-14.592745
shibata	-14.592745
redone	-14.592745
whassup	-14.592745
gothenburg	-14.592745
occurrences	-14.592745
tangier	-14.592745
gaspar	-14.592745
dol	-14.592745
blaire	-14.592745
vos	-14.592745
layoffs	-14.592745
corbyn	-14.592745
anniversaries	-14.592745
exhibitions	-14.592745
depicts	-14.592745
evander	-14.592745
ambiance	-14.592745
droll	-14.592745
speedo	-14.592745
ploughed	-14.592745
estrella	-14.592745
lilacs	-14.592745
greenpeace	-14.592745
outposts	-14.592745
hijo	-14.592745
macduff	-14.592745
tenuous	-14.595935
dignify	-14.595935
cautionary	-14.595935
prejudicial	-14.595935
veeru	-14.595935
evaded	-14.595935
pioneered	-14.595935
boarders	-14.595935
chisholm	-14.595935
subdural	-14.595935
flamethrower	-14.595935
evemhing	-14.595935
ginnie	-14.595935
vinaigrette	-14.595935
mecha	-14.595935
undisciplined	-14.595935
prance	-14.595935
sanctified	-14.595935
caymans	-14.595935
mauritius	-14.595935
forthright	-14.595935
redacted	-14.595935
tawny	-14.595935
boer	-14.595935
geary	-14.595935
fertilize	-14.595935
distal	-14.595935
noche	-14.595935
willfully	-14.595935
anil	-14.595935
vivienne	-14.595935
poppet	-14.595935
misbehaving	-14.595935
lightsaber	-14.595935
lz	-14.595935
kingman	-14.595935
georgy	-14.595935
cumin	-14.595935
establishments	-14.595935
amped	-14.595935
merv	-14.595935
synthesis	-14.595935
nazarene	-14.595935
poul	-14.595935
mikayla	-14.595935
tana	-14.595935
nether	-14.595935
pasolini	-14.595935
volodya	-14.595935
shanks	-14.595935
faithfulness	-14.599135
atavus	-14.599135
redfern	-14.599135
feasts	-14.599135
asli	-14.599135
ralf	-14.599135
laudanum	-14.599135
ettore	-14.599135
understaffed	-14.599135
cholo	-14.599135
pulsar	-14.599135
amitabha	-14.599135
exhumed	-14.599135
scrounge	-14.599135
shota	-14.599135
stunted	-14.599135
sobering	-14.599135
iben	-14.599135
rickety	-14.599135
kazan	-14.599135
ghana	-14.599135
nanking	-14.599135
unwashed	-14.599135
scuttle	-14.599135
wiggly	-14.599135
astonishingly	-14.599135
eeny	-14.599135
brenna	-14.599135
hookfang	-14.599135
effortlessly	-14.599135
boaz	-14.599135
timeout	-14.599135
cordero	-14.599135
taxicab	-14.599135
scusi	-14.599135
ragging	-14.599135
peta	-14.599135
salinas	-14.599135
houseguest	-14.599135
deveraux	-14.599135
ganging	-14.599135
loathing	-14.599135
squelching	-14.599135
boswell	-14.599135
teaser	-14.599135
gehrig	-14.599135
scurrying	-14.599135
mountie	-14.599135
divorcee	-14.599135
celestine	-14.599135
synthesizer	-14.602345
forsaking	-14.602345
parlors	-14.602345
koga	-14.602345
dukat	-14.602345
vite	-14.602345
ismael	-14.602345
lfl	-14.602345
huber	-14.602345
nourished	-14.602345
mojitos	-14.602345
cranked	-14.602345
bhau	-14.602345
campground	-14.602345
kitano	-14.602345
kass	-14.602345
mutagen	-14.602345
scalps	-14.602345
wyler	-14.602345
shrubs	-14.602345
damme	-14.602345
governance	-14.602345
johansen	-14.602345
overthinking	-14.602345
menthol	-14.602345
letdown	-14.602345
limey	-14.602345
supposition	-14.602345
gantry	-14.602345
beacons	-14.602345
saboteurs	-14.602345
outgunned	-14.602345
savino	-14.602345
lackeys	-14.602345
sectionals	-14.602345
rager	-14.602345
lite	-14.602345
radu	-14.602345
adulterer	-14.602345
disguising	-14.602345
jenni	-14.602345
timings	-14.602345
chandramukhi	-14.602345
carsten	-14.602345
expectant	-14.602345
poxy	-14.602345
lela	-14.602345
onslow	-14.602345
sympathise	-14.602345
somewheres	-14.602345
effendi	-14.602345
pg	-14.602345
muss	-14.602345
gru	-14.602345
samara	-14.602345
halloran	-14.602345
rekindle	-14.602345
airbag	-14.602345
mclntyre	-14.602345
foosball	-14.605566
swooped	-14.605566
stateroom	-14.605566
easygoing	-14.605566
rochefort	-14.605566
transmits	-14.605566
knievel	-14.605566
fielder	-14.605566
gussie	-14.605566
ruffles	-14.605566
horseradish	-14.605566
orchards	-14.605566
garak	-14.605566
liston	-14.605566
manna	-14.605566
fras	-14.605566
plummeted	-14.605566
streamlined	-14.605566
chalky	-14.605566
shipmates	-14.605566
evel	-14.605566
curvature	-14.605566
predetermined	-14.605566
boatload	-14.605566
coed	-14.605566
choco	-14.605566
secretarial	-14.605566
colouring	-14.605566
dragan	-14.605566
jaggi	-14.605566
tweety	-14.605566
squeezes	-14.605566
bolster	-14.605566
uncomplicated	-14.605566
contemplated	-14.605566
josette	-14.605566
bovary	-14.605566
overland	-14.605566
fevers	-14.605566
porgy	-14.605566
scavenging	-14.605566
balmy	-14.605566
incidental	-14.605566
madoff	-14.605566
minos	-14.605566
pongo	-14.605566
igt	-14.605566
klicks	-14.605566
palme	-14.605566
implode	-14.605566
girth	-14.605566
overriding	-14.605566
goop	-14.605566
capitaine	-14.605566
avatars	-14.605566
beholden	-14.605566
savour	-14.605566
newsflash	-14.605566
mastering	-14.608797
immeasurable	-14.608797
dinero	-14.608797
retrograde	-14.608797
chiara	-14.608797
matsu	-14.608797
cleverest	-14.608797
huntsman	-14.608797
insinuate	-14.608797
progressively	-14.608797
tiana	-14.608797
patris	-14.608797
hallam	-14.608797
rediscover	-14.608797
glancing	-14.608797
remodeled	-14.608797
alka	-14.608797
srt	-14.608797
bequeathed	-14.608797
ricans	-14.608797
rutger	-14.608797
chihiro	-14.608797
perspiration	-14.608797
tributes	-14.608797
manav	-14.608797
geo	-14.608797
paramilitary	-14.608797
psychoanalyst	-14.608797
fergie	-14.608797
flunking	-14.608797
clauses	-14.608797
deej	-14.608797
artur	-14.608797
halil	-14.608797
slobbering	-14.608797
jiu	-14.608797
ascot	-14.608797
nerys	-14.608797
geezers	-14.608797
wasnt	-14.608797
spearhead	-14.608797
scooters	-14.608797
slabs	-14.608797
decomp	-14.608797
toppled	-14.608797
blackest	-14.608797
itto	-14.608797
duplicated	-14.608797
hypnotism	-14.608797
degeneration	-14.608797
fallujah	-14.608797
wriggling	-14.608797
cantrell	-14.608797
baseless	-14.608797
humpback	-14.608797
deader	-14.608797
ncaa	-14.608797
tatters	-14.608797
antagonize	-14.608797
rowed	-14.612038
discontinue	-14.612038
cask	-14.612038
mobius	-14.612038
eval	-14.612038
burg	-14.612038
erie	-14.612038
ufc	-14.612038
suckered	-14.612038
adderall	-14.612038
whos	-14.612038
shriveled	-14.612038
cheetahs	-14.612038
kk	-14.612038
couldnt	-14.612038
generalissimo	-14.612038
eco	-14.612038
toiled	-14.612038
rance	-14.612038
liliana	-14.612038
piggies	-14.612038
forgo	-14.612038
macleish	-14.612038
squatter	-14.612038
telex	-14.612038
eko	-14.612038
khartoum	-14.612038
diagonal	-14.612038
petrus	-14.612038
recheck	-14.612038
sustains	-14.612038
multiverse	-14.612038
ramesses	-14.612038
rewrote	-14.612038
senegal	-14.612038
yugoslav	-14.612038
seep	-14.612038
heisenberg	-14.612038
tp	-14.612038
vinod	-14.612038
mosey	-14.612038
capoeira	-14.612038
descendents	-14.612038
sepsis	-14.612038
bolin	-14.612038
corrie	-14.612038
thickens	-14.612038
aslan	-14.612038
miseries	-14.615290
contrition	-14.615290
kamini	-14.615290
romp	-14.615290
polack	-14.615290
applicable	-14.615290
leonor	-14.615290
additions	-14.615290
rickman	-14.615290
arbiter	-14.615290
unclaimed	-14.615290
smock	-14.615290
sizzles	-14.615290
mcintyre	-14.615290
dejected	-14.615290
retention	-14.615290
juke	-14.615290
dilation	-14.615290
manya	-14.615290
tycho	-14.615290
molar	-14.615290
sacking	-14.615290
savant	-14.615290
heyday	-14.615290
loosening	-14.615290
paperweight	-14.615290
keenly	-14.615290
grossed	-14.615290
cervantes	-14.615290
zan	-14.615290
barstow	-14.615290
greenie	-14.615290
mlle	-14.615290
westbound	-14.615290
moreland	-14.615290
crawfish	-14.615290
batiatus	-14.615290
juveniles	-14.615290
lawyered	-14.615290
partnerships	-14.615290
authorizing	-14.615290
mementos	-14.615290
haggling	-14.615290
impressionist	-14.615290
stillson	-14.615290
minoru	-14.615290
abla	-14.615290
felled	-14.615290
harken	-14.615290
bernhardt	-14.615290
pipsqueak	-14.618553
kline	-14.618553
directives	-14.618553
collard	-14.618553
janko	-14.618553
unexplainable	-14.618553
lapdog	-14.618553
rectangle	-14.618553
seducer	-14.618553
deets	-14.618553
slavic	-14.618553
ipek	-14.618553
undergraduate	-14.618553
crawler	-14.618553
freemasons	-14.618553
mountainous	-14.618553
asthmatic	-14.618553
renown	-14.618553
playmates	-14.618553
friendlier	-14.618553
mandible	-14.618553
handprint	-14.618553
brogan	-14.618553
cranberries	-14.618553
wino	-14.618553
rabbis	-14.618553
burnout	-14.618553
janaki	-14.618553
itt	-14.618553
spalding	-14.618553
kiku	-14.618553
paterson	-14.618553
fireballs	-14.618553
ebba	-14.618553
scaly	-14.618553
notifying	-14.618553
deliberations	-14.618553
bunt	-14.618553
issa	-14.618553
subsidy	-14.618553
susy	-14.618553
fagin	-14.618553
bama	-14.618553
drafty	-14.618553
enchantress	-14.618553
kismet	-14.618553
metallica	-14.618553
delacroix	-14.618553
binford	-14.618553
unintentional	-14.618553
tomahawk	-14.618553
estep	-14.618553
gael	-14.618553
queensland	-14.618553
stoy	-14.621826
avocados	-14.621826
vir	-14.621826
conlon	-14.621826
amis	-14.621826
acrylic	-14.621826
supremely	-14.621826
repented	-14.621826
sirloin	-14.621826
caulfield	-14.621826
retains	-14.621826
gorgon	-14.621826
ine	-14.621826
huston	-14.621826
beatboxing	-14.621826
anata	-14.621826
globalization	-14.621826
wor	-14.621826
florins	-14.621826
cates	-14.621826
americana	-14.621826
mitsuru	-14.621826
fathoms	-14.621826
tangiers	-14.621826
liddy	-14.621826
powwow	-14.621826
rescuers	-14.621826
hier	-14.621826
dogging	-14.621826
chil	-14.621826
unbiased	-14.621826
yukimura	-14.621826
corwin	-14.621826
comparisons	-14.621826
wolsey	-14.621826
ako	-14.621826
promissory	-14.621826
whoopi	-14.621826
airliner	-14.621826
ridgeway	-14.621826
stratford	-14.621826
nonsensical	-14.621826
osvaldo	-14.621826
agustin	-14.621826
finito	-14.621826
commended	-14.621826
monocle	-14.621826
xanadu	-14.621826
ara	-14.621826
villainy	-14.621826
rumple	-14.621826
doi	-14.621826
boor	-14.625110
euphoric	-14.625110
angina	-14.625110
boyo	-14.625110
bayonne	-14.625110
haute	-14.625110
disloyalty	-14.625110
payoffs	-14.625110
verbatim	-14.625110
boisterous	-14.625110
ddr	-14.625110
budgie	-14.625110
roop	-14.625110
caregiver	-14.625110
synaptic	-14.625110
keira	-14.625110
cojones	-14.625110
bicarbonate	-14.625110
jeet	-14.625110
gordie	-14.625110
incinerate	-14.625110
intervening	-14.625110
junta	-14.625110
diggs	-14.625110
strategize	-14.625110
spiky	-14.625110
applebee	-14.625110
spurned	-14.625110
copping	-14.625110
prescribing	-14.625110
orly	-14.625110
daydreams	-14.625110
heroically	-14.625110
jaipur	-14.625110
identifiable	-14.625110
barbary	-14.625110
decompose	-14.625110
inverse	-14.625110
misused	-14.625110
swayze	-14.625110
weevil	-14.625110
ishmael	-14.625110
dooku	-14.625110
siena	-14.625110
screamin	-14.625110
cussing	-14.625110
manoj	-14.625110
tamales	-14.625110
dyes	-14.625110
rumsfeld	-14.625110
yore	-14.625110
langer	-14.625110
gush	-14.625110
jalopy	-14.625110
perrier	-14.625110
stiletto	-14.625110
coyle	-14.625110
drunkenly	-14.625110
asako	-14.625110
tthe	-14.625110
booyah	-14.625110
gated	-14.625110
blowfish	-14.625110
buzzkill	-14.625110
crockery	-14.628405
basilica	-14.628405
bloodstained	-14.628405
coburn	-14.628405
lapsed	-14.628405
spitz	-14.628405
sparse	-14.628405
fitzroy	-14.628405
rescind	-14.628405
kimmel	-14.628405
roche	-14.628405
outbid	-14.628405
provenance	-14.628405
swifty	-14.628405
underdogs	-14.628405
tearfully	-14.628405
fritter	-14.628405
ste	-14.628405
clogging	-14.628405
converging	-14.628405
dec	-14.628405
kuen	-14.628405
capra	-14.628405
pavlov	-14.628405
suleyman	-14.628405
gov	-14.628405
groped	-14.628405
slits	-14.628405
bellman	-14.628405
fledgling	-14.628405
erectile	-14.628405
proportional	-14.628405
linoleum	-14.628405
operatic	-14.628405
vel	-14.628405
asakura	-14.628405
sardinia	-14.628405
xerxes	-14.628405
puddings	-14.628405
mildew	-14.628405
glaucoma	-14.628405
anaphylactic	-14.628405
lobbyists	-14.628405
beluga	-14.628405
unconsciousness	-14.628405
sunnyvale	-14.628405
vying	-14.628405
catechism	-14.628405
mysticism	-14.628405
meeny	-14.628405
mustaches	-14.628405
mcbain	-14.628405
pbht	-14.631711
rovers	-14.631711
hassled	-14.631711
eda	-14.631711
addictions	-14.631711
azure	-14.631711
emphatically	-14.631711
tereza	-14.631711
wean	-14.631711
piedmont	-14.631711
disorientation	-14.631711
fosters	-14.631711
candied	-14.631711
skupin	-14.631711
engages	-14.631711
tentacle	-14.631711
shouidn	-14.631711
legality	-14.631711
winging	-14.631711
telepath	-14.631711
thorndyke	-14.631711
growers	-14.631711
unfeeling	-14.631711
touker	-14.631711
narnia	-14.631711
kuroda	-14.631711
mayko	-14.631711
roadhouse	-14.631711
moonstone	-14.631711
hails	-14.631711
kourtney	-14.631711
harkonnen	-14.631711
choe	-14.631711
humphries	-14.631711
pettigrew	-14.631711
enright	-14.631711
phrasing	-14.631711
doruk	-14.631711
peepers	-14.631711
facedown	-14.631711
ashford	-14.631711
fortify	-14.631711
kike	-14.631711
seashells	-14.631711
pharma	-14.631711
commendatore	-14.631711
nuance	-14.631711
machado	-14.631711
krampus	-14.635028
flurry	-14.635028
ticktock	-14.635028
powerfully	-14.635028
refresher	-14.635028
tigh	-14.635028
fervor	-14.635028
compensating	-14.635028
bandana	-14.635028
fortresses	-14.635028
decommissioned	-14.635028
immorality	-14.635028
reactivate	-14.635028
commencement	-14.635028
tripathi	-14.635028
synchronization	-14.635028
gangbanger	-14.635028
squished	-14.635028
innocuous	-14.635028
authenticate	-14.635028
apologetic	-14.635028
yutaka	-14.635028
wiggins	-14.635028
typewriters	-14.635028
jailbreak	-14.635028
cherub	-14.635028
grime	-14.635028
jyoti	-14.635028
enchilada	-14.635028
interception	-14.635028
tablecloths	-14.635028
millimetre	-14.635028
bolus	-14.635028
sena	-14.635028
fook	-14.635028
maeve	-14.635028
shrivel	-14.635028
replicated	-14.635028
ariana	-14.635028
hieroglyphs	-14.635028
empower	-14.635028
girardi	-14.635028
eugenics	-14.635028
sapporo	-14.635028
taunts	-14.635028
rationalize	-14.635028
hak	-14.635028
stasi	-14.635028
mooch	-14.635028
deductible	-14.635028
stepsister	-14.635028
reproduced	-14.635028
wisteria	-14.638356
aster	-14.638356
comte	-14.638356
harbinger	-14.638356
dennison	-14.638356
stoves	-14.638356
skilful	-14.638356
vlado	-14.638356
didrt	-14.638356
wounding	-14.638356
zoran	-14.638356
thistle	-14.638356
fornell	-14.638356
conducive	-14.638356
flexing	-14.638356
fourteenth	-14.638356
togo	-14.638356
fedora	-14.638356
delightfully	-14.638356
jettison	-14.638356
dissatisfaction	-14.638356
mulch	-14.638356
buyout	-14.638356
moxie	-14.638356
giordano	-14.638356
culpepper	-14.638356
henny	-14.638356
trieste	-14.638356
imperfection	-14.638356
gees	-14.638356
insincere	-14.638356
overpaid	-14.638356
takuya	-14.638356
mete	-14.638356
catnip	-14.638356
dunlop	-14.638356
propped	-14.638356
vindicated	-14.638356
eggshells	-14.638356
panisse	-14.638356
forearms	-14.638356
redevelopment	-14.638356
gamers	-14.638356
javert	-14.638356
kublai	-14.638356
cowering	-14.638356
rashes	-14.638356
jassi	-14.638356
nudie	-14.638356
asta	-14.638356
vena	-14.638356
earphones	-14.638356
kurds	-14.638356
greenfield	-14.638356
raghavan	-14.638356
muffy	-14.638356
hostesses	-14.638356
fenced	-14.638356
snitching	-14.638356
seizes	-14.638356
huntress	-14.638356
evaporates	-14.638356
divvy	-14.638356
castration	-14.638356
kickbacks	-14.638356
conny	-14.641695
earnestly	-14.641695
fiberglass	-14.641695
invents	-14.641695
stopper	-14.641695
foetus	-14.641695
desecration	-14.641695
ryota	-14.641695
ith	-14.641695
disapproved	-14.641695
truant	-14.641695
weaklings	-14.641695
skimpy	-14.641695
freeways	-14.641695
fuming	-14.641695
ambien	-14.641695
whitelighter	-14.641695
humboldt	-14.641695
hales	-14.641695
harvester	-14.641695
fedya	-14.641695
requisitioned	-14.641695
wheelie	-14.641695
galan	-14.641695
wrongfully	-14.641695
mose	-14.641695
fatale	-14.641695
snarl	-14.641695
giorno	-14.641695
dit	-14.641695
ascendant	-14.641695
braithwaite	-14.641695
siya	-14.641695
flirtatious	-14.641695
merchandising	-14.641695
driftwood	-14.641695
stauffenberg	-14.641695
worsen	-14.641695
glimpsed	-14.641695
shuffled	-14.641695
bailout	-14.641695
overt	-14.641695
blech	-14.641695
affidavits	-14.641695
ks	-14.641695
kilmer	-14.641695
yuh	-14.641695
arent	-14.641695
emy	-14.641695
inlet	-14.641695
trojans	-14.641695
comas	-14.641695
bef	-14.641695
bombard	-14.641695
greenway	-14.641695
deus	-14.641695
astonishment	-14.641695
chandigarh	-14.641695
mino	-14.641695
weekdays	-14.641695
tunis	-14.641695
escapade	-14.641695
speakeasy	-14.645045
kami	-14.645045
griswold	-14.645045
ackroyd	-14.645045
dawdling	-14.645045
fairytales	-14.645045
mothering	-14.645045
napier	-14.645045
assuredly	-14.645045
vaccinations	-14.645045
budging	-14.645045
infraction	-14.645045
blockers	-14.645045
softest	-14.645045
engrossed	-14.645045
propellers	-14.645045
pakistanis	-14.645045
vaporize	-14.645045
broussard	-14.645045
weirdoes	-14.645045
ock	-14.645045
gyp	-14.645045
achieves	-14.645045
hoppy	-14.645045
wilmington	-14.645045
fuckface	-14.645045
waterways	-14.645045
petar	-14.645045
wolfblood	-14.645045
treadwell	-14.645045
ind	-14.645045
biscotti	-14.645045
modus	-14.645045
asterix	-14.645045
slaw	-14.645045
gacy	-14.645045
mmh	-14.645045
nestled	-14.645045
pitted	-14.645045
lusty	-14.645045
embalmed	-14.645045
wouldnt	-14.645045
fok	-14.645045
coffeehouse	-14.645045
starks	-14.645045
slinky	-14.645045
woodman	-14.645045
streamers	-14.645045
admittance	-14.645045
kenshin	-14.645045
zooey	-14.645045
stillborn	-14.645045
truffaut	-14.645045
macaroons	-14.645045
sandbags	-14.645045
constructions	-14.645045
axelrod	-14.648406
butchie	-14.648406
unduly	-14.648406
ecosystems	-14.648406
aly	-14.648406
oshima	-14.648406
letitia	-14.648406
scudder	-14.648406
crevice	-14.648406
drumsticks	-14.648406
anomalous	-14.648406
lita	-14.648406
misstep	-14.648406
hairdressers	-14.648406
ouyang	-14.648406
slava	-14.648406
colada	-14.648406
ravan	-14.648406
tought	-14.648406
headlong	-14.648406
sameera	-14.648406
indignant	-14.648406
neckline	-14.648406
aaaaaah	-14.648406
kosuke	-14.648406
aaahh	-14.648406
yim	-14.648406
shukla	-14.648406
stallions	-14.648406
cordially	-14.648406
hammy	-14.648406
beauchamp	-14.648406
deference	-14.648406
toph	-14.648406
terraces	-14.648406
hovercraft	-14.648406
fables	-14.648406
adric	-14.648406
kaan	-14.648406
duffer	-14.648406
walther	-14.648406
hygienist	-14.648406
rearing	-14.648406
bunyan	-14.648406
beasley	-14.648406
nimrod	-14.648406
tilting	-14.648406
yakov	-14.648406
deficient	-14.648406
hatun	-14.648406
loxley	-14.648406
ignites	-14.648406
schrader	-14.648406
neumann	-14.648406
ploughing	-14.648406
vassals	-14.648406
waylon	-14.648406
fantasia	-14.648406
usman	-14.648406
trager	-14.648406
bec	-14.648406
pampering	-14.648406
breakdowns	-14.648406
wal	-14.648406
denser	-14.651779
coldly	-14.651779
mandolin	-14.651779
glacial	-14.651779
hjalmar	-14.651779
bekir	-14.651779
masonry	-14.651779
comandante	-14.651779
wejust	-14.651779
subpoenas	-14.651779
electroshock	-14.651779
vespa	-14.651779
temptress	-14.651779
arvid	-14.651779
keisuke	-14.651779
lovett	-14.651779
codename	-14.651779
balconies	-14.651779
clouseau	-14.651779
breadcrumbs	-14.651779
preys	-14.651779
tonga	-14.651779
hokage	-14.651779
garrick	-14.651779
brassiere	-14.651779
lemmy	-14.651779
switchblade	-14.651779
madhav	-14.651779
mie	-14.651779
pasteur	-14.651779
zionist	-14.651779
rodin	-14.651779
voldemort	-14.651779
instantaneously	-14.651779
norrie	-14.651779
unfolded	-14.651779
aperitif	-14.651779
torsten	-14.651779
vapors	-14.651779
intravenous	-14.651779
goff	-14.651779
rebus	-14.651779
boroughs	-14.651779
confederation	-14.651779
rile	-14.651779
rohypnol	-14.651779
julianna	-14.651779
tussle	-14.651779
improperly	-14.651779
pudgy	-14.651779
submerge	-14.651779
amulets	-14.651779
aru	-14.651779
cancerous	-14.651779
paan	-14.651779
hef	-14.651779
taka	-14.651779
belcher	-14.651779
cappy	-14.651779
honcho	-14.655163
thready	-14.655163
incubation	-14.655163
bamba	-14.655163
saris	-14.655163
steamship	-14.655163
chessboard	-14.655163
marbella	-14.655163
deadlock	-14.655163
cantwell	-14.655163
aflame	-14.655163
unquestionably	-14.655163
matsui	-14.655163
regulators	-14.655163
archeologist	-14.655163
insinuations	-14.655163
aurelio	-14.655163
dachau	-14.655163
ingratitude	-14.655163
suey	-14.655163
freakish	-14.655163
emitter	-14.655163
tomo	-14.655163
margit	-14.655163
disintegration	-14.655163
sideboard	-14.655163
lapses	-14.655163
luger	-14.655163
droves	-14.655163
cranks	-14.655163
vacationing	-14.655163
handheld	-14.655163
genies	-14.655163
ook	-14.655163
normality	-14.655163
claes	-14.655163
maybes	-14.655163
specks	-14.655163
mimmi	-14.655163
buona	-14.655163
whammy	-14.655163
glint	-14.655163
passable	-14.655163
sav	-14.655163
aloe	-14.655163
banknotes	-14.655163
shasta	-14.655163
perla	-14.655163
pappas	-14.655163
eau	-14.655163
ewa	-14.655163
wannabes	-14.655163
virtuoso	-14.655163
waitressing	-14.655163
troma	-14.655163
cutoff	-14.655163
fenway	-14.655163
townsfolk	-14.655163
cretins	-14.655163
flopped	-14.655163
witter	-14.655163
nouveau	-14.655163
bara	-14.658558
sunni	-14.658558
shelled	-14.658558
hokey	-14.658558
billu	-14.658558
candlesticks	-14.658558
nighty	-14.658558
anchovy	-14.658558
cataracts	-14.658558
entrenched	-14.658558
inception	-14.658558
kati	-14.658558
caucasus	-14.658558
liabilities	-14.658558
takayama	-14.658558
shading	-14.658558
snowballs	-14.658558
galactus	-14.658558
ravana	-14.658558
handlebars	-14.658558
uta	-14.658558
retainers	-14.658558
rovere	-14.658558
tailgate	-14.658558
griffiths	-14.658558
purser	-14.658558
acknowledges	-14.658558
mayoral	-14.658558
unhappily	-14.658558
desecrate	-14.658558
poopy	-14.658558
ifthe	-14.658558
agathe	-14.658558
prussians	-14.658558
guadalajara	-14.658558
pachinko	-14.658558
vika	-14.658558
cem	-14.658558
meanness	-14.658558
jussi	-14.658558
apricots	-14.658558
militias	-14.658558
skrill	-14.658558
polanski	-14.658558
bushed	-14.658558
sugarcoat	-14.658558
nyborg	-14.658558
simplified	-14.658558
decoder	-14.658558
buckland	-14.658558
industrialists	-14.658558
laude	-14.658558
gauna	-14.658558
vole	-14.658558
ayala	-14.658558
udon	-14.658558
hags	-14.658558
morehouse	-14.658558
polaroids	-14.661965
filipe	-14.661965
modules	-14.661965
renegades	-14.661965
zlotys	-14.661965
motorcar	-14.661965
branching	-14.661965
sshh	-14.661965
shambo	-14.661965
quorum	-14.661965
sensuous	-14.661965
biding	-14.661965
severing	-14.661965
gian	-14.661965
clouding	-14.661965
scarcity	-14.661965
southall	-14.661965
deceiver	-14.661965
klux	-14.661965
bricklayer	-14.661965
meenakshi	-14.661965
flared	-14.661965
figurehead	-14.661965
deunan	-14.661965
afire	-14.661965
transcendent	-14.661965
vinay	-14.661965
spuds	-14.661965
fecal	-14.661965
moisturizer	-14.661965
jeannot	-14.661965
amarillo	-14.661965
schoolmates	-14.661965
riza	-14.661965
stingers	-14.661965
labia	-14.661965
harwood	-14.661965
discharging	-14.661965
migs	-14.661965
authenticated	-14.661965
lutheran	-14.661965
freddo	-14.661965
tennant	-14.661965
goemon	-14.661965
frankness	-14.661965
abolition	-14.661965
confiscating	-14.661965
bunking	-14.661965
pierces	-14.661965
enlargement	-14.661965
doge	-14.661965
delicatessen	-14.665384
beemer	-14.665384
shacking	-14.665384
deviated	-14.665384
dorcas	-14.665384
ns	-14.665384
aerodynamic	-14.665384
tumbleweed	-14.665384
flintstone	-14.665384
barrows	-14.665384
gargle	-14.665384
aerosol	-14.665384
lerner	-14.665384
cyberspace	-14.665384
peso	-14.665384
wafer	-14.665384
nippy	-14.665384
chafing	-14.665384
liquidated	-14.665384
andrzej	-14.665384
tabasco	-14.665384
elegantly	-14.665384
postmark	-14.665384
mercia	-14.665384
toyed	-14.665384
cockerel	-14.665384
gassy	-14.665384
grandmas	-14.665384
hyperion	-14.665384
daffodils	-14.665384
entitlement	-14.665384
ralston	-14.665384
tartare	-14.665384
buena	-14.665384
curran	-14.665384
elapsed	-14.665384
phobias	-14.665384
patrizia	-14.665384
answerable	-14.665384
tooni	-14.665384
toodles	-14.665384
hayworth	-14.665384
lawd	-14.665384
varmint	-14.665384
aboot	-14.665384
snippy	-14.665384
hanka	-14.665384
pok	-14.665384
hiatus	-14.665384
conover	-14.665384
burlap	-14.668815
bailiffs	-14.668815
loonies	-14.668815
basset	-14.668815
stds	-14.668815
starburst	-14.668815
delectable	-14.668815
exporting	-14.668815
hipsters	-14.668815
embodies	-14.668815
sveta	-14.668815
iridium	-14.668815
ganymede	-14.668815
materialize	-14.668815
rittenhouse	-14.668815
daiquiri	-14.668815
flagrant	-14.668815
cellulite	-14.668815
splurge	-14.668815
submersible	-14.668815
havre	-14.668815
dakar	-14.668815
graveyards	-14.668815
maharajah	-14.668815
vocational	-14.668815
awash	-14.668815
manley	-14.668815
legalize	-14.668815
paralyzing	-14.668815
aceveda	-14.668815
weekday	-14.668815
phill	-14.668815
layover	-14.668815
marquette	-14.668815
larder	-14.668815
fluently	-14.668815
pari	-14.668815
strums	-14.668815
recuperating	-14.668815
showin	-14.668815
emphysema	-14.668815
bronte	-14.668815
ocho	-14.668815
eyeglasses	-14.668815
incisions	-14.668815
injuring	-14.668815
songwriting	-14.668815
nantes	-14.668815
otomo	-14.668815
screwball	-14.668815
spooning	-14.668815
jello	-14.668815
photosynthesis	-14.668815
sar	-14.668815
lohan	-14.668815
cataclysm	-14.668815
champa	-14.668815
trumped	-14.668815
donatella	-14.668815
briefings	-14.668815
motivating	-14.668815
geils	-14.668815
hanako	-14.668815
kloss	-14.668815
sliders	-14.668815
sportsmanship	-14.668815
hoffa	-14.668815
walcott	-14.668815
dominatrix	-14.668815
chandeliers	-14.668815
sylvain	-14.668815
arigato	-14.668815
teardrop	-14.668815
tsuyoshi	-14.668815
undamaged	-14.668815
warranted	-14.668815
saggy	-14.668815
sammi	-14.668815
crosswords	-14.672257
outcry	-14.672257
macchiato	-14.672257
hotaru	-14.672257
formulated	-14.672257
goths	-14.672257
amon	-14.672257
soothes	-14.672257
senhor	-14.672257
fortescue	-14.672257
fermat	-14.672257
spawning	-14.672257
chauvinist	-14.672257
rectangular	-14.672257
bluebeard	-14.672257
repelled	-14.672257
jesuits	-14.672257
outlast	-14.672257
conte	-14.672257
sunstroke	-14.672257
authoritative	-14.672257
utilizing	-14.672257
trifecta	-14.672257
doctoring	-14.672257
snorkel	-14.672257
droopy	-14.672257
tmz	-14.672257
brea	-14.672257
yowls	-14.672257
conceivably	-14.672257
millstone	-14.672257
pissant	-14.672257
sequestered	-14.672257
pilkington	-14.672257
mauro	-14.672257
laramie	-14.672257
goober	-14.672257
bloch	-14.672257
thibault	-14.672257
insurgent	-14.672257
dian	-14.672257
pondered	-14.672257
gerhard	-14.672257
nods	-14.672257
lolo	-14.672257
slumped	-14.675711
relieves	-14.675711
kapa	-14.675711
devastate	-14.675711
mousy	-14.675711
effigy	-14.675711
dailies	-14.675711
widening	-14.675711
healers	-14.675711
frell	-14.675711
boulogne	-14.675711
nippon	-14.675711
gallifrey	-14.675711
vivre	-14.675711
unoccupied	-14.675711
wilden	-14.675711
refrigerated	-14.675711
druggie	-14.675711
instilled	-14.675711
headdress	-14.675711
distracts	-14.675711
cg	-14.675711
akhenaten	-14.675711
stadiums	-14.675711
boz	-14.675711
honeycomb	-14.675711
angkor	-14.675711
blacker	-14.675711
crucially	-14.675711
bos	-14.675711
energized	-14.675711
mckinnon	-14.675711
ele	-14.675711
prelim	-14.675711
clearwater	-14.675711
acme	-14.675711
arising	-14.675711
toiling	-14.675711
malarkey	-14.675711
overconfident	-14.675711
heydrich	-14.675711
gendarme	-14.675711
ions	-14.675711
arranges	-14.675711
corduroy	-14.675711
nutjob	-14.675711
brubaker	-14.675711
suitably	-14.675711
guaranteeing	-14.675711
upping	-14.675711
resorting	-14.675711
dons	-14.675711
kowtow	-14.675711
shoji	-14.675711
pirated	-14.675711
motley	-14.675711
osamu	-14.675711
imran	-14.675711
dildos	-14.675711
comforter	-14.675711
swindling	-14.675711
engulf	-14.675711
hogarth	-14.675711
chrysanthemum	-14.675711
comings	-14.675711
fantomas	-14.675711
parka	-14.675711
correspondents	-14.675711
bullseye	-14.675711
wolfman	-14.675711
nts	-14.675711
implicating	-14.675711
pervy	-14.675711
rampart	-14.675711
transfusions	-14.675711
nanami	-14.679178
mathers	-14.679178
ras	-14.679178
extradite	-14.679178
gyung	-14.679178
delinquency	-14.679178
slog	-14.679178
vig	-14.679178
zaki	-14.679178
stipulated	-14.679178
raine	-14.679178
roomful	-14.679178
laurens	-14.679178
mesopotamia	-14.679178
zz	-14.679178
boynton	-14.679178
brannigan	-14.679178
erasmus	-14.679178
rationality	-14.679178
loverboy	-14.679178
tlc	-14.679178
mito	-14.679178
cowley	-14.679178
dunlap	-14.679178
burro	-14.679178
nitroglycerin	-14.679178
wooded	-14.679178
swampy	-14.679178
cathcart	-14.679178
grimy	-14.679178
tachy	-14.679178
amendments	-14.679178
wristband	-14.679178
tui	-14.679178
purview	-14.679178
downwind	-14.679178
susumu	-14.679178
doon	-14.679178
thievery	-14.679178
fraternal	-14.679178
hyuga	-14.679178
pueblo	-14.679178
mcgarry	-14.679178
ovarian	-14.679178
helios	-14.679178
wetlands	-14.679178
camus	-14.679178
okeydokey	-14.679178
detainee	-14.679178
whisked	-14.679178
challengers	-14.679178
rumoured	-14.679178
everwood	-14.679178
opportunistic	-14.679178
ik	-14.679178
ritualistic	-14.679178
zatoichi	-14.679178
abdicate	-14.679178
magnificently	-14.679178
uc	-14.679178
cellophane	-14.679178
thrace	-14.679178
muggers	-14.679178
hatice	-14.679178
revisions	-14.682656
quarts	-14.682656
locality	-14.682656
leeks	-14.682656
maron	-14.682656
lounging	-14.682656
incited	-14.682656
indecency	-14.682656
xmas	-14.682656
tartarus	-14.682656
rember	-14.682656
speedway	-14.682656
barnacle	-14.682656
sovereigns	-14.682656
papyrus	-14.682656
establishes	-14.682656
blackberries	-14.682656
jaymes	-14.682656
jenks	-14.682656
tinkles	-14.682656
prithvi	-14.682656
itsuki	-14.682656
rubik	-14.682656
shad	-14.682656
grassland	-14.682656
kazuya	-14.682656
stubby	-14.682656
skullion	-14.682656
duc	-14.682656
fakir	-14.682656
maigret	-14.682656
keynes	-14.682656
mifflin	-14.682656
yoshino	-14.682656
profiled	-14.682656
haleh	-14.682656
roused	-14.682656
etsuko	-14.682656
ajussi	-14.682656
soars	-14.682656
savagely	-14.682656
fortuitous	-14.682656
mandi	-14.682656
sdu	-14.682656
whittle	-14.682656
holst	-14.682656
sanae	-14.682656
pushin	-14.682656
bonsai	-14.682656
stewards	-14.682656
bringer	-14.682656
verbs	-14.682656
ewe	-14.682656
clave	-14.682656
jule	-14.682656
charted	-14.682656
hitherto	-14.682656
asinine	-14.682656
unger	-14.682656
idleness	-14.682656
diss	-14.682656
skated	-14.682656
swordplay	-14.682656
blacklist	-14.686146
fluctuating	-14.686146
censure	-14.686146
latour	-14.686146
motorized	-14.686146
zealous	-14.686146
smirking	-14.686146
divinely	-14.686146
firth	-14.686146
slpowlcz	-14.686146
chicky	-14.686146
lazybones	-14.686146
bradbury	-14.686146
nourishing	-14.686146
teeger	-14.686146
beanbag	-14.686146
foy	-14.686146
giveth	-14.686146
repute	-14.686146
narcissus	-14.686146
consorting	-14.686146
ewings	-14.686146
plumes	-14.686146
yakking	-14.686146
alabaster	-14.686146
accuser	-14.686146
airhead	-14.686146
maclean	-14.686146
wrigley	-14.686146
interiors	-14.686146
surveyed	-14.686146
ayse	-14.686146
cheetos	-14.686146
lopsided	-14.686146
inheriting	-14.686146
oddest	-14.686146
stefania	-14.686146
pursues	-14.686146
blowed	-14.686146
paragraphs	-14.686146
hereabouts	-14.686146
crusts	-14.686146
butthead	-14.686146
capo	-14.686146
gambles	-14.686146
stocky	-14.686146
enhances	-14.686146
kickback	-14.686146
penned	-14.686146
thornhill	-14.686146
hajime	-14.686146
delfino	-14.686146
opry	-14.686146
mightier	-14.686146
mercutio	-14.686146
storey	-14.686146
presuming	-14.686146
flutes	-14.686146
beastie	-14.686146
comanches	-14.686146
wintertime	-14.686146
effing	-14.686146
whitewash	-14.686146
remedial	-14.686146
theodora	-14.686146
glug	-14.686146
groundskeeper	-14.686146
maketh	-14.686146
dobby	-14.686146
wada	-14.689649
grouping	-14.689649
peephole	-14.689649
excise	-14.689649
reestablish	-14.689649
triathlon	-14.689649
grander	-14.689649
maeda	-14.689649
contributes	-14.689649
carsick	-14.689649
exhaustive	-14.689649
camembert	-14.689649
eastside	-14.689649
validated	-14.689649
coitus	-14.689649
coeur	-14.689649
caiaphas	-14.689649
unburden	-14.689649
scarborough	-14.689649
ravage	-14.689649
guff	-14.689649
overstep	-14.689649
shtick	-14.689649
pinged	-14.689649
ek	-14.689649
delbert	-14.689649
mingo	-14.689649
montezuma	-14.689649
ajoke	-14.689649
butchery	-14.689649
arcane	-14.689649
bogo	-14.689649
fattest	-14.689649
incursion	-14.689649
teague	-14.689649
tippy	-14.689649
sandalwood	-14.689649
suna	-14.689649
dil	-14.689649
incoherently	-14.689649
buttery	-14.689649
chugger	-14.689649
verily	-14.689649
corns	-14.689649
talmud	-14.689649
restrooms	-14.689649
pneumatic	-14.689649
irrigate	-14.689649
bangle	-14.689649
fairview	-14.689649
morticia	-14.689649
unknowns	-14.693164
redecorated	-14.693164
orthodontist	-14.693164
tsang	-14.693164
contributor	-14.693164
pico	-14.693164
ricotta	-14.693164
flatly	-14.693164
loafing	-14.693164
rhapsody	-14.693164
stifler	-14.693164
pituitary	-14.693164
trailed	-14.693164
siao	-14.693164
gauche	-14.693164
manicurist	-14.693164
certifiable	-14.693164
treacle	-14.693164
telephoning	-14.693164
staunch	-14.693164
pinks	-14.693164
sith	-14.693164
spokane	-14.693164
magnified	-14.693164
cutlass	-14.693164
cucaracha	-14.693164
avarice	-14.693164
atherton	-14.693164
breck	-14.693164
lumpur	-14.693164
apparitions	-14.693164
sekai	-14.693164
artisan	-14.693164
intubated	-14.693164
truss	-14.693164
transitional	-14.693164
fellers	-14.693164
occupations	-14.693164
pallet	-14.693164
serengeti	-14.693164
garfunkel	-14.693164
armament	-14.693164
cutty	-14.693164
seagal	-14.693164
precursor	-14.693164
encephalitis	-14.693164
niamh	-14.693164
flunky	-14.693164
clashed	-14.693164
unnie	-14.693164
supercar	-14.693164
slings	-14.693164
premonitions	-14.693164
bambino	-14.693164
rippling	-14.693164
lumen	-14.693164
miscommunication	-14.693164
blinks	-14.693164
huxtable	-14.693164
jemima	-14.693164
krantz	-14.693164
ukip	-14.693164
takings	-14.693164
untested	-14.693164
cpd	-14.693164
enthusiastically	-14.693164
mcfly	-14.693164
dicte	-14.693164
omit	-14.693164
preface	-14.693164
exported	-14.693164
spoilsport	-14.693164
bigwig	-14.693164
colonization	-14.693164
halter	-14.693164
yiu	-14.696691
sowed	-14.696691
justifying	-14.696691
lascivious	-14.696691
hau	-14.696691
unwed	-14.696691
juri	-14.696691
sudanese	-14.696691
baccarat	-14.696691
shura	-14.696691
nonprofit	-14.696691
eurydice	-14.696691
reaping	-14.696691
eurgh	-14.696691
salle	-14.696691
behemoth	-14.696691
esu	-14.696691
amadeus	-14.696691
forevermore	-14.696691
duckie	-14.696691
sumi	-14.696691
obsidian	-14.696691
uppers	-14.696691
snares	-14.696691
subsided	-14.696691
phonies	-14.696691
redesign	-14.696691
ligaments	-14.696691
outdo	-14.696691
cakewalk	-14.696691
arlette	-14.696691
burly	-14.696691
citations	-14.696691
recede	-14.696691
newsreader	-14.696691
emigration	-14.696691
iona	-14.696691
calle	-14.696691
wel	-14.696691
huffy	-14.696691
begat	-14.696691
teflon	-14.696691
lighters	-14.696691
buttock	-14.696691
weve	-14.696691
espen	-14.696691
christer	-14.696691
contaminating	-14.696691
tetris	-14.696691
regulatory	-14.696691
vik	-14.696691
magnifique	-14.696691
usted	-14.696691
savitar	-14.696691
unattached	-14.696691
fiske	-14.696691
cuttlefish	-14.696691
spliff	-14.696691
eldon	-14.696691
cybernetic	-14.696691
placate	-14.696691
caltech	-14.700231
spellbound	-14.700231
hinault	-14.700231
reviving	-14.700231
ahm	-14.700231
malady	-14.700231
disadvantaged	-14.700231
mobbed	-14.700231
modes	-14.700231
gullet	-14.700231
greenhorn	-14.700231
entrusting	-14.700231
frailty	-14.700231
woodhull	-14.700231
nit	-14.700231
overestimated	-14.700231
infects	-14.700231
dilaurentis	-14.700231
shortwave	-14.700231
amounted	-14.700231
zackary	-14.700231
unequal	-14.700231
claridge	-14.700231
clements	-14.700231
erlich	-14.700231
tantalizing	-14.700231
electrolytes	-14.700231
fogg	-14.700231
dusseldorf	-14.700231
carnivores	-14.700231
bansi	-14.700231
tabor	-14.700231
rifling	-14.700231
manda	-14.700231
fruition	-14.700231
playboys	-14.700231
approving	-14.700231
zanzibar	-14.700231
fueling	-14.700231
fishman	-14.700231
reflux	-14.700231
commonality	-14.700231
gwan	-14.700231
consuela	-14.700231
tyrannical	-14.700231
transatlantic	-14.700231
hares	-14.700231
zanuck	-14.700231
icicle	-14.700231
dcp	-14.700231
jobe	-14.700231
reread	-14.700231
steppin	-14.700231
cliffie	-14.700231
usurp	-14.700231
unsightly	-14.700231
sniggers	-14.700231
romanticism	-14.700231
moti	-14.700231
zeng	-14.700231
taboos	-14.700231
duan	-14.700231
amenable	-14.700231
shek	-14.700231
substitutes	-14.700231
painstaking	-14.700231
decompress	-14.700231
unauthorised	-14.700231
astrophysics	-14.700231
anushka	-14.700231
bullfight	-14.700231
kanako	-14.700231
kata	-14.700231
plated	-14.700231
heartwarming	-14.700231
alban	-14.700231
yukari	-14.703783
orally	-14.703783
hunched	-14.703783
biometric	-14.703783
donde	-14.703783
tem	-14.703783
incline	-14.703783
itfc	-14.703783
bayon	-14.703783
pawing	-14.703783
choppy	-14.703783
undercut	-14.703783
guster	-14.703783
overwhelms	-14.703783
ips	-14.703783
bellhop	-14.703783
downloads	-14.703783
sired	-14.703783
serfs	-14.703783
botswana	-14.703783
bittu	-14.703783
earths	-14.703783
carlene	-14.703783
insubordinate	-14.703783
innumerable	-14.703783
readout	-14.703783
lalo	-14.703783
ayrton	-14.703783
gg	-14.703783
befallen	-14.703783
adverts	-14.703783
albrecht	-14.703783
joann	-14.703783
ranga	-14.703783
densha	-14.703783
omni	-14.703783
tansy	-14.703783
sine	-14.703783
occured	-14.703783
appropriations	-14.703783
symbolically	-14.703783
embarking	-14.703783
snatches	-14.703783
gord	-14.703783
tarantino	-14.703783
sourpuss	-14.703783
enquired	-14.703783
shazam	-14.703783
lyuba	-14.703783
nastiest	-14.703783
pradesh	-14.703783
jefferies	-14.703783
slimming	-14.703783
gervase	-14.703783
mig	-14.703783
nobby	-14.703783
babylonian	-14.707348
pathan	-14.707348
slough	-14.707348
vod	-14.707348
titi	-14.707348
replying	-14.707348
revenant	-14.707348
afore	-14.707348
shweta	-14.707348
cringe	-14.707348
ozaki	-14.707348
gusts	-14.707348
betts	-14.707348
kilogram	-14.707348
bobs	-14.707348
niall	-14.707348
junpyo	-14.707348
derogatory	-14.707348
technologically	-14.707348
anspaugh	-14.707348
phillipe	-14.707348
spangler	-14.707348
forestry	-14.707348
bothwell	-14.707348
pickers	-14.707348
tessie	-14.707348
sissi	-14.707348
hiroki	-14.707348
moderator	-14.707348
swinger	-14.707348
wooly	-14.707348
coq	-14.707348
ginette	-14.707348
conchita	-14.707348
banister	-14.707348
lifeguards	-14.707348
redress	-14.707348
pall	-14.707348
injurious	-14.707348
tere	-14.707348
caramba	-14.707348
bonzo	-14.707348
voiced	-14.707348
voorhees	-14.707348
stabilizer	-14.707348
gaiety	-14.707348
porte	-14.707348
sadhu	-14.707348
kuro	-14.707348
saeki	-14.707348
gimmicks	-14.707348
kaga	-14.707348
keno	-14.707348
walling	-14.707348
necking	-14.707348
haveto	-14.707348
beckwith	-14.707348
schindler	-14.707348
kippur	-14.707348
gillies	-14.707348
notably	-14.707348
enveloped	-14.707348
smee	-14.707348
machetes	-14.707348
prevalent	-14.707348
zeno	-14.707348
pushups	-14.710926
twinkies	-14.710926
montauk	-14.710926
ludovic	-14.710926
blinders	-14.710926
hungrier	-14.710926
translucent	-14.710926
rinds	-14.710926
herrick	-14.710926
gannicus	-14.710926
doss	-14.710926
reentry	-14.710926
thence	-14.710926
wags	-14.710926
academia	-14.710926
gamera	-14.710926
maciste	-14.710926
filii	-14.710926
icebergs	-14.710926
dissipate	-14.710926
reassemble	-14.710926
overwork	-14.710926
foresaw	-14.710926
kinte	-14.710926
scrambler	-14.710926
anamika	-14.710926
alameda	-14.710926
probed	-14.710926
marmaduke	-14.710926
dreads	-14.710926
bigamy	-14.710926
tatsu	-14.710926
instigate	-14.710926
joselito	-14.710926
diphtheria	-14.710926
mentors	-14.710926
flings	-14.710926
krumitz	-14.710926
bulger	-14.710926
bedspread	-14.710926
raghav	-14.710926
counterintelligence	-14.710926
kotaro	-14.710926
ellsworth	-14.710926
makino	-14.710926
greeley	-14.710926
dillard	-14.710926
washburn	-14.710926
harriman	-14.710926
pidge	-14.710926
laguardia	-14.710926
complicating	-14.710926
gazpacho	-14.710926
derry	-14.710926
preliminaries	-14.714517
arer	-14.714517
lovelace	-14.714517
repossessed	-14.714517
scottsdale	-14.714517
sascha	-14.714517
somme	-14.714517
spiel	-14.714517
yuna	-14.714517
farage	-14.714517
accosted	-14.714517
sonogram	-14.714517
shahir	-14.714517
sept	-14.714517
sallie	-14.714517
dostoyevsky	-14.714517
mem	-14.714517
discounted	-14.714517
nakajima	-14.714517
arrakis	-14.714517
zenigata	-14.714517
disciplines	-14.714517
honoria	-14.714517
shii	-14.714517
stas	-14.714517
syrians	-14.714517
shlomo	-14.714517
maddalena	-14.714517
pricing	-14.714517
mol	-14.714517
concha	-14.714517
pippin	-14.714517
midwestern	-14.714517
dubbing	-14.714517
kd	-14.714517
dateline	-14.714517
hulks	-14.714517
musn	-14.714517
beheld	-14.714517
hury	-14.714517
ayukawa	-14.714517
standardized	-14.714517
connell	-14.714517
faiths	-14.714517
eloquently	-14.714517
chinook	-14.714517
perpetually	-14.714517
guardia	-14.714517
stealer	-14.714517
showa	-14.714517
deering	-14.714517
raksha	-14.714517
waikiki	-14.714517
quakes	-14.714517
mitchum	-14.714517
danzig	-14.714517
inflexible	-14.714517
moneybags	-14.718121
syntax	-14.718121
unbeknownst	-14.718121
fortifications	-14.718121
seamless	-14.718121
saverio	-14.718121
besotted	-14.718121
reconnected	-14.718121
larabee	-14.718121
acclaim	-14.718121
systemic	-14.718121
haggis	-14.718121
puja	-14.718121
riga	-14.718121
deon	-14.718121
miyako	-14.718121
downriver	-14.718121
tsu	-14.718121
lipo	-14.718121
dispersal	-14.718121
joyfully	-14.718121
pericles	-14.718121
immobile	-14.718121
melly	-14.718121
shakers	-14.718121
thereabouts	-14.718121
acknowledgement	-14.718121
compliant	-14.718121
bateman	-14.718121
resilience	-14.718121
curvy	-14.718121
argentinian	-14.718121
pez	-14.718121
preaches	-14.718121
nineties	-14.718121
inverness	-14.718121
sexism	-14.718121
yael	-14.718121
missis	-14.718121
nanobots	-14.718121
outbreaks	-14.718121
additionally	-14.718121
slicker	-14.718121
lille	-14.718121
rayanne	-14.718121
retrospective	-14.718121
alessandra	-14.718121
tonkin	-14.718121
doreau	-14.718121
kool	-14.718121
reinvented	-14.718121
flopping	-14.718121
dey	-14.718121
logistical	-14.718121
depository	-14.718121
inconsequential	-14.718121
catania	-14.718121
scalped	-14.718121
jah	-14.718121
winton	-14.718121
bygone	-14.718121
skitters	-14.718121
hallucinogenic	-14.718121
revolted	-14.718121
froth	-14.718121
bimbos	-14.718121
planck	-14.718121
sharpshooter	-14.718121
upgrading	-14.718121
gremlin	-14.718121
amphibians	-14.718121
sunnydale	-14.718121
religiously	-14.718121
caster	-14.718121
misheard	-14.718121
genny	-14.718121
baited	-14.718121
auguste	-14.718121
birdman	-14.718121
salah	-14.718121
messier	-14.718121
belladonna	-14.718121
assertion	-14.718121
marietta	-14.718121
cemil	-14.718121
clearest	-14.718121
pollo	-14.721737
tugboat	-14.721737
pritchett	-14.721737
ventricular	-14.721737
struts	-14.721737
aloysius	-14.721737
plainclothes	-14.721737
gotti	-14.721737
svensson	-14.721737
wugong	-14.721737
leveling	-14.721737
jeffery	-14.721737
inclusion	-14.721737
blu	-14.721737
footpath	-14.721737
calico	-14.721737
suge	-14.721737
canberra	-14.721737
blundering	-14.721737
scalding	-14.721737
wielded	-14.721737
kenzo	-14.721737
commercially	-14.721737
frills	-14.721737
poochie	-14.721737
bicep	-14.721737
darko	-14.721737
camorra	-14.721737
sharkey	-14.721737
guangdong	-14.721737
dorothea	-14.721737
surpasses	-14.721737
alcove	-14.721737
woodcock	-14.721737
turmeric	-14.721737
bengt	-14.721737
alchemists	-14.721737
ryuji	-14.721737
morgenstern	-14.721737
illustrator	-14.721737
womanly	-14.721737
cloves	-14.721737
lakeside	-14.721737
pandering	-14.721737
savin	-14.721737
tolerating	-14.721737
beltway	-14.721737
coles	-14.721737
inky	-14.721737
valentines	-14.721737
portman	-14.721737
lamaze	-14.721737
dike	-14.721737
bigwigs	-14.721737
prospecting	-14.721737
obtuse	-14.721737
warlocks	-14.721737
restores	-14.721737
inbox	-14.721737
regalia	-14.721737
prides	-14.721737
mune	-14.721737
cockles	-14.721737
kaneko	-14.721737
fantastical	-14.721737
unmatched	-14.721737
trousseau	-14.721737
nehru	-14.721737
appartment	-14.721737
elba	-14.721737
showmanship	-14.721737
mcdowell	-14.721737
sampled	-14.721737
coerce	-14.725367
blurted	-14.725367
neutered	-14.725367
ostentatious	-14.725367
blips	-14.725367
wotan	-14.725367
illuminati	-14.725367
ayaz	-14.725367
beatrix	-14.725367
meiji	-14.725367
armenia	-14.725367
vamps	-14.725367
rhoades	-14.725367
suburbia	-14.725367
razed	-14.725367
attaches	-14.725367
pitkin	-14.725367
cag	-14.725367
bax	-14.725367
genealogy	-14.725367
bloodsucker	-14.725367
boycie	-14.725367
azhar	-14.725367
imitations	-14.725367
yalta	-14.725367
arrears	-14.725367
backpacking	-14.725367
faisal	-14.725367
contesting	-14.725367
metcalfe	-14.725367
gaspard	-14.725367
resuming	-14.725367
cashew	-14.725367
obstetrician	-14.725367
nagus	-14.725367
rho	-14.725367
archeological	-14.725367
avram	-14.725367
wreaking	-14.725367
nostra	-14.725367
rattlesnakes	-14.725367
earner	-14.725367
yowling	-14.725367
naboo	-14.725367
beached	-14.725367
loaning	-14.725367
ansel	-14.725367
cava	-14.725367
grimaldi	-14.725367
giancarlo	-14.725367
bluffs	-14.725367
patmore	-14.725367
romanians	-14.725367
tammi	-14.725367
herein	-14.725367
roku	-14.725367
substantiate	-14.725367
yodeling	-14.725367
thackery	-14.725367
gargling	-14.725367
eucalyptus	-14.725367
nuances	-14.725367
choirs	-14.725367
delorean	-14.725367
speer	-14.725367
noni	-14.725367
consoled	-14.725367
bari	-14.725367
gai	-14.725367
roofing	-14.725367
enticed	-14.725367
gcs	-14.725367
unsolicited	-14.725367
extradited	-14.725367
linguistic	-14.725367
goring	-14.725367
unleashing	-14.729010
heineken	-14.729010
hezbollah	-14.729010
candyman	-14.729010
squats	-14.729010
breakups	-14.729010
workable	-14.729010
mislaid	-14.729010
davros	-14.729010
legalized	-14.729010
recoup	-14.729010
adjectives	-14.729010
biohazard	-14.729010
teng	-14.729010
morra	-14.729010
siro	-14.729010
harnessing	-14.729010
zsa	-14.729010
jervis	-14.729010
lennart	-14.729010
rediscovered	-14.729010
unmasked	-14.729010
thr	-14.729010
hullo	-14.729010
sects	-14.729010
dddd	-14.729010
pinochet	-14.729010
relocating	-14.729010
spirals	-14.729010
aris	-14.729010
wafers	-14.729010
cistern	-14.729010
untapped	-14.729010
mogens	-14.729010
pinpointed	-14.729010
photoshopped	-14.729010
wii	-14.729010
taryn	-14.729010
patronising	-14.729010
contours	-14.729010
silt	-14.729010
kasumi	-14.729010
aarti	-14.729010
mattias	-14.729010
wedges	-14.729010
disavow	-14.729010
lemond	-14.729010
jovan	-14.729010
exacting	-14.729010
sleepovers	-14.729010
markov	-14.729010
krauss	-14.729010
kanda	-14.729010
peregrine	-14.729010
meier	-14.729010
diversify	-14.729010
houseman	-14.729010
ope	-14.729010
dickey	-14.729010
mutilate	-14.729010
jeffy	-14.729010
roxane	-14.729010
bypassed	-14.729010
devalos	-14.729010
fluctuation	-14.729010
plundering	-14.729010
woodsman	-14.729010
revising	-14.729010
fawning	-14.729010
latvia	-14.729010
sitar	-14.729010
conked	-14.729010
organizes	-14.729010
raki	-14.729010
speculations	-14.729010
gilberto	-14.729010
mamacita	-14.729010
geet	-14.729010
farthing	-14.732666
sumatra	-14.732666
shinigami	-14.732666
freelancer	-14.732666
graysons	-14.732666
taster	-14.732666
eminem	-14.732666
gummi	-14.732666
jerries	-14.732666
promoters	-14.732666
carpal	-14.732666
undertakers	-14.732666
lurid	-14.732666
negligee	-14.732666
telecommunications	-14.732666
domes	-14.732666
doogie	-14.732666
bewitching	-14.732666
accidently	-14.732666
protruding	-14.732666
grapple	-14.732666
farragut	-14.732666
noisily	-14.732666
regretful	-14.732666
blabbermouth	-14.732666
milli	-14.732666
mccready	-14.732666
chattanooga	-14.732666
symbiotic	-14.732666
wrangler	-14.732666
corroboration	-14.732666
rennie	-14.732666
eggshell	-14.732666
throng	-14.732666
shrines	-14.732666
artichokes	-14.732666
castellano	-14.732666
contested	-14.732666
kaka	-14.732666
nonchalant	-14.732666
clearances	-14.732666
ome	-14.732666
skunks	-14.732666
dahmer	-14.732666
idolized	-14.732666
martyred	-14.732666
postponement	-14.732666
underlings	-14.732666
horizontally	-14.732666
yuletide	-14.732666
takada	-14.732666
kishen	-14.732666
nena	-14.732666
tailoring	-14.732666
arnett	-14.732666
melodic	-14.732666
intensify	-14.732666
kindle	-14.732666
bronek	-14.732666
cranny	-14.732666
mansour	-14.732666
windbag	-14.732666
stockwell	-14.736336
interpretations	-14.736336
teat	-14.736336
yar	-14.736336
levinson	-14.736336
studded	-14.736336
zale	-14.736336
weeding	-14.736336
bada	-14.736336
kennels	-14.736336
bloomin	-14.736336
chaucer	-14.736336
crump	-14.736336
lupita	-14.736336
collagen	-14.736336
lally	-14.736336
subsides	-14.736336
kok	-14.736336
southside	-14.736336
magnification	-14.736336
commuters	-14.736336
manchurian	-14.736336
predestined	-14.736336
pursuant	-14.736336
matriarch	-14.736336
chappell	-14.736336
sciatica	-14.736336
beamer	-14.736336
absentee	-14.736336
jigger	-14.736336
paralytic	-14.736336
slovenia	-14.736336
feck	-14.736336
boatswain	-14.736336
seconded	-14.736336
condominium	-14.736336
brunner	-14.736336
anaheim	-14.736336
tk	-14.736336
paintbrush	-14.736336
pushpa	-14.736336
quitters	-14.736336
quarks	-14.736336
kundan	-14.736336
negligible	-14.736336
philo	-14.736336
dharam	-14.736336
mishaps	-14.736336
premeditation	-14.736336
likey	-14.736336
parris	-14.736336
withdraws	-14.736336
mccormack	-14.736336
transmutation	-14.736336
wiltshire	-14.736336
comedic	-14.736336
jaundice	-14.736336
grafts	-14.736336
peckish	-14.736336
claud	-14.736336
menagerie	-14.736336
barbarous	-14.736336
majorca	-14.736336
lanky	-14.736336
stiffed	-14.736336
paperboy	-14.736336
rakhi	-14.736336
yaman	-14.736336
kadir	-14.736336
goodly	-14.740019
oa	-14.740019
baruch	-14.740019
mortally	-14.740019
balling	-14.740019
inaugurate	-14.740019
cortical	-14.740019
suds	-14.740019
daya	-14.740019
downsizing	-14.740019
hibernating	-14.740019
mello	-14.740019
juggernaut	-14.740019
permissible	-14.740019
intently	-14.740019
nihal	-14.740019
enthralled	-14.740019
emailing	-14.740019
peds	-14.740019
gq	-14.740019
caravaggio	-14.740019
palais	-14.740019
bloodshot	-14.740019
selections	-14.740019
somers	-14.740019
labours	-14.740019
begets	-14.740019
eardrum	-14.740019
roque	-14.740019
degenerative	-14.740019
worrisome	-14.740019
channeled	-14.740019
accompaniment	-14.740019
feeney	-14.740019
caesars	-14.740019
ger	-14.740019
equip	-14.740019
kiara	-14.740019
trekking	-14.740019
herded	-14.740019
shacks	-14.740019
iago	-14.740019
beresford	-14.740019
prostrate	-14.740019
haifa	-14.740019
hatchback	-14.740019
nanni	-14.740019
fraternizing	-14.740019
specialise	-14.740019
coolie	-14.740019
ccs	-14.740019
adelina	-14.740019
krill	-14.740019
economists	-14.740019
kyosuke	-14.740019
runabout	-14.740019
dexterity	-14.740019
proteus	-14.740019
eso	-14.740019
stewardesses	-14.740019
herzog	-14.740019
adjustable	-14.740019
starbase	-14.740019
mdma	-14.740019
oppressor	-14.740019
californian	-14.740019
looped	-14.740019
harpsichord	-14.740019
tendulkar	-14.740019
dissociative	-14.740019
lombardi	-14.740019
robins	-14.740019
hangovers	-14.743716
bareback	-14.743716
oaxaca	-14.743716
disgustingly	-14.743716
bujji	-14.743716
ponyville	-14.743716
welling	-14.743716
criticised	-14.743716
mechanically	-14.743716
vigour	-14.743716
taru	-14.743716
roshni	-14.743716
recaptured	-14.743716
heroines	-14.743716
mos	-14.743716
petros	-14.743716
primaries	-14.743716
egomaniac	-14.743716
prancer	-14.743716
indisputable	-14.743716
derives	-14.743716
overwrought	-14.743716
pont	-14.743716
yahtzee	-14.743716
programmers	-14.743716
lop	-14.743716
prabha	-14.743716
persecuting	-14.743716
notation	-14.743716
foggiest	-14.743716
hoshino	-14.743716
nighthawk	-14.743716
aksel	-14.743716
sickest	-14.743716
besties	-14.743716
handset	-14.743716
blesses	-14.743716
reunification	-14.743716
kiyoko	-14.743716
ix	-14.743716
unscrew	-14.743716
ranches	-14.743716
hewlett	-14.743716
dor	-14.743716
alphabetically	-14.743716
cgi	-14.743716
lowing	-14.743716
pssh	-14.743716
silliest	-14.743716
notepad	-14.743716
aleck	-14.743716
catalogued	-14.743716
pindar	-14.743716
hobos	-14.743716
positives	-14.743716
notarized	-14.743716
tees	-14.743716
schoolchildren	-14.747427
affraid	-14.747427
tenfold	-14.747427
votre	-14.747427
sharpener	-14.747427
blissfully	-14.747427
snog	-14.747427
incestuous	-14.747427
popo	-14.747427
jigen	-14.747427
sgc	-14.747427
rhetta	-14.747427
sexton	-14.747427
katniss	-14.747427
waddle	-14.747427
pater	-14.747427
butlers	-14.747427
mouna	-14.747427
kno	-14.747427
herrera	-14.747427
dorsal	-14.747427
frowns	-14.747427
oho	-14.747427
eagerness	-14.747427
lye	-14.747427
watashi	-14.747427
jada	-14.747427
shastri	-14.747427
utopian	-14.747427
jermaine	-14.747427
kennedys	-14.747427
quintus	-14.747427
hoarder	-14.747427
plata	-14.747427
brackenreid	-14.747427
electrics	-14.747427
mcbeal	-14.747427
easel	-14.747427
nig	-14.747427
enquiring	-14.747427
googly	-14.747427
oss	-14.747427
littlefoot	-14.747427
andrej	-14.747427
gripe	-14.747427
jamuna	-14.747427
buffs	-14.747427
dib	-14.747427
rafting	-14.747427
gardenia	-14.747427
mccloud	-14.747427
zachariah	-14.747427
batches	-14.747427
otaku	-14.747427
oreos	-14.747427
troubadour	-14.747427
onur	-14.747427
footloose	-14.747427
gaeta	-14.747427
ej	-14.747427
oki	-14.747427
amphetamine	-14.747427
olympian	-14.747427
arafat	-14.747427
unsteady	-14.747427
kwong	-14.747427
comming	-14.747427
solovyov	-14.747427
flicka	-14.751151
astrological	-14.751151
deliciously	-14.751151
blitzen	-14.751151
microbe	-14.751151
zoned	-14.751151
khakis	-14.751151
homemaker	-14.751151
heparin	-14.751151
openers	-14.751151
swimsuits	-14.751151
crit	-14.751151
punisher	-14.751151
knightley	-14.751151
convincingly	-14.751151
tinfoil	-14.751151
basanti	-14.751151
qasim	-14.751151
offing	-14.751151
childcare	-14.751151
corrective	-14.751151
reclusive	-14.751151
scrapping	-14.751151
shirou	-14.751151
carbide	-14.751151
retractor	-14.751151
mitigate	-14.751151
tradesman	-14.751151
laker	-14.751151
lettie	-14.751151
ayano	-14.751151
hardsub	-14.751151
kya	-14.751151
preferential	-14.751151
toyo	-14.751151
gibbers	-14.751151
sleepwalker	-14.751151
redoing	-14.751151
nosebleeds	-14.751151
arnott	-14.751151
chargers	-14.751151
rumi	-14.751151
backlog	-14.751151
chaff	-14.751151
buckaroo	-14.751151
horner	-14.751151
sofas	-14.751151
tribesmen	-14.751151
gila	-14.751151
menstruation	-14.751151
engel	-14.751151
repository	-14.751151
shitfaced	-14.751151
orphanages	-14.751151
harbors	-14.751151
colonels	-14.751151
footballers	-14.751151
freshest	-14.751151
anker	-14.751151
zhenya	-14.751151
embarrasses	-14.751151
throwback	-14.751151
kuroki	-14.751151
peckham	-14.751151
reeking	-14.751151
aimless	-14.751151
ditte	-14.751151
mayors	-14.751151
harsher	-14.751151
freckle	-14.751151
panned	-14.751151
debtor	-14.751151
salter	-14.751151
chrysalis	-14.751151
enchiladas	-14.751151
uninhabitable	-14.751151
ratan	-14.751151
fisheries	-14.751151
grubs	-14.751151
expunged	-14.751151
boilers	-14.751151
nono	-14.751151
golda	-14.751151
hydrochloric	-14.751151
gauges	-14.751151
reiji	-14.751151
lentil	-14.751151
cuse	-14.751151
arby	-14.751151
katsuragi	-14.751151
dowling	-14.751151
bugatti	-14.754889
understated	-14.754889
repeal	-14.754889
indelible	-14.754889
gav	-14.754889
chesney	-14.754889
kailash	-14.754889
tonics	-14.754889
huggins	-14.754889
yeltsin	-14.754889
chairwoman	-14.754889
narrower	-14.754889
kearney	-14.754889
clicker	-14.754889
beltran	-14.754889
guttural	-14.754889
faints	-14.754889
boba	-14.754889
ministerial	-14.754889
kaleb	-14.754889
smartly	-14.754889
taiga	-14.754889
gorky	-14.754889
baku	-14.754889
downtrodden	-14.754889
bacterium	-14.754889
vitro	-14.754889
operandi	-14.754889
toros	-14.754889
dnr	-14.754889
karai	-14.754889
tumultuous	-14.754889
bronc	-14.754889
kuan	-14.754889
tomans	-14.754889
dentistry	-14.754889
farnum	-14.754889
nedra	-14.754889
casbah	-14.754889
curate	-14.754889
shuichi	-14.754889
priestly	-14.754889
komodo	-14.754889
salutation	-14.754889
cookout	-14.754889
disadvantages	-14.754889
nobuko	-14.754889
estuary	-14.754889
swank	-14.754889
ofelia	-14.754889
khmer	-14.754889
testicular	-14.754889
successors	-14.754889
fuchs	-14.754889
breaching	-14.754889
icarly	-14.754889
flabbergasted	-14.754889
cleen	-14.754889
micha	-14.754889
qa	-14.754889
disregarded	-14.754889
meetin	-14.754889
kar	-14.754889
drawbacks	-14.754889
varga	-14.754889
wilkerson	-14.754889
waldemar	-14.754889
totalitarian	-14.754889
objecting	-14.754889
beholder	-14.754889
undertook	-14.754889
vada	-14.754889
mauve	-14.754889
joystick	-14.758642
shiina	-14.758642
mus	-14.758642
underbelly	-14.758642
saeko	-14.758642
rossini	-14.758642
joie	-14.758642
anatole	-14.758642
tarn	-14.758642
outstretched	-14.758642
capeside	-14.758642
croydon	-14.758642
seki	-14.758642
melba	-14.758642
abou	-14.758642
brokered	-14.758642
hotcakes	-14.758642
egregious	-14.758642
checco	-14.758642
oxycontin	-14.758642
nakedness	-14.758642
storyline	-14.758642
bestie	-14.758642
darrel	-14.758642
truro	-14.758642
dru	-14.758642
swarmed	-14.758642
cumbersome	-14.758642
fondest	-14.758642
bainbridge	-14.758642
personified	-14.758642
hiyah	-14.758642
nord	-14.758642
gangland	-14.758642
undermines	-14.758642
exorbitant	-14.758642
lunching	-14.758642
redefine	-14.758642
pneumothorax	-14.758642
opaque	-14.758642
levitate	-14.758642
stottlemeyer	-14.758642
footy	-14.758642
fossilized	-14.758642
anguished	-14.758642
speedster	-14.758642
gott	-14.758642
raptors	-14.758642
kearns	-14.758642
gershwin	-14.758642
bucko	-14.758642
rollercoaster	-14.758642
fol	-14.758642
airlift	-14.758642
christo	-14.758642
gratuitous	-14.758642
curtsy	-14.758642
rakes	-14.758642
exhumation	-14.758642
transitioning	-14.758642
crossings	-14.758642
chui	-14.758642
sayaka	-14.758642
gandhiji	-14.758642
wataru	-14.758642
chard	-14.758642
dy	-14.758642
evangelical	-14.758642
kansai	-14.758642
kerstin	-14.758642
devoting	-14.758642
claymore	-14.762408
nika	-14.762408
hotdogs	-14.762408
westbrook	-14.762408
newborns	-14.762408
forked	-14.762408
irrevocable	-14.762408
elif	-14.762408
perpendicular	-14.762408
pyrenees	-14.762408
kampf	-14.762408
ulna	-14.762408
ignoramus	-14.762408
foretell	-14.762408
bovine	-14.762408
iu	-14.762408
quarrelled	-14.762408
underline	-14.762408
cpa	-14.762408
linn	-14.762408
goldmine	-14.762408
justo	-14.762408
impurities	-14.762408
crossroad	-14.762408
meto	-14.762408
renaldo	-14.762408
prospectus	-14.762408
altruistic	-14.762408
smearing	-14.762408
kilimanjaro	-14.762408
enhancing	-14.762408
serling	-14.762408
sawada	-14.762408
camomile	-14.762408
dragnet	-14.762408
transitions	-14.762408
tituba	-14.762408
peanutbutter	-14.762408
autoimmune	-14.762408
rothman	-14.762408
saladin	-14.762408
hypotensive	-14.762408
messina	-14.762408
patted	-14.762408
mediums	-14.762408
railings	-14.762408
noxious	-14.762408
injustices	-14.762408
marinara	-14.762408
achille	-14.762408
galu	-14.762408
griselda	-14.762408
blotter	-14.762408
highwayman	-14.762408
cortisone	-14.762408
sprawling	-14.762408
dissed	-14.762408
kiyomi	-14.762408
itv	-14.762408
enchant	-14.762408
balan	-14.762408
squires	-14.762408
wich	-14.762408
twinge	-14.762408
mishka	-14.762408
yossi	-14.762408
unzipping	-14.762408
nagisa	-14.762408
linderman	-14.762408
goanna	-14.762408
youssef	-14.762408
figueroa	-14.762408
synthesized	-14.762408
snorted	-14.762408
dago	-14.762408
insiders	-14.762408
worthing	-14.762408
ensuing	-14.762408
agrippa	-14.762408
wobbling	-14.762408
potsdam	-14.762408
miscellaneous	-14.762408
hackney	-14.762408
schumacher	-14.766189
unwarranted	-14.766189
uterine	-14.766189
misako	-14.766189
kutty	-14.766189
courtesans	-14.766189
federales	-14.766189
schizo	-14.766189
shingle	-14.766189
legged	-14.766189
uhhuh	-14.766189
deflected	-14.766189
dilute	-14.766189
beautician	-14.766189
sequencing	-14.766189
incorporating	-14.766189
whimsy	-14.766189
augustin	-14.766189
straighter	-14.766189
principled	-14.766189
bal	-14.766189
gromit	-14.766189
annenberg	-14.766189
coincides	-14.766189
ikeda	-14.766189
stooped	-14.766189
dunder	-14.766189
jamila	-14.766189
layin	-14.766189
aromatic	-14.766189
reevaluate	-14.766189
estas	-14.766189
coli	-14.766189
shinsengumi	-14.766189
adlai	-14.766189
croatoan	-14.766189
curveball	-14.766189
zippers	-14.766189
glitches	-14.766189
roanoke	-14.766189
charlatans	-14.766189
vitya	-14.766189
pernille	-14.766189
marseillaise	-14.766189
pocketed	-14.766189
brexit	-14.766189
staining	-14.766189
rashad	-14.766189
blaspheme	-14.766189
ferrell	-14.766189
hotness	-14.766189
lawlessness	-14.766189
bursar	-14.766189
heera	-14.766189
pootie	-14.766189
powerpoint	-14.766189
yeses	-14.766189
yann	-14.766189
handel	-14.766189
constrained	-14.766189
riser	-14.766189
doren	-14.766189
begum	-14.766189
persisted	-14.766189
dulce	-14.766189
residences	-14.766189
siree	-14.766189
topsy	-14.766189
manilow	-14.766189
miyazaki	-14.769984
bhayya	-14.769984
pixels	-14.769984
bilbao	-14.769984
hyperactive	-14.769984
traumatised	-14.769984
treatise	-14.769984
pawnbroker	-14.769984
flighty	-14.769984
hesitates	-14.769984
sheraton	-14.769984
ueo	-14.769984
phu	-14.769984
nazim	-14.769984
discotheque	-14.769984
beanstalk	-14.769984
teatime	-14.769984
rodman	-14.769984
unsatisfactory	-14.769984
korey	-14.769984
unsanitary	-14.769984
catalogs	-14.769984
neill	-14.769984
hindley	-14.769984
frond	-14.769984
heinie	-14.769984
violeta	-14.769984
digesting	-14.769984
indecision	-14.769984
shepherdess	-14.769984
bunsen	-14.769984
weirded	-14.769984
philipp	-14.769984
contentious	-14.769984
nanotechnology	-14.769984
oe	-14.769984
sherpa	-14.769984
sunaina	-14.769984
terran	-14.769984
departures	-14.769984
rosalia	-14.769984
nobis	-14.769984
rdx	-14.769984
portraying	-14.769984
conductors	-14.769984
brezhnev	-14.769984
everton	-14.769984
heirlooms	-14.769984
malle	-14.769984
polaris	-14.769984
frakking	-14.769984
tricorder	-14.769984
intangible	-14.769984
readin	-14.769984
penitent	-14.769984
keri	-14.769984
texans	-14.769984
todos	-14.769984
unifying	-14.769984
untangle	-14.769984
empowerment	-14.769984
southwestern	-14.769984
maykel	-14.769984
enrollment	-14.769984
mucky	-14.769984
icebreaker	-14.769984
polynesian	-14.769984
fredericks	-14.769984
bloodless	-14.769984
terre	-14.769984
caiman	-14.769984
puffin	-14.769984
homeboys	-14.773794
sauron	-14.773794
ranvir	-14.773794
swabbed	-14.773794
insurgency	-14.773794
malaga	-14.773794
olya	-14.773794
bungled	-14.773794
ifit	-14.773794
svr	-14.773794
chaperones	-14.773794
undeniably	-14.773794
bruh	-14.773794
uprooted	-14.773794
lees	-14.773794
vuk	-14.773794
takao	-14.773794
hightail	-14.773794
niceties	-14.773794
ofhim	-14.773794
marxism	-14.773794
averse	-14.773794
subhash	-14.773794
vegetative	-14.773794
soldiering	-14.773794
chickenpox	-14.773794
breathable	-14.773794
dg	-14.773794
naturalist	-14.773794
stanislav	-14.773794
procurement	-14.773794
massaged	-14.773794
breakaway	-14.773794
gaffney	-14.773794
questa	-14.773794
urinary	-14.773794
oryu	-14.773794
fairfield	-14.773794
cyclists	-14.773794
msg	-14.773794
strindberg	-14.773794
snobby	-14.773794
finster	-14.773794
dissidents	-14.773794
hecht	-14.773794
hankering	-14.773794
pinches	-14.773794
jabber	-14.773794
collette	-14.773794
croix	-14.773794
declarations	-14.773794
corrupts	-14.773794
mcconnell	-14.773794
aunties	-14.773794
shipshape	-14.773794
plaques	-14.773794
bullwinkle	-14.773794
breadwinner	-14.773794
debby	-14.773794
pammy	-14.773794
competency	-14.777618
byline	-14.777618
eroticism	-14.777618
dicking	-14.777618
malli	-14.777618
jaffe	-14.777618
drifters	-14.777618
hava	-14.777618
displease	-14.777618
dagur	-14.777618
nadiya	-14.777618
nite	-14.777618
sano	-14.777618
artful	-14.777618
mva	-14.777618
deferred	-14.777618
breastfeed	-14.777618
ichikawa	-14.777618
ofmy	-14.777618
overdraft	-14.777618
sundial	-14.777618
hayakawa	-14.777618
softening	-14.777618
transformations	-14.777618
danson	-14.777618
hughie	-14.777618
dany	-14.777618
shaven	-14.777618
tombstones	-14.777618
usin	-14.777618
customized	-14.777618
auditing	-14.777618
dodds	-14.777618
covent	-14.777618
purvis	-14.777618
suss	-14.777618
doting	-14.777618
misato	-14.777618
jiggling	-14.777618
christensen	-14.777618
rotated	-14.777618
appendectomy	-14.777618
chorizo	-14.777618
ballpoint	-14.777618
artsy	-14.777618
okayed	-14.777618
lali	-14.777618
rainforests	-14.777618
dialects	-14.777618
matlock	-14.777618
lightest	-14.777618
quandary	-14.777618
sunblock	-14.777618
inns	-14.777618
flocking	-14.777618
aurelius	-14.777618
mated	-14.777618
getty	-14.777618
adrenal	-14.777618
actuality	-14.777618
ramblings	-14.777618
saps	-14.777618
jee	-14.777618
mythic	-14.777618
mouthy	-14.777618
gouged	-14.777618
mamoru	-14.777618
sachi	-14.777618
kuba	-14.777618
consuelo	-14.777618
farouk	-14.777618
verifying	-14.777618
punta	-14.777618
chianti	-14.777618
taichi	-14.777618
iwill	-14.781456
heidelberg	-14.781456
grainy	-14.781456
overcast	-14.781456
latvian	-14.781456
muchacho	-14.781456
usurped	-14.781456
corto	-14.781456
bodacious	-14.781456
shipyards	-14.781456
harshest	-14.781456
joshi	-14.781456
erections	-14.781456
nandhini	-14.781456
camphor	-14.781456
badri	-14.781456
forgetfulness	-14.781456
cutout	-14.781456
rudra	-14.781456
hoagie	-14.781456
storks	-14.781456
shoplifter	-14.781456
atypical	-14.781456
profited	-14.781456
nobly	-14.781456
whiteside	-14.781456
mahadev	-14.781456
rowdies	-14.781456
detours	-14.781456
blt	-14.781456
imbued	-14.781456
firmament	-14.781456
developmental	-14.781456
gamboa	-14.781456
napoli	-14.781456
raya	-14.781456
mountbatten	-14.781456
escapades	-14.781456
promiscuity	-14.781456
shapely	-14.781456
laroche	-14.781456
opiates	-14.781456
ibis	-14.781456
petrelli	-14.781456
complainant	-14.781456
knick	-14.781456
bodhi	-14.781456
soong	-14.781456
snatchers	-14.781456
bleat	-14.781456
teleported	-14.781456
mingled	-14.781456
redcoats	-14.781456
crackin	-14.781456
insipid	-14.781456
windermere	-14.781456
cordoned	-14.781456
inhibited	-14.781456
natures	-14.781456
ivanova	-14.781456
lemmings	-14.781456
sloshed	-14.781456
lv	-14.781456
toiletries	-14.781456
kaleidoscope	-14.781456
fain	-14.781456
thorax	-14.781456
roarke	-14.781456
sentinels	-14.781456
postpartum	-14.781456
ofthese	-14.781456
bt	-14.785310
pacheco	-14.785310
machin	-14.785310
mastodon	-14.785310
shrunken	-14.785310
yammering	-14.785310
telethon	-14.785310
deadwood	-14.785310
bubber	-14.785310
acacia	-14.785310
opiate	-14.785310
authoritarian	-14.785310
headfirst	-14.785310
distorts	-14.785310
reprisal	-14.785310
shoves	-14.785310
dicaprio	-14.785310
chasers	-14.785310
weimar	-14.785310
eeh	-14.785310
realisation	-14.785310
strangles	-14.785310
nietzscheans	-14.785310
gyms	-14.785310
indiscriminate	-14.785310
hammersmith	-14.785310
strumpet	-14.785310
cori	-14.785310
booed	-14.785310
adamson	-14.785310
overlay	-14.785310
soos	-14.785310
alyson	-14.785310
assists	-14.785310
korn	-14.785310
homegrown	-14.785310
roslyn	-14.785310
beatin	-14.785310
complexities	-14.785310
stave	-14.785310
smurfette	-14.785310
guerre	-14.785310
spreadsheet	-14.785310
whacks	-14.785310
juiced	-14.785310
floodgates	-14.785310
thunderbirds	-14.785310
culpable	-14.785310
shoko	-14.785310
everypony	-14.785310
dorchester	-14.785310
dislocation	-14.785310
lifes	-14.785310
flourishes	-14.785310
rawls	-14.785310
refining	-14.785310
poindexter	-14.785310
strolled	-14.785310
fistfight	-14.785310
flatlining	-14.785310
fronting	-14.785310
frampton	-14.785310
fleabag	-14.785310
shal	-14.785310
petitioned	-14.785310
archdiocese	-14.785310
grunge	-14.785310
hereford	-14.785310
lox	-14.785310
serf	-14.785310
ansari	-14.785310
wayside	-14.785310
distortions	-14.785310
justices	-14.785310
tennison	-14.785310
ideologies	-14.785310
galina	-14.785310
vuitton	-14.785310
shahrukh	-14.785310
harvests	-14.789178
matchbook	-14.789178
tandoori	-14.789178
hibiscus	-14.789178
stirrups	-14.789178
levity	-14.789178
athenians	-14.789178
fridges	-14.789178
wreaths	-14.789178
lonny	-14.789178
apathetic	-14.789178
cathartic	-14.789178
pontus	-14.789178
dewar	-14.789178
canvassed	-14.789178
platitudes	-14.789178
reynard	-14.789178
pippo	-14.789178
prophesy	-14.789178
burrowing	-14.789178
carlota	-14.789178
caesarean	-14.789178
harbin	-14.789178
harrods	-14.789178
prominence	-14.789178
toned	-14.789178
shado	-14.789178
prego	-14.789178
karenina	-14.789178
meaden	-14.789178
kamp	-14.789178
tarry	-14.789178
kray	-14.789178
impregnate	-14.789178
snub	-14.789178
intracranial	-14.789178
softener	-14.789178
prophesied	-14.789178
embarassing	-14.789178
misinformation	-14.789178
benefactors	-14.789178
reapers	-14.789178
carmody	-14.789178
japp	-14.789178
intercepting	-14.789178
patchwork	-14.789178
tine	-14.789178
pickpockets	-14.789178
masse	-14.789178
hibbert	-14.789178
ushers	-14.789178
cru	-14.789178
unplanned	-14.789178
resurfaced	-14.789178
westmoreland	-14.789178
aryans	-14.789178
venkat	-14.789178
rampaging	-14.789178
tactile	-14.789178
aldridge	-14.789178
nomura	-14.789178
gremlins	-14.789178
clove	-14.789178
doakes	-14.789178
testimonial	-14.789178
pepito	-14.789178
gooseberry	-14.789178
persephone	-14.789178
baylin	-14.793062
sandor	-14.793062
corroded	-14.793062
vr	-14.793062
arianna	-14.793062
jammies	-14.793062
postwar	-14.793062
marksmanship	-14.793062
lodges	-14.793062
sidhu	-14.793062
ute	-14.793062
imitated	-14.793062
devonshire	-14.793062
sandler	-14.793062
blaise	-14.793062
conversational	-14.793062
jasmin	-14.793062
cryogenic	-14.793062
drainpipe	-14.793062
bolero	-14.793062
dabbled	-14.793062
supermodels	-14.793062
orbs	-14.793062
pitting	-14.793062
suzan	-14.793062
krupa	-14.793062
marlott	-14.793062
barbarism	-14.793062
jochen	-14.793062
dumpy	-14.793062
brigands	-14.793062
db	-14.793062
shavings	-14.793062
surrogacy	-14.793062
hopscotch	-14.793062
motorist	-14.793062
bandwagon	-14.793062
agitate	-14.793062
denby	-14.793062
serpentine	-14.793062
dressings	-14.793062
elodie	-14.793062
hays	-14.793062
tuscan	-14.793062
dumbbell	-14.793062
shinnosuke	-14.793062
enlisting	-14.793062
cereals	-14.793062
slayed	-14.793062
cruelest	-14.793062
liaise	-14.793062
fujiwara	-14.793062
fabri	-14.793062
shithouse	-14.793062
malini	-14.793062
kilgrave	-14.793062
disagreeing	-14.793062
worsening	-14.793062
disinterested	-14.793062
shiori	-14.793062
salmoneus	-14.793062
tribulations	-14.793062
highlanders	-14.793062
tantric	-14.793062
stephenson	-14.793062
honeysuckle	-14.793062
collider	-14.793062
grounder	-14.793062
nunez	-14.793062
shintaro	-14.793062
tachyon	-14.796961
mendelssohn	-14.796961
bindu	-14.796961
dionne	-14.796961
gaucho	-14.796961
fannie	-14.796961
threesomes	-14.796961
ingrained	-14.796961
marchetti	-14.796961
nakagawa	-14.796961
ephemeral	-14.796961
fulfills	-14.796961
cafferty	-14.796961
recuse	-14.796961
abacus	-14.796961
unsubstantiated	-14.796961
tivoli	-14.796961
libertine	-14.796961
mk	-14.796961
telepaths	-14.796961
neiman	-14.796961
exaggerates	-14.796961
sheung	-14.796961
maj	-14.796961
elicit	-14.796961
chanda	-14.796961
wight	-14.796961
pele	-14.796961
tyrol	-14.796961
reforming	-14.796961
scintillating	-14.796961
harman	-14.796961
chortles	-14.796961
precedents	-14.796961
unsung	-14.796961
disservice	-14.796961
dissident	-14.796961
mannerisms	-14.796961
regretfully	-14.796961
outings	-14.796961
shrooms	-14.796961
cabeza	-14.796961
sceptre	-14.796961
malfunctions	-14.796961
romantics	-14.796961
veronique	-14.796961
atrophy	-14.796961
firsts	-14.796961
corby	-14.796961
aptly	-14.796961
rimbaud	-14.796961
prost	-14.796961
agostino	-14.796961
foreclose	-14.796961
thoracotomy	-14.796961
toho	-14.796961
calabria	-14.796961
riverboat	-14.796961
ello	-14.796961
nicolai	-14.796961
riva	-14.796961
lightheaded	-14.796961
riddick	-14.796961
regimes	-14.796961
condensation	-14.796961
machi	-14.796961
disintegrating	-14.796961
aden	-14.796961
choosers	-14.796961
velu	-14.796961
barca	-14.796961
mamba	-14.796961
disembodied	-14.796961
macey	-14.796961
deauville	-14.796961
blouses	-14.796961
hoedown	-14.800875
laz	-14.800875
nang	-14.800875
complied	-14.800875
burley	-14.800875
boners	-14.800875
xindi	-14.800875
distinctions	-14.800875
campbells	-14.800875
appraised	-14.800875
thermite	-14.800875
viren	-14.800875
zealots	-14.800875
annas	-14.800875
mot	-14.800875
normalcy	-14.800875
nonna	-14.800875
vato	-14.800875
magus	-14.800875
synapses	-14.800875
rebuke	-14.800875
melman	-14.800875
spurred	-14.800875
lafferty	-14.800875
reproducing	-14.800875
hemorrhagic	-14.800875
prospered	-14.800875
breathalyzer	-14.800875
adelle	-14.800875
saudis	-14.800875
stine	-14.800875
overtook	-14.800875
posthumous	-14.800875
vanda	-14.800875
figgis	-14.800875
pascual	-14.800875
hankie	-14.800875
collegiate	-14.800875
seng	-14.800875
grassroots	-14.800875
recompense	-14.800875
acquaint	-14.800875
misdirection	-14.800875
krieg	-14.800875
bernays	-14.800875
valerio	-14.800875
byul	-14.800875
lebowski	-14.800875
hairdressing	-14.800875
neri	-14.800875
ambivalent	-14.800875
akagi	-14.800875
cartwheels	-14.800875
malnourished	-14.800875
bagi	-14.800875
novices	-14.800875
dasher	-14.800875
ostracized	-14.800875
seduces	-14.800875
soppy	-14.800875
freeloader	-14.800875
canons	-14.800875
whoopsie	-14.800875
kimberley	-14.800875
gamora	-14.800875
libre	-14.800875
vervain	-14.800875
golfers	-14.800875
underdeveloped	-14.800875
rind	-14.804804
drumbeat	-14.804804
christiane	-14.804804
georgiana	-14.804804
reconfigure	-14.804804
camilo	-14.804804
bosworth	-14.804804
waltzes	-14.804804
chotu	-14.804804
elina	-14.804804
sporadic	-14.804804
moffat	-14.804804
sickened	-14.804804
asystole	-14.804804
slandered	-14.804804
anorexia	-14.804804
gobbled	-14.804804
sema	-14.804804
muses	-14.804804
tsing	-14.804804
sorbet	-14.804804
tweaks	-14.804804
hollandaise	-14.804804
sullied	-14.804804
jaz	-14.804804
hemorrhoid	-14.804804
socked	-14.804804
zaius	-14.804804
npr	-14.804804
buggin	-14.804804
playgrounds	-14.804804
snell	-14.804804
amane	-14.804804
entrepreneurial	-14.804804
punctures	-14.804804
combustible	-14.804804
gnat	-14.804804
colonized	-14.804804
friendless	-14.804804
overrule	-14.804804
slackers	-14.804804
rabin	-14.804804
nodos	-14.804804
repainted	-14.804804
entanglement	-14.804804
dispensation	-14.804804
stinson	-14.804804
chinna	-14.804804
jaywalking	-14.804804
quotations	-14.804804
yardley	-14.804804
construed	-14.804804
jacquie	-14.804804
actionable	-14.804804
fungal	-14.804804
tamaki	-14.804804
natsuko	-14.804804
frankel	-14.804804
whe	-14.804804
researches	-14.804804
molesley	-14.804804
slither	-14.804804
wainthropp	-14.804804
sars	-14.808749
conformity	-14.808749
workday	-14.808749
turncoat	-14.808749
usain	-14.808749
chatham	-14.808749
roslin	-14.808749
intercepts	-14.808749
piecing	-14.808749
patriarchal	-14.808749
fallback	-14.808749
warlike	-14.808749
zahra	-14.808749
contour	-14.808749
carrillo	-14.808749
madhavi	-14.808749
plunges	-14.808749
rescinded	-14.808749
sosuhno	-14.808749
neolithic	-14.808749
goh	-14.808749
mulatto	-14.808749
bloodlust	-14.808749
biddle	-14.808749
lorie	-14.808749
cuttin	-14.808749
saloons	-14.808749
kizzy	-14.808749
capacitor	-14.808749
rubio	-14.808749
bridgeport	-14.808749
chaise	-14.808749
jazzed	-14.808749
dissing	-14.808749
fructose	-14.808749
chortling	-14.808749
mimosas	-14.808749
yourwife	-14.808749
ryuzaki	-14.808749
gooks	-14.808749
interracial	-14.808749
milling	-14.808749
pimpernel	-14.808749
jousting	-14.808749
bedchamber	-14.808749
visibly	-14.808749
juicer	-14.808749
capua	-14.808749
udo	-14.808749
fremen	-14.808749
luxor	-14.808749
theorist	-14.808749
eludes	-14.808749
isadora	-14.808749
sdl	-14.808749
philanthropy	-14.808749
netting	-14.808749
zs	-14.808749
commode	-14.808749
maybelle	-14.808749
treetops	-14.808749
banyan	-14.808749
flagstaff	-14.808749
zits	-14.808749
transporters	-14.808749
yrs	-14.812709
frittata	-14.812709
hummel	-14.812709
shinin	-14.812709
homeward	-14.812709
dissipated	-14.812709
spool	-14.812709
isaacs	-14.812709
crewe	-14.812709
firmer	-14.812709
runkle	-14.812709
centrifuge	-14.812709
jotaro	-14.812709
asante	-14.812709
shortsighted	-14.812709
schillinger	-14.812709
finery	-14.812709
mumbled	-14.812709
fairway	-14.812709
frolicking	-14.812709
inedible	-14.812709
ess	-14.812709
leggings	-14.812709
ofthose	-14.812709
mhmm	-14.812709
providers	-14.812709
russkies	-14.812709
bento	-14.812709
gobber	-14.812709
erskine	-14.812709
medicaid	-14.812709
swindlers	-14.812709
drunker	-14.812709
pell	-14.812709
gratefully	-14.812709
valdemar	-14.812709
seesaw	-14.812709
manliness	-14.812709
mahalo	-14.812709
kjeld	-14.812709
vinicius	-14.812709
clanton	-14.812709
julienne	-14.812709
majoring	-14.812709
stamford	-14.812709
lecher	-14.812709
activism	-14.812709
weaves	-14.812709
manmade	-14.812709
kyu	-14.812709
kenner	-14.812709
carer	-14.812709
quinoa	-14.812709
tomlin	-14.812709
columbine	-14.812709
equate	-14.812709
grizzlies	-14.812709
bffs	-14.812709
heeds	-14.812709
rout	-14.812709
xenia	-14.812709
romek	-14.812709
skinning	-14.812709
ifi	-14.812709
ozawa	-14.812709
gunslinger	-14.812709
huevos	-14.812709
crispin	-14.812709
scooping	-14.812709
hunahpu	-14.812709
euclid	-14.812709
reassignment	-14.812709
supercharged	-14.812709
ochoa	-14.812709
antioch	-14.812709
sirena	-14.812709
serendipity	-14.812709
millennial	-14.812709
tactless	-14.812709
jawbone	-14.812709
locksley	-14.812709
pepa	-14.812709
wile	-14.816685
godlike	-14.816685
chirag	-14.816685
soybean	-14.816685
pothead	-14.816685
proclaims	-14.816685
timmons	-14.816685
headshot	-14.816685
flit	-14.816685
mops	-14.816685
enamored	-14.816685
busters	-14.816685
riordan	-14.816685
taunted	-14.816685
johnno	-14.816685
caf	-14.816685
artoo	-14.816685
freebies	-14.816685
omnitrix	-14.816685
mesdames	-14.816685
interdimensional	-14.816685
bloomer	-14.816685
deidre	-14.816685
tarnation	-14.816685
illustrates	-14.816685
prez	-14.816685
ect	-14.816685
unfettered	-14.816685
batsman	-14.816685
twerk	-14.816685
ayatollah	-14.816685
brill	-14.816685
gerrard	-14.816685
sergeyevich	-14.816685
surrogates	-14.816685
rolfe	-14.816685
enys	-14.816685
dismayed	-14.816685
toboni	-14.816685
wooo	-14.816685
laters	-14.816685
felsham	-14.816685
snooki	-14.816685
dilapidated	-14.816685
alleging	-14.816685
ioved	-14.816685
gottlieb	-14.816685
eldorado	-14.816685
overlords	-14.816685
revolved	-14.816685
reflector	-14.816685
aspirins	-14.816685
perennial	-14.816685
lafitte	-14.816685
concealment	-14.816685
boney	-14.816685
org	-14.816685
juni	-14.816685
nanjing	-14.816685
bondsman	-14.816685
weinstein	-14.816685
blowhard	-14.816685
alles	-14.816685
inscrutable	-14.816685
signalling	-14.816685
colonize	-14.816685
tsunamis	-14.820677
kavita	-14.820677
ondina	-14.820677
muerte	-14.820677
helge	-14.820677
turgut	-14.820677
kui	-14.820677
provolone	-14.820677
concourse	-14.820677
flavius	-14.820677
towler	-14.820677
dearth	-14.820677
abrasion	-14.820677
bastian	-14.820677
overdrawn	-14.820677
bournemouth	-14.820677
kleiss	-14.820677
poisoner	-14.820677
despondent	-14.820677
floki	-14.820677
dipstick	-14.820677
gammy	-14.820677
deutsche	-14.820677
twa	-14.820677
cartagena	-14.820677
izu	-14.820677
kayne	-14.820677
lapis	-14.820677
tastier	-14.820677
lasses	-14.820677
watchmen	-14.820677
snart	-14.820677
bolly	-14.820677
decrypt	-14.820677
jujitsu	-14.820677
wilted	-14.820677
incidence	-14.820677
scrimmage	-14.820677
tinkerbell	-14.820677
inaugurated	-14.820677
perfecto	-14.820677
kerouac	-14.820677
chalkboard	-14.820677
adage	-14.820677
gumption	-14.820677
kilgore	-14.820677
ranveer	-14.820677
coddle	-14.820677
positivity	-14.820677
hyeok	-14.820677
headliner	-14.820677
woodchuck	-14.820677
caretakers	-14.820677
millers	-14.820677
sabe	-14.820677
aerodynamics	-14.820677
augh	-14.820677
reorganize	-14.820677
sakurai	-14.820677
kandi	-14.820677
pinata	-14.820677
firewalls	-14.820677
liana	-14.820677
rackham	-14.820677
dobie	-14.820677
pedaling	-14.820677
ez	-14.820677
kell	-14.820677
telekinesis	-14.820677
laetitia	-14.820677
visconti	-14.820677
leto	-14.820677
keppler	-14.820677
contributors	-14.820677
hayride	-14.820677
passageways	-14.820677
corfu	-14.824685
remorseful	-14.824685
blinker	-14.824685
stefani	-14.824685
liliane	-14.824685
borrows	-14.824685
inducing	-14.824685
erol	-14.824685
dm	-14.824685
scimitar	-14.824685
stringy	-14.824685
parlay	-14.824685
mandar	-14.824685
impatiently	-14.824685
gangbangers	-14.824685
exponential	-14.824685
racecar	-14.824685
wastebasket	-14.824685
legate	-14.824685
representations	-14.824685
jewelers	-14.824685
ronson	-14.824685
muzak	-14.824685
handmaiden	-14.824685
ramparts	-14.824685
absences	-14.824685
charting	-14.824685
hajj	-14.824685
seabirds	-14.824685
profiting	-14.824685
ogawa	-14.824685
calmness	-14.824685
ky	-14.824685
broadband	-14.824685
tumbler	-14.824685
minted	-14.824685
impairment	-14.824685
nubian	-14.824685
gekko	-14.824685
avalor	-14.824685
censors	-14.824685
gleb	-14.824685
emoji	-14.824685
marionette	-14.824685
fujita	-14.824685
lullabies	-14.824685
bugler	-14.824685
undersigned	-14.824685
spire	-14.824685
petulant	-14.824685
entitles	-14.824685
krause	-14.824685
whaa	-14.824685
rivets	-14.824685
distorting	-14.824685
mourns	-14.824685
reichstag	-14.824685
sniping	-14.824685
fostered	-14.824685
depresses	-14.824685
cedars	-14.824685
raman	-14.824685
manabu	-14.824685
witless	-14.824685
tbe	-14.824685
seedlings	-14.824685
synthesize	-14.824685
pronouncing	-14.824685
analyzer	-14.824685
foreheads	-14.824685
redirected	-14.824685
sapphires	-14.824685
septum	-14.824685
unchallenged	-14.824685
sagan	-14.824685
dass	-14.824685
ump	-14.828709
marit	-14.828709
valmont	-14.828709
divisional	-14.828709
haider	-14.828709
liberia	-14.828709
tribbiani	-14.828709
aino	-14.828709
impropriety	-14.828709
organizational	-14.828709
gaggle	-14.828709
tianjin	-14.828709
triffids	-14.828709
cortes	-14.828709
southland	-14.828709
whir	-14.828709
penrose	-14.828709
ensued	-14.828709
winterfell	-14.828709
elation	-14.828709
assemblyman	-14.828709
guardhouse	-14.828709
melanoma	-14.828709
rolodex	-14.828709
tiner	-14.828709
benghazi	-14.828709
paperback	-14.828709
aux	-14.828709
smidge	-14.828709
memsahib	-14.828709
slappy	-14.828709
queues	-14.828709
faring	-14.828709
grannies	-14.828709
tengo	-14.828709
nin	-14.828709
nettle	-14.828709
shobha	-14.828709
toa	-14.828709
batou	-14.828709
waistband	-14.828709
altruism	-14.828709
seimei	-14.828709
mattia	-14.828709
astonish	-14.828709
multitasking	-14.828709
exuberant	-14.828709
carta	-14.828709
infomercial	-14.828709
swooping	-14.828709
bloodiest	-14.828709
jani	-14.828709
serials	-14.828709
esha	-14.828709
gowri	-14.828709
xuan	-14.828709
dilithium	-14.828709
friars	-14.828709
homophobia	-14.828709
waldron	-14.828709
estrada	-14.828709
perdition	-14.828709
epoch	-14.828709
gie	-14.828709
blindside	-14.828709
muruga	-14.828709
lookouts	-14.828709
suvs	-14.828709
chapera	-14.828709
iguanas	-14.828709
subsection	-14.828709
trotters	-14.828709
ratios	-14.828709
ferenc	-14.828709
tannen	-14.828709
fifa	-14.828709
ezequiel	-14.828709
conklin	-14.828709
meteorological	-14.828709
irvine	-14.828709
keychain	-14.832750
tamar	-14.832750
walkies	-14.832750
escapee	-14.832750
academically	-14.832750
pouty	-14.832750
piney	-14.832750
fashionably	-14.832750
concetta	-14.832750
dragoon	-14.832750
thule	-14.832750
evian	-14.832750
godparents	-14.832750
pried	-14.832750
godiva	-14.832750
bagpipe	-14.832750
ginormous	-14.832750
noam	-14.832750
tempus	-14.832750
hendrik	-14.832750
herder	-14.832750
tinned	-14.832750
kasuga	-14.832750
ocular	-14.832750
rosey	-14.832750
analyses	-14.832750
marg	-14.832750
muchachos	-14.832750
jiggy	-14.832750
brrr	-14.832750
striations	-14.832750
sweetener	-14.832750
schoolboys	-14.832750
originating	-14.832750
indiscriminately	-14.832750
crier	-14.832750
griping	-14.832750
preppy	-14.832750
cabby	-14.832750
pembleton	-14.832750
shirl	-14.832750
wort	-14.832750
vassar	-14.832750
tutored	-14.832750
graphite	-14.832750
mame	-14.832750
kazoo	-14.832750
criticisms	-14.832750
citroen	-14.832750
disheartened	-14.832750
congregate	-14.832750
desiring	-14.832750
hrs	-14.832750
stannis	-14.832750
halfwit	-14.832750
equestria	-14.832750
yule	-14.832750
vernacular	-14.832750
symptomatic	-14.832750
gipsy	-14.832750
eamon	-14.832750
rangoon	-14.832750
tenders	-14.832750
unconscionable	-14.832750
panning	-14.832750
tojo	-14.832750
skiff	-14.832750
organically	-14.832750
danno	-14.832750
bandwidth	-14.832750
motivator	-14.832750
contraceptive	-14.832750
owari	-14.832750
manni	-14.832750
execs	-14.832750
tattletale	-14.832750
anatomically	-14.832750
manatee	-14.832750
combative	-14.836807
mensa	-14.836807
pendragon	-14.836807
sidekicks	-14.836807
credo	-14.836807
bulimic	-14.836807
mamiya	-14.836807
pheromone	-14.836807
intelligently	-14.836807
beate	-14.836807
earls	-14.836807
trimble	-14.836807
doughboy	-14.836807
letterhead	-14.836807
punctuation	-14.836807
dodie	-14.836807
asserting	-14.836807
bork	-14.836807
implements	-14.836807
yodel	-14.836807
sashi	-14.836807
ife	-14.836807
darlington	-14.836807
disarmament	-14.836807
bloomingdale	-14.836807
verger	-14.836807
tilden	-14.836807
kruse	-14.836807
ntsb	-14.836807
bodice	-14.836807
stagg	-14.836807
dispensing	-14.836807
abreast	-14.836807
suleiman	-14.836807
neff	-14.836807
toughness	-14.836807
hitchhikers	-14.836807
lakshman	-14.836807
kohei	-14.836807
wie	-14.836807
fillory	-14.836807
believeth	-14.836807
purer	-14.836807
pranking	-14.836807
cohorts	-14.836807
serpico	-14.836807
disused	-14.836807
cline	-14.836807
gluing	-14.836807
norad	-14.836807
gibbon	-14.836807
westport	-14.836807
jonathon	-14.836807
gilou	-14.836807
pius	-14.836807
scrip	-14.836807
nella	-14.836807
kitchener	-14.836807
niecy	-14.836807
kaali	-14.836807
purposefully	-14.836807
belarus	-14.836807
telepathically	-14.836807
betterthan	-14.836807
munk	-14.836807
ignatius	-14.836807
embellish	-14.840880
carbonate	-14.840880
spherical	-14.840880
shanaya	-14.840880
conjoined	-14.840880
blushed	-14.840880
ecclesiastical	-14.840880
dabney	-14.840880
wunderbar	-14.840880
daimyo	-14.840880
vitally	-14.840880
noth	-14.840880
cravat	-14.840880
bullfighting	-14.840880
grout	-14.840880
overheat	-14.840880
recites	-14.840880
sedona	-14.840880
danica	-14.840880
fitzy	-14.840880
bookman	-14.840880
legionnaire	-14.840880
orc	-14.840880
artistically	-14.840880
knowyou	-14.840880
squandering	-14.840880
automation	-14.840880
wilkie	-14.840880
linz	-14.840880
transcription	-14.840880
yunsik	-14.840880
outwardly	-14.840880
unsound	-14.840880
acutely	-14.840880
indira	-14.840880
niger	-14.840880
whitewood	-14.840880
segue	-14.840880
storefront	-14.840880
teleporter	-14.840880
sava	-14.840880
perpetuity	-14.840880
shizu	-14.840880
ita	-14.840880
spires	-14.840880
malina	-14.840880
phallus	-14.840880
danbury	-14.840880
emu	-14.840880
dividend	-14.840880
hatton	-14.840880
steppes	-14.840880
havens	-14.840880
divination	-14.840880
glinda	-14.840880
singhania	-14.840880
wields	-14.840880
stratos	-14.840880
teodoro	-14.840880
limousines	-14.840880
assessments	-14.840880
natty	-14.840880
miu	-14.840880
tanz	-14.840880
loire	-14.840880
hooey	-14.840880
staffed	-14.840880
mechanized	-14.840880
percussive	-14.840880
sprinkling	-14.840880
moored	-14.840880
vise	-14.840880
frederico	-14.840880
moniker	-14.840880
outdid	-14.840880
valerius	-14.840880
seu	-14.840880
inexhaustible	-14.840880
wearer	-14.840880
gioia	-14.840880
photocopies	-14.840880
bernardino	-14.840880
interrupts	-14.840880
sighed	-14.844970
infertility	-14.844970
proclaiming	-14.844970
kimiko	-14.844970
eases	-14.844970
knighted	-14.844970
paradis	-14.844970
ultrasonic	-14.844970
indemnity	-14.844970
guano	-14.844970
tezuka	-14.844970
cerberus	-14.844970
hacky	-14.844970
ams	-14.844970
outweighs	-14.844970
sturgis	-14.844970
cletus	-14.844970
llewellyn	-14.844970
recanted	-14.844970
micke	-14.844970
ilk	-14.844970
tassels	-14.844970
virginal	-14.844970
sn	-14.844970
grounders	-14.844970
bookmaker	-14.844970
cliches	-14.844970
houseboy	-14.844970
bloodstain	-14.844970
santas	-14.844970
excursions	-14.844970
schoolmate	-14.844970
electorate	-14.844970
effy	-14.844970
catarella	-14.844970
dido	-14.844970
nuclei	-14.844970
cristian	-14.844970
acetone	-14.844970
overactive	-14.844970
tungsten	-14.844970
litchfield	-14.844970
berkowitz	-14.844970
neddy	-14.844970
wets	-14.844970
confrontational	-14.844970
reversible	-14.844970
franchises	-14.844970
vats	-14.844970
jeppe	-14.844970
shirk	-14.844970
circuses	-14.844970
slimmer	-14.844970
munroe	-14.844970
phuong	-14.844970
pernicious	-14.844970
bunchy	-14.844970
handjob	-14.844970
vittoria	-14.844970
kikuchi	-14.844970
seder	-14.844970
lisette	-14.844970
disreputable	-14.844970
eek	-14.844970
reassess	-14.844970
fancier	-14.844970
irate	-14.844970
dispatching	-14.844970
fared	-14.844970
bombardier	-14.844970
elektra	-14.844970
halal	-14.844970
hetman	-14.844970
corks	-14.844970
ihab	-14.844970
flyover	-14.844970
saks	-14.844970
digress	-14.844970
walkabout	-14.844970
undetermined	-14.844970
sze	-14.849077
tutankhamun	-14.849077
paratrooper	-14.849077
ratatouille	-14.849077
seetha	-14.849077
orlov	-14.849077
enormity	-14.849077
doran	-14.849077
gredenko	-14.849077
kaja	-14.849077
ascetic	-14.849077
shortcake	-14.849077
dozy	-14.849077
expedient	-14.849077
ballerinas	-14.849077
paley	-14.849077
balaclava	-14.849077
haruna	-14.849077
misogynist	-14.849077
maninder	-14.849077
lingered	-14.849077
skeptics	-14.849077
naruse	-14.849077
bulgarians	-14.849077
satou	-14.849077
ovary	-14.849077
heartstrings	-14.849077
frans	-14.849077
medavoy	-14.849077
lito	-14.849077
instalments	-14.849077
teases	-14.849077
sacrilegious	-14.849077
josephus	-14.849077
hosed	-14.849077
pizarro	-14.849077
flaked	-14.849077
growed	-14.849077
rogan	-14.849077
levon	-14.849077
yaar	-14.849077
newscast	-14.849077
artefact	-14.849077
cockatoo	-14.849077
corsican	-14.849077
holtz	-14.849077
conceals	-14.849077
shortening	-14.849077
overexcited	-14.849077
exuberance	-14.849077
mohit	-14.849077
marinate	-14.849077
tyke	-14.849077
examines	-14.849077
chakras	-14.849077
oooooh	-14.849077
ukrainians	-14.849077
technicalities	-14.849077
implicit	-14.849077
gribble	-14.849077
outwitted	-14.849077
unawares	-14.849077
rona	-14.849077
fellatio	-14.849077
oberoi	-14.849077
seeger	-14.849077
sparklers	-14.849077
crosswalk	-14.849077
raydor	-14.849077
rename	-14.849077
endicott	-14.849077
detaining	-14.849077
neutrino	-14.849077
replicating	-14.849077
zaza	-14.849077
repressive	-14.849077
buckwheat	-14.849077
relent	-14.849077
raze	-14.849077
rrr	-14.849077
usurper	-14.853200
summerlee	-14.853200
linton	-14.853200
chapo	-14.853200
pixel	-14.853200
angelika	-14.853200
misinterpret	-14.853200
tiredness	-14.853200
stockman	-14.853200
resonates	-14.853200
beset	-14.853200
gresham	-14.853200
kraus	-14.853200
kanna	-14.853200
huntin	-14.853200
discriminating	-14.853200
keo	-14.853200
watchmaker	-14.853200
mich	-14.853200
societal	-14.853200
grumio	-14.853200
entre	-14.853200
oxycodone	-14.853200
virulent	-14.853200
nightshade	-14.853200
replicas	-14.853200
overloading	-14.853200
bozxphd	-14.853200
buoys	-14.853200
selects	-14.853200
fishmonger	-14.853200
hangzhou	-14.853200
ferrer	-14.853200
shinde	-14.853200
surety	-14.853200
caskets	-14.853200
caffee	-14.853200
inane	-14.853200
sadism	-14.853200
semtex	-14.853200
maryam	-14.853200
guapo	-14.853200
blindfolds	-14.853200
lifer	-14.853200
supercomputer	-14.853200
serra	-14.853200
gratified	-14.853200
inshun	-14.853200
flail	-14.853200
peeler	-14.853200
thackeray	-14.853200
chillax	-14.853200
shakespearean	-14.853200
retailer	-14.853200
maruti	-14.853200
memorise	-14.853200
mchale	-14.853200
disengaged	-14.853200
werther	-14.853200
lamia	-14.853200
crumpet	-14.853200
hyped	-14.853200
munsch	-14.853200
sandbag	-14.853200
friendlies	-14.853200
amphibian	-14.853200
drei	-14.853200
gabbing	-14.853200
examiners	-14.853200
stickin	-14.853200
pawan	-14.853200
chiyo	-14.853200
fathead	-14.853200
sadat	-14.853200
whupped	-14.853200
devore	-14.853200
cassock	-14.853200
disabling	-14.853200
bac	-14.853200
eyeballing	-14.857341
butted	-14.857341
conceded	-14.857341
mcfadden	-14.857341
diddly	-14.857341
rn	-14.857341
platoons	-14.857341
disassemble	-14.857341
brecht	-14.857341
lehmann	-14.857341
reliance	-14.857341
havea	-14.857341
quiets	-14.857341
duckburg	-14.857341
mopped	-14.857341
bilingual	-14.857341
thrombosis	-14.857341
acs	-14.857341
pish	-14.857341
alum	-14.857341
valiantly	-14.857341
yasuda	-14.857341
feigning	-14.857341
putties	-14.857341
geppetto	-14.857341
rees	-14.857341
nave	-14.857341
johnsons	-14.857341
reachable	-14.857341
ratified	-14.857341
infuriated	-14.857341
intruded	-14.857341
tani	-14.857341
agitator	-14.857341
banquets	-14.857341
lothbrok	-14.857341
modelled	-14.857341
laxatives	-14.857341
underling	-14.857341
eventuality	-14.857341
dudu	-14.857341
heffernan	-14.857341
milanese	-14.857341
mosby	-14.857341
moussa	-14.857341
gerrit	-14.857341
jandi	-14.857341
acumen	-14.857341
uttering	-14.857341
liquidation	-14.857341
densely	-14.857341
garson	-14.857341
racquet	-14.857341
mariposa	-14.857341
creditor	-14.857341
leyton	-14.857341
wastrel	-14.857341
myanmar	-14.857341
southeastern	-14.857341
mukherjee	-14.857341
elon	-14.857341
strum	-14.857341
chesterfield	-14.857341
scowl	-14.857341
chancellery	-14.857341
marcelle	-14.857341
jima	-14.857341
wasjust	-14.857341
sudoku	-14.857341
karnak	-14.857341
mercifully	-14.857341
wol	-14.857341
environmentalists	-14.857341
mollari	-14.857341
inexperience	-14.857341
bungalows	-14.857341
flecks	-14.857341
firebird	-14.857341
tillie	-14.857341
amniotic	-14.857341
bogie	-14.857341
mikasa	-14.857341
inigo	-14.857341
nepotism	-14.857341
thicket	-14.857341
poultice	-14.857341
meteorologist	-14.861499
sympathizers	-14.861499
iss	-14.861499
salesgirl	-14.861499
capacities	-14.861499
nags	-14.861499
gridlock	-14.861499
brawls	-14.861499
babi	-14.861499
boonies	-14.861499
livvy	-14.861499
mobilizing	-14.861499
empathetic	-14.861499
sandhu	-14.861499
pathos	-14.861499
wertanen	-14.861499
medalist	-14.861499
phallic	-14.861499
trickier	-14.861499
demerol	-14.861499
pandi	-14.861499
rebar	-14.861499
nitin	-14.861499
undergrowth	-14.861499
dunking	-14.861499
peppe	-14.861499
regularity	-14.861499
logos	-14.861499
albin	-14.861499
exquisitely	-14.861499
ocp	-14.861499
lhasa	-14.861499
buttering	-14.861499
sopranos	-14.861499
surfacing	-14.861499
assuring	-14.861499
tancredi	-14.861499
lattimer	-14.861499
acropolis	-14.861499
cadre	-14.861499
vicariously	-14.861499
sweeties	-14.861499
cort	-14.861499
potpourri	-14.861499
braveheart	-14.861499
chuny	-14.861499
peacekeeping	-14.861499
evocative	-14.861499
taipan	-14.861499
sues	-14.861499
snarky	-14.861499
yussef	-14.861499
leopoldo	-14.861499
arisa	-14.861499
dosh	-14.861499
inconsolable	-14.861499
kamala	-14.861499
humped	-14.861499
dixit	-14.861499
whiskeys	-14.861499
timmins	-14.861499
tono	-14.861499
flaccid	-14.861499
robles	-14.861499
goli	-14.861499
saperstein	-14.861499
hephaestus	-14.861499
blighter	-14.861499
outrank	-14.861499
porque	-14.861499
eenie	-14.861499
maga	-14.861499
pokes	-14.861499
prospector	-14.861499
fibrosis	-14.861499
smudges	-14.861499
caddie	-14.861499
phillies	-14.861499
fortuna	-14.861499
ahjusshi	-14.861499
airbags	-14.861499
tico	-14.861499
masts	-14.861499
cpu	-14.861499
themself	-14.861499
gratin	-14.861499
snafu	-14.861499
zaps	-14.861499
infield	-14.865675
moonbeam	-14.865675
projectionist	-14.865675
laminated	-14.865675
yoshie	-14.865675
jovial	-14.865675
purifying	-14.865675
sidelined	-14.865675
cf	-14.865675
sunbathe	-14.865675
pygmies	-14.865675
babuji	-14.865675
publishes	-14.865675
krister	-14.865675
honore	-14.865675
facets	-14.865675
unremarkable	-14.865675
pembroke	-14.865675
gam	-14.865675
nickie	-14.865675
kitsch	-14.865675
gauss	-14.865675
fleury	-14.865675
miscarriages	-14.865675
eisenstein	-14.865675
martinique	-14.865675
clamor	-14.865675
statewide	-14.865675
munoz	-14.865675
jinnah	-14.865675
valens	-14.865675
raked	-14.865675
hardens	-14.865675
leh	-14.865675
frizzy	-14.865675
penmanship	-14.865675
dongshi	-14.865675
bloodhounds	-14.865675
domo	-14.865675
surfed	-14.865675
ches	-14.865675
metatron	-14.865675
lethargic	-14.865675
fireside	-14.865675
prompting	-14.865675
berets	-14.865675
olav	-14.865675
marauders	-14.865675
flocked	-14.865675
environmentalist	-14.865675
hea	-14.865675
ilyich	-14.865675
starla	-14.865675
circumvent	-14.865675
passcode	-14.865675
dwellings	-14.865675
denouncing	-14.865675
ferb	-14.865675
sugiyama	-14.865675
seul	-14.865675
puccini	-14.865675
glitz	-14.865675
simmering	-14.865675
parfait	-14.865675
miwa	-14.869867
victimology	-14.869867
aras	-14.869867
khyber	-14.869867
impresario	-14.869867
moratorium	-14.869867
gottfried	-14.869867
hydroxide	-14.869867
hemoglobin	-14.869867
serizawa	-14.869867
provo	-14.869867
pharmacies	-14.869867
scabbard	-14.869867
weaned	-14.869867
grimlock	-14.869867
langham	-14.869867
thrusts	-14.869867
aclu	-14.869867
jacobi	-14.869867
chazz	-14.869867
seraphim	-14.869867
conman	-14.869867
filings	-14.869867
bianco	-14.869867
passe	-14.869867
indistinguishable	-14.869867
stipulate	-14.869867
waistline	-14.869867
marita	-14.869867
shrank	-14.869867
quintessential	-14.869867
pertains	-14.869867
kubo	-14.869867
beulah	-14.869867
joules	-14.869867
heists	-14.869867
sunburned	-14.869867
authorise	-14.869867
fleck	-14.869867
splice	-14.869867
bloggers	-14.869867
hidin	-14.869867
fawkes	-14.869867
achoo	-14.869867
yuku	-14.869867
unproven	-14.869867
winnebago	-14.869867
uesugi	-14.869867
schuester	-14.869867
scavo	-14.869867
latinum	-14.869867
isao	-14.869867
negotiators	-14.869867
bawl	-14.869867
rarer	-14.869867
contra	-14.869867
nevermore	-14.869867
orton	-14.869867
shrub	-14.869867
deepu	-14.869867
scholarly	-14.869867
replication	-14.869867
levee	-14.869867
teriyaki	-14.869867
hs	-14.869867
sansa	-14.869867
appendage	-14.869867
clubbed	-14.869867
helmer	-14.869867
finnerty	-14.869867
propensity	-14.869867
faeces	-14.869867
luann	-14.869867
ite	-14.869867
substandard	-14.869867
filtration	-14.869867
grigori	-14.869867
bix	-14.869867
sado	-14.874078
orator	-14.874078
interventions	-14.874078
sulfate	-14.874078
lumiere	-14.874078
nello	-14.874078
bubby	-14.874078
rolo	-14.874078
deano	-14.874078
nieves	-14.874078
exxon	-14.874078
scribes	-14.874078
lancashire	-14.874078
dartie	-14.874078
broadly	-14.874078
autolycus	-14.874078
doornail	-14.874078
evert	-14.874078
alienating	-14.874078
manufactures	-14.874078
tackles	-14.874078
molto	-14.874078
blathering	-14.874078
beetroot	-14.874078
dripped	-14.874078
leander	-14.874078
tartan	-14.874078
capsized	-14.874078
raunchy	-14.874078
xan	-14.874078
braided	-14.874078
gusta	-14.874078
hypoxia	-14.874078
lani	-14.874078
befell	-14.874078
canteens	-14.874078
juicing	-14.874078
belles	-14.874078
longstocking	-14.874078
berserker	-14.874078
armoire	-14.874078
arliss	-14.874078
rainier	-14.874078
coffey	-14.874078
assessor	-14.874078
thc	-14.874078
sedgwick	-14.874078
belted	-14.874078
sq	-14.874078
rosaline	-14.874078
crips	-14.874078
kirov	-14.874078
mannu	-14.874078
hejust	-14.874078
untenable	-14.874078
piqued	-14.874078
snacking	-14.874078
tantamount	-14.874078
millan	-14.874078
thermonuclear	-14.874078
sociopathic	-14.874078
malick	-14.874078
outgrow	-14.874078
eerily	-14.874078
praveen	-14.874078
roux	-14.874078
ritsuko	-14.874078
torrid	-14.874078
stopover	-14.874078
tusseries	-14.874078
huskies	-14.874078
bristles	-14.874078
stonebridge	-14.874078
slats	-14.874078
electrically	-14.874078
lgbt	-14.874078
fantozzi	-14.874078
deems	-14.874078
duluth	-14.874078
rejoiced	-14.874078
gemstone	-14.874078
kissin	-14.874078
golan	-14.874078
miniskirt	-14.874078
aperture	-14.874078
anchorman	-14.874078
diazepam	-14.874078
consoles	-14.874078
misdemeanors	-14.878306
impassable	-14.878306
jaunt	-14.878306
melodious	-14.878306
chunhyang	-14.878306
woeful	-14.878306
fujii	-14.878306
fabulously	-14.878306
zappa	-14.878306
haruo	-14.878306
duffle	-14.878306
amateurish	-14.878306
petro	-14.878306
migo	-14.878306
volt	-14.878306
berm	-14.878306
ilene	-14.878306
shackle	-14.878306
davos	-14.878306
vanni	-14.878306
nagy	-14.878306
chauncey	-14.878306
unyielding	-14.878306
inuyasha	-14.878306
arcades	-14.878306
yoma	-14.878306
sleuth	-14.878306
sickens	-14.878306
crimp	-14.878306
tuxedos	-14.878306
bouillabaisse	-14.878306
collaborative	-14.878306
cellist	-14.878306
ead	-14.878306
rationale	-14.878306
byproduct	-14.878306
cackle	-14.878306
inhibit	-14.878306
pulverized	-14.878306
formative	-14.878306
streaking	-14.878306
craw	-14.878306
cammie	-14.878306
porthole	-14.878306
radon	-14.878306
lennier	-14.878306
swiping	-14.878306
yokel	-14.878306
bended	-14.878306
anglican	-14.878306
hippocampus	-14.878306
iadc	-14.878306
ethnicity	-14.878306
ceren	-14.878306
decryption	-14.878306
supplementary	-14.878306
italiano	-14.878306
meghna	-14.878306
restock	-14.878306
geno	-14.878306
fateh	-14.878306
receptor	-14.878306
woodley	-14.878306
branco	-14.878306
topo	-14.878306
mariners	-14.878306
virgilia	-14.878306
aegean	-14.878306
mouldy	-14.878306
blobs	-14.878306
archeologists	-14.878306
slurs	-14.878306
talentless	-14.878306
voltron	-14.878306
stabilizers	-14.878306
stewey	-14.878306
percocet	-14.878306
cretaceous	-14.878306
deciphering	-14.878306
shawnee	-14.882553
animators	-14.882553
psh	-14.882553
grammys	-14.882553
tsung	-14.882553
bloodlines	-14.882553
debriefed	-14.882553
bandy	-14.882553
yat	-14.882553
kaew	-14.882553
briana	-14.882553
alexey	-14.882553
gouda	-14.882553
hyoid	-14.882553
dismissive	-14.882553
thither	-14.882553
eddington	-14.882553
chitra	-14.882553
hindustan	-14.882553
shafted	-14.882553
reloading	-14.882553
rottweiler	-14.882553
sussman	-14.882553
coincided	-14.882553
lessing	-14.882553
spiffy	-14.882553
alena	-14.882553
miniatures	-14.882553
adhd	-14.882553
junky	-14.882553
moneymaker	-14.882553
starships	-14.882553
fallow	-14.882553
familiarize	-14.882553
laboured	-14.882553
caliente	-14.882553
iain	-14.882553
xue	-14.882553
reimbursed	-14.882553
strangeness	-14.882553
harlequin	-14.882553
eriksen	-14.882553
deviled	-14.882553
imprudent	-14.882553
cosmonaut	-14.882553
encircled	-14.882553
kirkman	-14.882553
sonora	-14.882553
oman	-14.882553
washout	-14.882553
banerjee	-14.882553
pythons	-14.882553
prosecutions	-14.882553
argon	-14.882553
treville	-14.882553
nutrient	-14.882553
faro	-14.882553
ichelangelo	-14.882553
panache	-14.882553
butterworth	-14.882553
amicably	-14.882553
milliseconds	-14.882553
hammersley	-14.882553
kanazawa	-14.882553
perjured	-14.882553
pent	-14.882553
boson	-14.882553
molars	-14.882553
tunisian	-14.882553
swenson	-14.882553
escapees	-14.882553
laguerta	-14.882553
daegil	-14.882553
furlong	-14.882553
arang	-14.882553
nomi	-14.882553
balsamic	-14.882553
obsessively	-14.882553
elizabethan	-14.882553
eatery	-14.882553
coexistence	-14.882553
kazon	-14.882553
hayama	-14.882553
odors	-14.882553
zaara	-14.882553
consultations	-14.882553
grindstone	-14.882553
extorting	-14.882553
blanked	-14.882553
kahuna	-14.882553
lapland	-14.882553
evi	-14.882553
joyner	-14.882553
shish	-14.882553
pigalle	-14.882553
komal	-14.882553
jacqui	-14.882553
thls	-14.882553
hippocratic	-14.886817
repentant	-14.886817
overtaking	-14.886817
ministries	-14.886817
bruner	-14.886817
blunders	-14.886817
staffs	-14.886817
villanueva	-14.886817
reinforcing	-14.886817
weinberg	-14.886817
ellington	-14.886817
bloomers	-14.886817
coped	-14.886817
deadbeats	-14.886817
tierra	-14.886817
affiliate	-14.886817
segal	-14.886817
olfactory	-14.886817
ryoma	-14.886817
baubles	-14.886817
jaggu	-14.886817
pariqual	-14.886817
clunking	-14.886817
troth	-14.886817
victorians	-14.886817
rethinking	-14.886817
awa	-14.886817
ane	-14.886817
everyman	-14.886817
evokes	-14.886817
pert	-14.886817
chacha	-14.886817
legless	-14.886817
denomination	-14.886817
dishing	-14.886817
katsu	-14.886817
guerra	-14.886817
xenon	-14.886817
kamakura	-14.886817
fireproof	-14.886817
hypotheses	-14.886817
goy	-14.886817
decimate	-14.886817
ramse	-14.886817
uzbekistan	-14.886817
virg	-14.886817
persson	-14.886817
narrated	-14.886817
albion	-14.886817
roos	-14.886817
trumbo	-14.886817
nazca	-14.886817
macadamia	-14.886817
inder	-14.886817
broner	-14.886817
chitters	-14.886817
gisela	-14.886817
heloise	-14.886817
valli	-14.886817
rosette	-14.886817
haggerty	-14.886817
swirls	-14.886817
abaddon	-14.886817
northeastern	-14.886817
rutland	-14.886817
chock	-14.886817
allegory	-14.886817
chieko	-14.886817
khe	-14.886817
miscarried	-14.886817
boxcar	-14.886817
qiang	-14.891100
subversion	-14.891100
moderates	-14.891100
backfiring	-14.891100
coiled	-14.891100
hibernate	-14.891100
wilful	-14.891100
akechi	-14.891100
pimped	-14.891100
wincing	-14.891100
frilly	-14.891100
jonesing	-14.891100
markos	-14.891100
adebisi	-14.891100
yamamori	-14.891100
vagabonds	-14.891100
bonham	-14.891100
flossing	-14.891100
duk	-14.891100
wou	-14.891100
climates	-14.891100
rewire	-14.891100
staph	-14.891100
twats	-14.891100
squirrelly	-14.891100
tenctonese	-14.891100
mods	-14.891100
straying	-14.891100
neve	-14.891100
yeesh	-14.891100
okubo	-14.891100
reactivated	-14.891100
mercier	-14.891100
beget	-14.891100
pillock	-14.891100
blowback	-14.891100
tatsumi	-14.891100
pitbull	-14.891100
boi	-14.891100
rahman	-14.891100
mado	-14.891100
crazily	-14.891100
corroborating	-14.891100
escalante	-14.891100
raikou	-14.891100
chrysanthemums	-14.891100
celestia	-14.891100
birgitta	-14.891100
aardvark	-14.891100
furillo	-14.891100
livy	-14.891100
conspirator	-14.891100
putney	-14.891100
eins	-14.891100
rathore	-14.891100
duplex	-14.891100
dinar	-14.891100
donates	-14.891100
nygma	-14.891100
domineering	-14.891100
grated	-14.891100
jeevan	-14.891100
nessie	-14.891100
cameroon	-14.891100
galoshes	-14.891100
salesperson	-14.891100
clamour	-14.891100
lansky	-14.891100
bonasera	-14.891100
shinbei	-14.891100
claro	-14.891100
demure	-14.891100
hic	-14.891100
complacency	-14.891100
serafina	-14.891100
discharges	-14.891100
foundling	-14.891100
kinsmen	-14.891100
torre	-14.891100
pounced	-14.891100
botwin	-14.891100
switek	-14.891100
jordache	-14.891100
sidearm	-14.891100
nickers	-14.891100
jangles	-14.891100
chirac	-14.891100
numbskull	-14.895401
upstage	-14.895401
boorish	-14.895401
mcavoy	-14.895401
operetta	-14.895401
hannigan	-14.895401
piti	-14.895401
extrapolate	-14.895401
pollyanna	-14.895401
recollections	-14.895401
skillfully	-14.895401
iad	-14.895401
stimulants	-14.895401
kion	-14.895401
blonds	-14.895401
chon	-14.895401
spacesuit	-14.895401
evangeline	-14.895401
plumage	-14.895401
karloff	-14.895401
coombs	-14.895401
torpedoed	-14.895401
classifieds	-14.895401
tm	-14.895401
battlements	-14.895401
zambia	-14.895401
loeb	-14.895401
uncomfortably	-14.895401
porpoise	-14.895401
akers	-14.895401
bookmark	-14.895401
rajah	-14.895401
democratically	-14.895401
berto	-14.895401
ramming	-14.895401
romanov	-14.895401
vamoose	-14.895401
tint	-14.895401
lateness	-14.895401
expedited	-14.895401
avian	-14.895401
sneha	-14.895401
esa	-14.895401
hindering	-14.895401
obstetrics	-14.895401
nationalities	-14.895401
ruslan	-14.895401
athelstan	-14.895401
scopes	-14.895401
thinly	-14.895401
kon	-14.895401
ystad	-14.895401
unstuck	-14.895401
obstinacy	-14.895401
tommi	-14.895401
pardner	-14.895401
balaji	-14.895401
priyanka	-14.895401
tmi	-14.895401
karzai	-14.895401
vero	-14.895401
intercontinental	-14.895401
cashews	-14.895401
magee	-14.895401
schmeling	-14.895401
sniggering	-14.895401
pjs	-14.895401
spaceiy	-14.895401
gwendolen	-14.895401
weariness	-14.895401
importer	-14.895401
dispensed	-14.895401
wholesaler	-14.895401
crumpets	-14.895401
dislodged	-14.895401
mukesh	-14.895401
pontoon	-14.895401
siento	-14.895401
stubbornly	-14.895401
tiffin	-14.895401
curlers	-14.895401
rawr	-14.895401
palatable	-14.895401
crackerjack	-14.895401
diction	-14.895401
pessimism	-14.895401
coastguard	-14.899720
stockholder	-14.899720
ikari	-14.899720
superbly	-14.899720
whet	-14.899720
keru	-14.899720
ravages	-14.899720
yae	-14.899720
amritsar	-14.899720
benning	-14.899720
coimbatore	-14.899720
belfry	-14.899720
aiken	-14.899720
vala	-14.899720
geun	-14.899720
compounded	-14.899720
cait	-14.899720
burnham	-14.899720
demolishing	-14.899720
whacko	-14.899720
pixies	-14.899720
baldness	-14.899720
keister	-14.899720
gallipoli	-14.899720
aitu	-14.899720
kurdy	-14.899720
worcester	-14.899720
jano	-14.899720
carrera	-14.899720
stamper	-14.899720
glassy	-14.899720
wiretaps	-14.899720
saraswati	-14.899720
myrrh	-14.899720
kr	-14.899720
interpersonal	-14.899720
pitts	-14.899720
alder	-14.899720
carted	-14.899720
widened	-14.899720
shushes	-14.899720
nosh	-14.899720
slashes	-14.899720
favorably	-14.899720
advancements	-14.899720
ree	-14.899720
codfish	-14.899720
vaclav	-14.899720
impressionists	-14.899720
fournier	-14.899720
artistes	-14.899720
humdrum	-14.899720
dyeing	-14.899720
telenovela	-14.899720
stegman	-14.899720
trill	-14.899720
topography	-14.899720
dolph	-14.899720
logistic	-14.899720
nob	-14.899720
eugenie	-14.899720
dunked	-14.899720
lamest	-14.899720
overcomes	-14.899720
fornicate	-14.899720
retracted	-14.899720
bacardi	-14.899720
rubicon	-14.899720
dishonoured	-14.899720
leukaemia	-14.899720
headboard	-14.899720
leotard	-14.899720
sawako	-14.904059
nonfat	-14.904059
uniqueness	-14.904059
gaseous	-14.904059
lexicon	-14.904059
zippo	-14.904059
stilton	-14.904059
chika	-14.904059
fonzie	-14.904059
genteel	-14.904059
chatterjee	-14.904059
pringles	-14.904059
franklyn	-14.904059
juve	-14.904059
liners	-14.904059
kagawa	-14.904059
ferdie	-14.904059
seuss	-14.904059
chub	-14.904059
alda	-14.904059
finns	-14.904059
covertly	-14.904059
rambabu	-14.904059
earthworm	-14.904059
remit	-14.904059
storeys	-14.904059
transpose	-14.904059
coriander	-14.904059
morrigan	-14.904059
migratory	-14.904059
allocation	-14.904059
alternator	-14.904059
cessna	-14.904059
carefull	-14.904059
barbers	-14.904059
ivs	-14.904059
buda	-14.904059
icicles	-14.904059
ornate	-14.904059
navin	-14.904059
flippant	-14.904059
conley	-14.904059
paramour	-14.904059
ferrante	-14.904059
cipriano	-14.904059
fracturing	-14.904059
atthe	-14.904059
blacking	-14.904059
bootlegger	-14.904059
ys	-14.904059
ichigo	-14.904059
wwe	-14.904059
transcendental	-14.904059
consumerism	-14.904059
monorail	-14.904059
mochizuki	-14.904059
rants	-14.904059
humerus	-14.904059
saeed	-14.904059
hotchkiss	-14.904059
sundaes	-14.904059
conquistadors	-14.904059
geographically	-14.904059
meagre	-14.904059
taxidermy	-14.904059
fishbowl	-14.904059
cannery	-14.904059
nel	-14.904059
detonating	-14.904059
sura	-14.904059
aspired	-14.904059
ayngaran	-14.904059
objectionable	-14.904059
squanto	-14.904059
commendations	-14.904059
mentalist	-14.904059
rejuvenation	-14.904059
gassing	-14.904059
bic	-14.904059
sunroof	-14.904059
simian	-14.904059
liszt	-14.904059
millard	-14.904059
confrontations	-14.904059
grandstand	-14.904059
mongrels	-14.904059
paupers	-14.904059
charters	-14.904059
tsuchiya	-14.904059
replaceable	-14.904059
byung	-14.904059
cherbourg	-14.904059
styled	-14.904059
parkes	-14.904059
boggle	-14.904059
waterway	-14.904059
courtside	-14.904059
kiko	-14.904059
sweetwater	-14.904059
dunston	-14.904059
videotaping	-14.908416
rankings	-14.908416
defame	-14.908416
introductory	-14.908416
sourdough	-14.908416
injector	-14.908416
midfield	-14.908416
scabby	-14.908416
laida	-14.908416
mifune	-14.908416
boobie	-14.908416
witt	-14.908416
pylon	-14.908416
tidbit	-14.908416
propellant	-14.908416
ayumi	-14.908416
advocacy	-14.908416
robie	-14.908416
baloo	-14.908416
unearthly	-14.908416
tiber	-14.908416
zuckerberg	-14.908416
gratis	-14.908416
madi	-14.908416
adachi	-14.908416
oberon	-14.908416
rel	-14.908416
hairdryer	-14.908416
sledding	-14.908416
eras	-14.908416
chuffed	-14.908416
exterminating	-14.908416
whoah	-14.908416
oma	-14.908416
bunga	-14.908416
lundgren	-14.908416
strongman	-14.908416
forjust	-14.908416
churros	-14.908416
extinguishers	-14.908416
uch	-14.908416
detestable	-14.908416
ambo	-14.908416
durban	-14.908416
rosamund	-14.908416
splintered	-14.908416
telemachus	-14.908416
miffed	-14.908416
flatfoot	-14.908416
ripen	-14.908416
nishimura	-14.908416
modicum	-14.908416
askew	-14.908416
peppone	-14.908416
crouched	-14.908416
ascertained	-14.912792
ooty	-14.912792
snowboard	-14.912792
hindered	-14.912792
kkk	-14.912792
damsels	-14.912792
dongs	-14.912792
shittin	-14.912792
skimp	-14.912792
aaaargh	-14.912792
mieze	-14.912792
hoh	-14.912792
reva	-14.912792
materialism	-14.912792
rivas	-14.912792
peppi	-14.912792
chapped	-14.912792
adulterous	-14.912792
kazuko	-14.912792
conferred	-14.912792
unsigned	-14.912792
judgements	-14.912792
bebo	-14.912792
someones	-14.912792
convoluted	-14.912792
interject	-14.912792
carbohydrates	-14.912792
catchers	-14.912792
grimace	-14.912792
josefina	-14.912792
tetsuya	-14.912792
awakes	-14.912792
workouts	-14.912792
defection	-14.912792
wenches	-14.912792
whisker	-14.912792
dacoit	-14.912792
bihar	-14.912792
phalanx	-14.912792
upholding	-14.912792
cartwrights	-14.912792
nori	-14.912792
artisans	-14.912792
awning	-14.912792
strobe	-14.912792
consecrate	-14.912792
assimilation	-14.912792
godliness	-14.912792
roughest	-14.912792
chaperoning	-14.912792
stillwell	-14.912792
brr	-14.912792
nighthorse	-14.912792
malleable	-14.912792
apropos	-14.912792
syl	-14.912792
feeders	-14.912792
projectiles	-14.912792
soybeans	-14.912792
immobilized	-14.912792
arias	-14.912792
avignon	-14.912792
andale	-14.912792
cuddled	-14.912792
arkwright	-14.912792
corrosion	-14.912792
sulky	-14.912792
immigrated	-14.912792
basel	-14.912792
genus	-14.912792
cuttings	-14.912792
godown	-14.912792
koda	-14.912792
choshu	-14.912792
whitlock	-14.912792
birdhouse	-14.912792
blitzkrieg	-14.912792
harish	-14.912792
nozomi	-14.912792
autobiographical	-14.912792
screenings	-14.912792
laughlin	-14.912792
erna	-14.912792
ferries	-14.912792
login	-14.912792
bulkheads	-14.912792
esto	-14.912792
highball	-14.912792
lightyear	-14.912792
philippa	-14.912792
essen	-14.912792
hyneman	-14.912792
valery	-14.917188
durian	-14.917188
substituting	-14.917188
urologist	-14.917188
animate	-14.917188
kapil	-14.917188
vue	-14.917188
lele	-14.917188
appellate	-14.917188
monastic	-14.917188
parthenon	-14.917188
kidman	-14.917188
misjudge	-14.917188
sadiq	-14.917188
samosas	-14.917188
slowpoke	-14.917188
silica	-14.917188
shaina	-14.917188
tableau	-14.917188
politic	-14.917188
rodrigues	-14.917188
islamabad	-14.917188
oxytocin	-14.917188
cenk	-14.917188
suckle	-14.917188
eurovision	-14.917188
slobber	-14.917188
duchy	-14.917188
overcrowding	-14.917188
borgias	-14.917188
haram	-14.917188
orchestrate	-14.917188
marrakech	-14.917188
kitto	-14.917188
tucks	-14.917188
facet	-14.917188
tans	-14.917188
adder	-14.917188
sind	-14.917188
biographer	-14.917188
yoni	-14.917188
streetlight	-14.917188
fermin	-14.917188
hardcastle	-14.917188
goryeo	-14.917188
hijacker	-14.917188
chinchilla	-14.917188
shadowed	-14.917188
equatorial	-14.917188
scullery	-14.917188
valerian	-14.917188
borman	-14.917188
vermillion	-14.917188
ler	-14.917188
navidad	-14.917188
baggie	-14.917188
estela	-14.917188
vronsky	-14.917188
umi	-14.917188
sayers	-14.917188
unequivocally	-14.917188
flinging	-14.917188
dramatics	-14.917188
lacerated	-14.917188
sainsbury	-14.917188
loudon	-14.917188
flowered	-14.917188
mercies	-14.917188
seeded	-14.917188
doorknobs	-14.917188
meatlug	-14.917188
pizzazz	-14.917188
pincers	-14.917188
ajumma	-14.917188
bendy	-14.917188
spenser	-14.921603
jelena	-14.921603
mastercard	-14.921603
claremont	-14.921603
patronise	-14.921603
naylor	-14.921603
altitudes	-14.921603
hijab	-14.921603
narita	-14.921603
shitbag	-14.921603
jura	-14.921603
barium	-14.921603
daffodil	-14.921603
illuminates	-14.921603
rebeca	-14.921603
rahui	-14.921603
copa	-14.921603
gol	-14.921603
reinstatement	-14.921603
rafiq	-14.921603
damini	-14.921603
passerby	-14.921603
scarsdale	-14.921603
jaison	-14.921603
bordello	-14.921603
nevers	-14.921603
grower	-14.921603
chumley	-14.921603
catalogues	-14.921603
keiichi	-14.921603
recesses	-14.921603
metronome	-14.921603
dram	-14.921603
tangy	-14.921603
dhoni	-14.921603
drench	-14.921603
froy	-14.921603
carletto	-14.921603
roly	-14.921603
woodsen	-14.921603
multimillionaire	-14.921603
obscenities	-14.921603
withstood	-14.921603
scavenge	-14.921603
tes	-14.921603
emiliano	-14.921603
concluding	-14.921603
munchkins	-14.921603
millar	-14.921603
epidemics	-14.921603
drummed	-14.921603
atms	-14.921603
hobbits	-14.921603
defamed	-14.921603
fumi	-14.921603
twink	-14.921603
faze	-14.921603
airbase	-14.921603
jarek	-14.921603
kaj	-14.921603
wolverines	-14.921603
lexy	-14.921603
cleanser	-14.921603
kosh	-14.921603
crux	-14.921603
concussions	-14.921603
yorktown	-14.921603
luiz	-14.921603
chablis	-14.921603
mayberry	-14.921603
shazia	-14.921603
underpass	-14.921603
squabbles	-14.921603
goetz	-14.921603
dabbling	-14.921603
teak	-14.921603
darfur	-14.921603
vanna	-14.921603
warthog	-14.921603
stabilise	-14.921603
falsifying	-14.921603
numbing	-14.921603
dozer	-14.921603
rajput	-14.921603
niobe	-14.921603
claybourne	-14.921603
declines	-14.921603
latches	-14.921603
ast	-14.921603
snogging	-14.921603
capcom	-14.921603
tuner	-14.921603
wantin	-14.926038
blazed	-14.926038
guvnor	-14.926038
saluted	-14.926038
detriment	-14.926038
pali	-14.926038
wooldoor	-14.926038
decatur	-14.926038
busby	-14.926038
linux	-14.926038
morland	-14.926038
incorruptible	-14.926038
ishaan	-14.926038
lfyou	-14.926038
attendings	-14.926038
daese	-14.926038
darien	-14.926038
necrosis	-14.926038
flutters	-14.926038
erasers	-14.926038
sorrel	-14.926038
fumiko	-14.926038
hubbell	-14.926038
kerb	-14.926038
finicky	-14.926038
horacio	-14.926038
wheeze	-14.926038
paganini	-14.926038
stepford	-14.926038
gowan	-14.926038
quenched	-14.926038
monahan	-14.926038
modernity	-14.926038
niccolo	-14.926038
mcquaid	-14.926038
transvestites	-14.926038
freund	-14.926038
olli	-14.926038
poofter	-14.926038
edmunds	-14.926038
granddaughters	-14.926038
radiologist	-14.926038
chiefly	-14.926038
yevgeny	-14.926038
contreras	-14.926038
nader	-14.926038
scuttlebutt	-14.926038
southerner	-14.926038
ramrod	-14.926038
rne	-14.926038
sti	-14.926038
marinade	-14.926038
borealis	-14.926038
zia	-14.926038
emine	-14.926038
balwant	-14.926038
motocross	-14.926038
peeped	-14.926038
chicory	-14.926038
mancha	-14.926038
atmospheres	-14.926038
graphs	-14.926038
torino	-14.926038
darjeeling	-14.926038
observes	-14.926038
rotter	-14.926038
downers	-14.926038
knowin	-14.926038
baste	-14.926038
landfall	-14.926038
sitrep	-14.926038
croutons	-14.926038
maturing	-14.926038
nympho	-14.926038
gii	-14.926038
loy	-14.926038
iglesias	-14.926038
grassed	-14.926038
laci	-14.926038
tomiko	-14.926038
diced	-14.926038
lamenting	-14.926038
rainmaker	-14.926038
pathogens	-14.926038
abattoir	-14.926038
csis	-14.926038
bamboos	-14.930492
correctness	-14.930492
advil	-14.930492
utensil	-14.930492
legos	-14.930492
nuri	-14.930492
kimonos	-14.930492
gilberte	-14.930492
slavs	-14.930492
possums	-14.930492
porous	-14.930492
cern	-14.930492
jiff	-14.930492
habitation	-14.930492
taketh	-14.930492
auckland	-14.930492
ire	-14.930492
triangulation	-14.930492
harishchandra	-14.930492
burlington	-14.930492
masterminded	-14.930492
showgirls	-14.930492
clothesline	-14.930492
samy	-14.930492
overshadowed	-14.930492
yannis	-14.930492
approximation	-14.930492
beefing	-14.930492
ornamental	-14.930492
savanna	-14.930492
pb	-14.930492
annoyingly	-14.930492
induces	-14.930492
cappuccinos	-14.930492
esparza	-14.930492
mech	-14.930492
samoa	-14.930492
rinaldo	-14.930492
carbine	-14.930492
stil	-14.930492
salih	-14.930492
perri	-14.930492
median	-14.930492
tropez	-14.930492
tonia	-14.930492
numata	-14.930492
erases	-14.930492
squealer	-14.930492
airfields	-14.930492
suppertime	-14.930492
penalized	-14.930492
quizzes	-14.930492
tugs	-14.930492
condiments	-14.930492
palisades	-14.930492
ipswich	-14.930492
geddes	-14.930492
equitable	-14.930492
wavered	-14.930492
recharged	-14.930492
pillaging	-14.930492
fado	-14.930492
willingham	-14.930492
blithering	-14.930492
agitators	-14.930492
himiko	-14.930492
lynley	-14.930492
unabomber	-14.930492
favoritism	-14.930492
monogram	-14.930492
accords	-14.930492
studious	-14.930492
gilman	-14.930492
inference	-14.930492
tlak	-14.930492
ellery	-14.930492
sisyphus	-14.930492
allenby	-14.930492
hebrews	-14.930492
trine	-14.930492
pretenders	-14.930492
jamieson	-14.930492
bauble	-14.930492
neleh	-14.930492
reciprocal	-14.930492
flapjacks	-14.930492
demean	-14.930492
mung	-14.930492
discretionary	-14.930492
caroling	-14.930492
douglass	-14.930492
legionnaires	-14.930492
showstopper	-14.930492
seaworld	-14.930492
bradfield	-14.930492
dampen	-14.930492
couidn	-14.934966
detested	-14.934966
kalahari	-14.934966
grier	-14.934966
ovulation	-14.934966
mataemon	-14.934966
rockstar	-14.934966
miramar	-14.934966
letterbox	-14.934966
genres	-14.934966
craddock	-14.934966
unsympathetic	-14.934966
bevy	-14.934966
receptions	-14.934966
bardo	-14.934966
unusable	-14.934966
shinobi	-14.934966
iverson	-14.934966
nokia	-14.934966
padres	-14.934966
imre	-14.934966
sonnets	-14.934966
grouped	-14.934966
drury	-14.934966
phuket	-14.934966
stapled	-14.934966
circulatory	-14.934966
coldplay	-14.934966
cochin	-14.934966
sweepstakes	-14.934966
beals	-14.934966
astride	-14.934966
undercarriage	-14.934966
aahhh	-14.934966
kirkwood	-14.934966
kawada	-14.934966
observational	-14.934966
resnick	-14.934966
sayeth	-14.934966
gisele	-14.934966
stowe	-14.934966
shikoku	-14.934966
eclipses	-14.934966
secretions	-14.934966
whatevs	-14.934966
hockney	-14.934966
berle	-14.934966
jaye	-14.934966
visualization	-14.934966
hawthorn	-14.934966
ferraris	-14.934966
spitzer	-14.934966
medford	-14.934966
backboard	-14.934966
grappa	-14.934966
wringer	-14.934966
whatta	-14.934966
maite	-14.934966
exfil	-14.934966
misplace	-14.934966
tseng	-14.934966
dismemberment	-14.934966
favoring	-14.934966
valois	-14.934966
badmouth	-14.934966
decathlon	-14.934966
mangrove	-14.934966
encyclopedias	-14.934966
probationary	-14.934966
deaq	-14.934966
stell	-14.934966
hotbed	-14.934966
akiba	-14.934966
overstepping	-14.934966
ioan	-14.934966
wooley	-14.934966
sbk	-14.934966
seher	-14.934966
boudreau	-14.934966
jinkies	-14.934966
koshien	-14.934966
nandita	-14.934966
snubbed	-14.934966
okita	-14.934966
rubbery	-14.934966
staci	-14.934966
introverted	-14.934966
gutenberg	-14.934966
linguistics	-14.934966
mordor	-14.934966
jaguars	-14.934966
geraniums	-14.939461
murdoc	-14.939461
inwards	-14.939461
bagman	-14.939461
leggy	-14.939461
wantonly	-14.939461
slung	-14.939461
disher	-14.939461
spectrometer	-14.939461
calibrate	-14.939461
ahi	-14.939461
ubu	-14.939461
faucets	-14.939461
untouchables	-14.939461
enclose	-14.939461
bongos	-14.939461
lodz	-14.939461
abate	-14.939461
kirill	-14.939461
tadeusz	-14.939461
noda	-14.939461
gossamer	-14.939461
morose	-14.939461
fouquet	-14.939461
salford	-14.939461
connector	-14.939461
surveilling	-14.939461
stances	-14.939461
oldman	-14.939461
poi	-14.939461
ostensibly	-14.939461
neuroscience	-14.939461
harve	-14.939461
colonialism	-14.939461
hanbyul	-14.939461
peti	-14.939461
uso	-14.939461
bisque	-14.939461
slimeball	-14.939461
voy	-14.939461
cohesion	-14.939461
hocus	-14.939461
spoilers	-14.939461
clemence	-14.939461
beneficiaries	-14.939461
toady	-14.939461
meenie	-14.939461
posner	-14.939461
marred	-14.939461
pathetically	-14.939461
alternatively	-14.939461
hyundai	-14.939461
ple	-14.939461
posses	-14.939461
tsao	-14.939461
dusky	-14.939461
behavioural	-14.939461
newell	-14.939461
unico	-14.939461
constituent	-14.939461
skidding	-14.939461
nub	-14.939461
watershed	-14.939461
marja	-14.939461
gellar	-14.939461
canines	-14.939461
peruse	-14.939461
emissaries	-14.939461
roadster	-14.939461
subvert	-14.939461
swamy	-14.939461
houghton	-14.939461
loiter	-14.939461
grimoire	-14.939461
revolvers	-14.939461
pashto	-14.939461
captor	-14.939461
delegated	-14.939461
disputing	-14.939461
demetri	-14.939461
bossa	-14.939461
extracts	-14.939461
subservient	-14.943975
bellybutton	-14.943975
calderone	-14.943975
kora	-14.943975
classically	-14.943975
interchangeable	-14.943975
mustapha	-14.943975
zoot	-14.943975
formica	-14.943975
expenditures	-14.943975
tuffnut	-14.943975
slithering	-14.943975
yost	-14.943975
bf	-14.943975
hardness	-14.943975
sunbeam	-14.943975
greenspan	-14.943975
vanquishing	-14.943975
debonair	-14.943975
margate	-14.943975
dereliction	-14.943975
anuj	-14.943975
cooney	-14.943975
gnawed	-14.943975
manami	-14.943975
croquettes	-14.943975
glowed	-14.943975
edelweiss	-14.943975
kingship	-14.943975
legible	-14.943975
farnese	-14.943975
papacy	-14.943975
flatterer	-14.943975
yvan	-14.943975
relaunch	-14.943975
lune	-14.943975
legrand	-14.943975
demotion	-14.943975
sizing	-14.943975
phryne	-14.943975
antigone	-14.943975
rawhide	-14.943975
ehhh	-14.943975
neutralise	-14.943975
beverley	-14.943975
reviewer	-14.943975
unsubs	-14.943975
shyster	-14.943975
stockroom	-14.943975
abnormals	-14.943975
str	-14.943975
fragility	-14.943975
vagrants	-14.943975
kippers	-14.943975
grafton	-14.943975
urinals	-14.943975
astound	-14.943975
mystified	-14.943975
subscriptions	-14.943975
haruhi	-14.943975
leer	-14.943975
biriyani	-14.943975
betters	-14.943975
absurdly	-14.943975
yeol	-14.943975
tallinn	-14.943975
kroger	-14.943975
breads	-14.943975
fabricating	-14.943975
estoy	-14.943975
sewell	-14.943975
briny	-14.943975
mancuso	-14.943975
vogler	-14.943975
castaways	-14.943975
cockamamie	-14.943975
pandu	-14.943975
cellblock	-14.943975
transceiver	-14.943975
mulan	-14.943975
kaswell	-14.943975
laryngitis	-14.943975
expelling	-14.943975
brockman	-14.943975
oran	-14.943975
stillwater	-14.943975
mailboxes	-14.943975
clarifying	-14.943975
ers	-14.943975
yori	-14.943975
lauri	-14.943975
haverford	-14.943975
braga	-14.943975
kalpana	-14.943975
involuntarily	-14.943975
gerd	-14.943975
photocopier	-14.943975
janina	-14.943975
comeon	-14.943975
shrugged	-14.943975
cic	-14.943975
flannigan	-14.943975
magnusson	-14.943975
kaveri	-14.943975
gracia	-14.943975
mandated	-14.943975
jango	-14.943975
takako	-14.943975
levitation	-14.943975
cielo	-14.943975
bunkhouse	-14.943975
hinata	-14.943975
mamo	-14.948511
extorted	-14.948511
ciudad	-14.948511
mutating	-14.948511
nagata	-14.948511
bosley	-14.948511
bonfires	-14.948511
microchips	-14.948511
camry	-14.948511
nilka	-14.948511
lewton	-14.948511
lakota	-14.948511
hori	-14.948511
glitters	-14.948511
sus	-14.948511
vigo	-14.948511
regatta	-14.948511
paraplegic	-14.948511
jabbing	-14.948511
nakano	-14.948511
youto	-14.948511
jockstrap	-14.948511
ney	-14.948511
banded	-14.948511
cornet	-14.948511
yokels	-14.948511
arugula	-14.948511
meine	-14.948511
electrode	-14.948511
drusilla	-14.948511
beatdown	-14.948511
ostriches	-14.948511
kishore	-14.948511
ula	-14.948511
skyrocket	-14.948511
saro	-14.948511
pipelines	-14.948511
econ	-14.948511
aileen	-14.948511
bratwurst	-14.948511
dimmer	-14.948511
keeley	-14.948511
satirical	-14.948511
receptacle	-14.948511
sows	-14.948511
beckoning	-14.948511
helipad	-14.948511
swarek	-14.948511
rove	-14.948511
owada	-14.948511
maari	-14.948511
castaway	-14.948511
dragonflies	-14.948511
smoothed	-14.948511
lovecraft	-14.948511
mitsubishi	-14.948511
mensch	-14.948511
veracruz	-14.948511
coley	-14.948511
alamos	-14.948511
extremism	-14.948511
solider	-14.948511
sed	-14.948511
poli	-14.948511
curable	-14.948511
saku	-14.948511
dislodge	-14.948511
urination	-14.948511
pornos	-14.948511
muah	-14.948511
huntsville	-14.948511
doodling	-14.948511
publicize	-14.948511
winchesters	-14.948511
aight	-14.948511
quirke	-14.948511
zenon	-14.948511
kibble	-14.948511
smears	-14.948511
unbearably	-14.948511
shreveport	-14.948511
macro	-14.948511
reconsidering	-14.948511
relegated	-14.948511
nary	-14.948511
talkie	-14.948511
ricks	-14.948511
aleikum	-14.948511
propagate	-14.948511
vulnerabilities	-14.948511
bayside	-14.948511
ludmila	-14.948511
malachy	-14.948511
joiner	-14.948511
karnataka	-14.948511
instalment	-14.948511
mulwray	-14.948511
sune	-14.948511
endorsing	-14.948511
affiliations	-14.948511
midwives	-14.948511
teleprompter	-14.953066
withal	-14.953066
branca	-14.953066
mons	-14.953066
sounder	-14.953066
mordechai	-14.953066
creegan	-14.953066
mutilations	-14.953066
puckett	-14.953066
reincarnate	-14.953066
rioters	-14.953066
giro	-14.953066
kasi	-14.953066
macedonian	-14.953066
echidna	-14.953066
zhukov	-14.953066
lengthen	-14.953066
mange	-14.953066
awarding	-14.953066
modifying	-14.953066
posey	-14.953066
aleppo	-14.953066
limehouse	-14.953066
previews	-14.953066
combatant	-14.953066
corroborated	-14.953066
antibody	-14.953066
bastien	-14.953066
farraday	-14.953066
doctoral	-14.953066
jago	-14.953066
spindle	-14.953066
hellcats	-14.953066
vasya	-14.953066
requisite	-14.953066
basilio	-14.953066
pitiless	-14.953066
balagan	-14.953066
nineteenth	-14.953066
growin	-14.953066
prerequisite	-14.953066
dufresne	-14.953066
spake	-14.953066
spanx	-14.953066
bennigan	-14.953066
bulimia	-14.953066
foregone	-14.953066
dir	-14.953066
glo	-14.953066
godwin	-14.953066
humanoids	-14.953066
chives	-14.953066
adriatic	-14.953066
campion	-14.953066
amc	-14.953066
thar	-14.953066
prairies	-14.953066
tangent	-14.953066
respectively	-14.953066
timur	-14.953066
nini	-14.953066
keyword	-14.953066
iam	-14.953066
helpin	-14.953066
moser	-14.953066
melmotte	-14.953066
indeedy	-14.953066
preventive	-14.953066
hiker	-14.953066
quintana	-14.953066
carb	-14.953066
yggdrasil	-14.953066
commuted	-14.953066
approachable	-14.953066
akari	-14.953066
recalibrate	-14.953066
rst	-14.953066
waa	-14.953066
tsuna	-14.953066
pestered	-14.953066
azuma	-14.953066
durrell	-14.953066
zaheer	-14.953066
catalonia	-14.953066
oughtta	-14.953066
flawlessly	-14.953066
cluttered	-14.953066
harpo	-14.953066
procuring	-14.957643
dachshund	-14.957643
usnavi	-14.957643
iso	-14.957643
krug	-14.957643
brutish	-14.957643
roofies	-14.957643
milieu	-14.957643
alfonse	-14.957643
sexless	-14.957643
gascoigne	-14.957643
feigned	-14.957643
canny	-14.957643
vilde	-14.957643
mercantile	-14.957643
overlooks	-14.957643
locos	-14.957643
bathes	-14.957643
cocteau	-14.957643
driest	-14.957643
dollies	-14.957643
pervasive	-14.957643
dien	-14.957643
pirelli	-14.957643
ferdinando	-14.957643
maidana	-14.957643
tushy	-14.957643
botticelli	-14.957643
zidane	-14.957643
numerals	-14.957643
pantsuit	-14.957643
bloodsuckers	-14.957643
rambler	-14.957643
tita	-14.957643
minnow	-14.957643
pineda	-14.957643
marginally	-14.957643
premed	-14.957643
falstaff	-14.957643
infirm	-14.957643
bulletins	-14.957643
peerless	-14.957643
hues	-14.957643
couplet	-14.957643
skylark	-14.957643
linguini	-14.957643
councillors	-14.957643
agnieszka	-14.957643
widest	-14.957643
salander	-14.957643
inflame	-14.957643
honing	-14.957643
sterilization	-14.957643
engels	-14.957643
briareos	-14.957643
lajos	-14.957643
manolis	-14.957643
alcide	-14.957643
preoccupation	-14.957643
centaurs	-14.957643
oversaw	-14.957643
teja	-14.957643
freakishly	-14.957643
uninhibited	-14.957643
stowaways	-14.957643
kurdistan	-14.957643
lah	-14.957643
elke	-14.957643
bestial	-14.957643
embroider	-14.957643
axed	-14.957643
pontiff	-14.957643
consults	-14.957643
gratuity	-14.957643
fertilization	-14.957643
swearengen	-14.957643
dizer	-14.957643
whitest	-14.957643
spratt	-14.957643
petrovna	-14.957643
financiers	-14.957643
explores	-14.957643
aeronautics	-14.957643
restricting	-14.957643
linguist	-14.962241
pitfalls	-14.962241
zoology	-14.962241
facetious	-14.962241
seeped	-14.962241
sicilians	-14.962241
excusing	-14.962241
patterned	-14.962241
toh	-14.962241
liquorice	-14.962241
yahoos	-14.962241
elmore	-14.962241
ejector	-14.962241
talkto	-14.962241
sidewinder	-14.962241
longfellow	-14.962241
revolutionized	-14.962241
kl	-14.962241
descendent	-14.962241
grayer	-14.962241
sop	-14.962241
khlyen	-14.962241
lauryn	-14.962241
bushido	-14.962241
spanning	-14.962241
cymbal	-14.962241
weaponized	-14.962241
sprinting	-14.962241
hargreaves	-14.962241
acrobatics	-14.962241
markie	-14.962241
lowlands	-14.962241
defused	-14.962241
worded	-14.962241
outfitted	-14.962241
schooler	-14.962241
discriminated	-14.962241
haber	-14.962241
gota	-14.962241
mujahideen	-14.962241
ands	-14.962241
hisako	-14.962241
nougat	-14.962241
barbiturates	-14.962241
hsia	-14.962241
excepting	-14.962241
handshakes	-14.962241
nur	-14.962241
osmond	-14.962241
swaps	-14.962241
kom	-14.962241
indentation	-14.962241
blasphemer	-14.962241
meeker	-14.962241
peeper	-14.962241
schweitzer	-14.962241
jeongyeon	-14.962241
kimmi	-14.962241
eighteenth	-14.962241
impeding	-14.962241
meister	-14.962241
gama	-14.962241
sumida	-14.962241
signpost	-14.962241
distended	-14.962241
insulate	-14.962241
bonito	-14.962241
halen	-14.962241
miz	-14.962241
salerno	-14.962241
regs	-14.962241
fief	-14.962241
meld	-14.962241
tieh	-14.962241
webbed	-14.962241
hmo	-14.962241
poco	-14.962241
snape	-14.962241
moni	-14.962241
dolittle	-14.962241
worshiping	-14.962241
gutting	-14.962241
carajo	-14.962241
buoyancy	-14.962241
runneth	-14.962241
kyohei	-14.962241
gophers	-14.962241
kazuma	-14.962241
corolla	-14.962241
sunspots	-14.962241
defunct	-14.962241
intrinsic	-14.962241
monogrammed	-14.962241
digitalis	-14.962241
deflecting	-14.962241
dunning	-14.962241
dreamboat	-14.962241
kilroy	-14.962241
gabor	-14.966860
whizz	-14.966860
unflattering	-14.966860
assemblies	-14.966860
geneticist	-14.966860
mchugh	-14.966860
computed	-14.966860
poolside	-14.966860
bhutan	-14.966860
bunion	-14.966860
swum	-14.966860
berenson	-14.966860
prattling	-14.966860
complementary	-14.966860
overreaction	-14.966860
lamarr	-14.966860
luster	-14.966860
rok	-14.966860
campuses	-14.966860
attuned	-14.966860
drayton	-14.966860
woodshed	-14.966860
vac	-14.966860
smilin	-14.966860
radhe	-14.966860
parm	-14.966860
rasmussen	-14.966860
bitters	-14.966860
cricketer	-14.966860
gwang	-14.966860
afield	-14.966860
ridding	-14.966860
aniki	-14.966860
consciences	-14.966860
whitby	-14.966860
unwrapped	-14.966860
disclosing	-14.966860
forewarned	-14.966860
pooling	-14.966860
wildflowers	-14.966860
sanitizer	-14.966860
pavlovich	-14.966860
maggy	-14.966860
damul	-14.966860
recognising	-14.966860
takano	-14.966860
fuckup	-14.966860
heya	-14.966860
sprawl	-14.966860
summerhouse	-14.966860
dafu	-14.966860
emphasized	-14.966860
mystics	-14.966860
macneil	-14.966860
toasters	-14.966860
flaring	-14.966860
ernestine	-14.966860
limerick	-14.966860
pel	-14.966860
edmonds	-14.966860
whatsit	-14.966860
railroaded	-14.966860
tangerines	-14.966860
yucatan	-14.966860
aegis	-14.966860
misfire	-14.966860
valdes	-14.966860
pepi	-14.966860
orla	-14.966860
adidas	-14.966860
asymmetrical	-14.966860
madoka	-14.966860
fulfilment	-14.966860
patrolled	-14.966860
carli	-14.966860
trouper	-14.966860
yas	-14.966860
chutzpah	-14.966860
herrings	-14.966860
paced	-14.966860
paappi	-14.966860
henrickson	-14.966860
listless	-14.971500
tracts	-14.971500
disappoints	-14.971500
walla	-14.971500
feroz	-14.971500
nopd	-14.971500
aerosmith	-14.971500
trowel	-14.971500
sidonia	-14.971500
hurriedly	-14.971500
lek	-14.971500
wingspan	-14.971500
narayana	-14.971500
busty	-14.971500
runways	-14.971500
relatable	-14.971500
pinewood	-14.971500
wahoo	-14.971500
wantyou	-14.971500
dealin	-14.971500
bonbons	-14.971500
overs	-14.971500
deepen	-14.971500
ferment	-14.971500
galavan	-14.971500
keener	-14.971500
gristle	-14.971500
ahhhhhh	-14.971500
chyna	-14.971500
pavements	-14.971500
vagrancy	-14.971500
kalyani	-14.971500
stereotypical	-14.971500
hearin	-14.971500
repulse	-14.971500
defraud	-14.971500
reattach	-14.971500
haller	-14.971500
flatbush	-14.971500
penknife	-14.971500
ww	-14.971500
borrower	-14.971500
irisa	-14.971500
certainties	-14.971500
throwed	-14.971500
blackwater	-14.971500
dunbrook	-14.971500
ransack	-14.971500
oblique	-14.971500
vladivostok	-14.971500
persimmon	-14.971500
scorer	-14.971500
cribs	-14.971500
malign	-14.971500
hobble	-14.971500
creepers	-14.971500
lytton	-14.971500
samaritans	-14.971500
reservoirs	-14.971500
clarion	-14.971500
melee	-14.971500
egress	-14.971500
wast	-14.971500
detonates	-14.971500
schemer	-14.971500
busch	-14.971500
stanfield	-14.971500
paddies	-14.971500
incontinence	-14.971500
pyle	-14.971500
strolls	-14.971500
ohhhhh	-14.971500
xiangyang	-14.971500
failsafe	-14.971500
gaviria	-14.971500
wiggles	-14.971500
adress	-14.971500
anglia	-14.971500
authentication	-14.971500
unspoiled	-14.971500
sandusky	-14.971500
bouvier	-14.971500
choker	-14.971500
prudie	-14.971500
grater	-14.971500
faxes	-14.971500
tuval	-14.971500
statesmen	-14.971500
rosso	-14.971500
polyps	-14.971500
mitsuo	-14.971500
flicked	-14.971500
taku	-14.971500
drexel	-14.971500
nikko	-14.971500
reclaiming	-14.971500
rejoices	-14.971500
unintended	-14.971500
sinead	-14.971500
freakazoid	-14.971500
nuit	-14.971500
ravel	-14.971500
scrounging	-14.971500
mathison	-14.971500
offstage	-14.976162
vivek	-14.976162
ibsen	-14.976162
swanee	-14.976162
blabbed	-14.976162
spewed	-14.976162
dearing	-14.976162
moldova	-14.976162
ces	-14.976162
feuds	-14.976162
diwan	-14.976162
sicken	-14.976162
democracies	-14.976162
fornicating	-14.976162
kanin	-14.976162
capp	-14.976162
compresses	-14.976162
pisser	-14.976162
inevitability	-14.976162
terje	-14.976162
gurren	-14.976162
gumiho	-14.976162
underhill	-14.976162
oyuki	-14.976162
whatsapp	-14.976162
slanted	-14.976162
miscreant	-14.976162
myjob	-14.976162
pru	-14.976162
brews	-14.976162
rosales	-14.976162
hamill	-14.976162
peasy	-14.976162
olde	-14.976162
someting	-14.976162
ecg	-14.976162
kirin	-14.976162
pastel	-14.976162
schopenhauer	-14.976162
horvath	-14.976162
outlying	-14.976162
wellman	-14.976162
ghul	-14.976162
seeyou	-14.976162
slavers	-14.976162
crackheads	-14.976162
wistful	-14.976162
procurator	-14.976162
entombed	-14.976162
bluesy	-14.976162
shuffleboard	-14.976162
egad	-14.976162
northerners	-14.976162
erroneous	-14.976162
centerfold	-14.976162
wishbone	-14.976162
gayest	-14.976162
skinnier	-14.976162
shimla	-14.976162
sukekiyo	-14.976162
jacobsen	-14.976162
nhl	-14.976162
duckworth	-14.976162
ferryman	-14.976162
badness	-14.976162
nits	-14.976162
infuser	-14.976162
cvi	-14.976162
evy	-14.976162
trimmer	-14.976162
haldol	-14.976162
kopecks	-14.976162
preminger	-14.976162
vreedle	-14.976162
trujillo	-14.976162
trams	-14.976162
trepidation	-14.976162
hummingbirds	-14.976162
signifying	-14.976162
sympathizer	-14.980846
pvc	-14.980846
coppola	-14.980846
cots	-14.980846
tetra	-14.980846
diggity	-14.980846
uplift	-14.980846
nosferatu	-14.980846
birk	-14.980846
drudgery	-14.980846
mooring	-14.980846
arcee	-14.980846
halford	-14.980846
shira	-14.980846
howto	-14.980846
unassuming	-14.980846
embarassed	-14.980846
saira	-14.980846
fostering	-14.980846
kamiya	-14.980846
womenfolk	-14.980846
skewed	-14.980846
itis	-14.980846
domine	-14.980846
refineries	-14.980846
unaccompanied	-14.980846
teats	-14.980846
felling	-14.980846
wallflower	-14.980846
yvon	-14.980846
stilettos	-14.980846
arert	-14.980846
veritas	-14.980846
els	-14.980846
sorrier	-14.980846
hawker	-14.980846
rationed	-14.980846
biscayne	-14.980846
follicles	-14.980846
infarction	-14.980846
kyla	-14.980846
reverted	-14.980846
bullcrap	-14.980846
donato	-14.980846
partnering	-14.980846
inputs	-14.980846
rajat	-14.980846
sustainability	-14.980846
janssen	-14.980846
apnea	-14.980846
caca	-14.980846
stealin	-14.980846
flanking	-14.980846
chidori	-14.980846
wahey	-14.980846
disraeli	-14.980846
pasts	-14.980846
chuji	-14.980846
edi	-14.980846
inversion	-14.980846
entrap	-14.980846
omicron	-14.980846
submissions	-14.980846
yancey	-14.980846
anasazi	-14.980846
cassadee	-14.980846
primus	-14.980846
epcot	-14.980846
hiroyuki	-14.980846
tunneling	-14.980846
tase	-14.980846
rotc	-14.980846
crafting	-14.980846
scalded	-14.980846
dasha	-14.980846
khomeini	-14.980846
tattle	-14.980846
hershel	-14.980846
premarital	-14.980846
talkies	-14.980846
harnesses	-14.980846
preparatory	-14.980846
jokin	-14.980846
ashland	-14.980846
antidepressant	-14.980846
panchayat	-14.980846
fibula	-14.980846
tabernacle	-14.980846
berkshire	-14.980846
fandango	-14.980846
haman	-14.980846
fiddlesticks	-14.980846
unmitigated	-14.980846
thousandth	-14.980846
kakashi	-14.980846
blackguard	-14.980846
kens	-14.980846
labeling	-14.980846
remade	-14.985552
miney	-14.985552
liaisons	-14.985552
gilt	-14.985552
guatemalan	-14.985552
perturbed	-14.985552
shuji	-14.985552
mandalay	-14.985552
erick	-14.985552
knowest	-14.985552
scruff	-14.985552
conversationalist	-14.985552
epifanio	-14.985552
ursa	-14.985552
commemoration	-14.985552
ronni	-14.985552
enforcers	-14.985552
kusum	-14.985552
killemoff	-14.985552
omoi	-14.985552
benitez	-14.985552
motorists	-14.985552
ricin	-14.985552
timor	-14.985552
affords	-14.985552
blankie	-14.985552
stewing	-14.985552
gargantuan	-14.985552
plo	-14.985552
estimating	-14.985552
sociopaths	-14.985552
comtesse	-14.985552
practitioners	-14.985552
deductive	-14.985552
perignon	-14.985552
fou	-14.985552
nodame	-14.985552
wussy	-14.985552
pavarotti	-14.985552
kyo	-14.985552
wilberforce	-14.985552
statuette	-14.985552
dryden	-14.985552
tiptoeing	-14.985552
qureshi	-14.985552
concoct	-14.985552
kino	-14.985552
celal	-14.985552
outboard	-14.985552
decibels	-14.985552
expeditionary	-14.985552
dagwood	-14.985552
renter	-14.985552
interceptors	-14.985552
ubiquitous	-14.985552
mafioso	-14.985552
nazism	-14.985552
triplicate	-14.985552
prenuptial	-14.985552
mescaline	-14.985552
cornering	-14.985552
skidded	-14.985552
eriko	-14.985552
murli	-14.985552
lionesses	-14.985552
quatermass	-14.985552
tn	-14.985552
baer	-14.985552
gretzky	-14.985552
seonjun	-14.985552
ranjeet	-14.985552
marcelino	-14.985552
kew	-14.985552
tallis	-14.985552
raton	-14.985552
notte	-14.985552
caseworker	-14.985552
dismember	-14.985552
nicodemus	-14.985552
matsudaira	-14.985552
piloted	-14.985552
vacuumed	-14.985552
arouses	-14.985552
honeybee	-14.985552
assunta	-14.985552
eugen	-14.985552
wands	-14.985552
barroom	-14.985552
torturous	-14.985552
turpin	-14.985552
grandview	-14.985552
loreen	-14.985552
cinders	-14.985552
ahora	-14.985552
prolonging	-14.985552
santorini	-14.990280
blogging	-14.990280
huan	-14.990280
spongy	-14.990280
deckard	-14.990280
paracetamol	-14.990280
embellished	-14.990280
wukong	-14.990280
inserts	-14.990280
chucho	-14.990280
stoppin	-14.990280
muslin	-14.990280
fealty	-14.990280
branko	-14.990280
tartars	-14.990280
timson	-14.990280
naik	-14.990280
slated	-14.990280
hardwired	-14.990280
changeable	-14.990280
beene	-14.990280
creamer	-14.990280
inman	-14.990280
sodomized	-14.990280
saleswoman	-14.990280
cronkite	-14.990280
flayed	-14.990280
rna	-14.990280
mitchie	-14.990280
punchline	-14.990280
ianto	-14.990280
mitra	-14.990280
pales	-14.990280
pucks	-14.990280
auerbach	-14.990280
taxman	-14.990280
physio	-14.990280
fertiliser	-14.990280
fela	-14.990280
semifinal	-14.990280
infuse	-14.990280
kuei	-14.990280
dashwood	-14.990280
isamu	-14.990280
wid	-14.990280
bangor	-14.990280
brioche	-14.990280
contradicted	-14.990280
contingencies	-14.990280
gianna	-14.990280
tates	-14.990280
aishwarya	-14.990280
grift	-14.990280
sufferers	-14.990280
nutters	-14.990280
vamonos	-14.990280
squids	-14.990280
tarr	-14.990280
mastectomy	-14.990280
sharia	-14.990280
velasco	-14.990280
emf	-14.990280
emmys	-14.990280
voir	-14.990280
britten	-14.990280
averaging	-14.990280
petticoats	-14.990280
tas	-14.990280
archetype	-14.990280
wordplay	-14.990280
heckle	-14.990280
yousef	-14.990280
mitsu	-14.990280
copious	-14.990280
brodsky	-14.990280
gto	-14.990280
fervently	-14.990280
gazelles	-14.990280
ricocheting	-14.990280
somersaults	-14.990280
sania	-14.990280
honouring	-14.990280
jessa	-14.990280
anatolia	-14.990280
baptise	-14.990280
bock	-14.990280
dandelions	-14.990280
slav	-14.990280
medallions	-14.990280
skirmishes	-14.990280
snowmen	-14.990280
hamlin	-14.990280
skiers	-14.990280
woolsey	-14.990280
oscillating	-14.990280
courageously	-14.990280
breadsticks	-14.990280
lata	-14.990280
blacken	-14.990280
highschool	-14.990280
bernd	-14.990280
doritos	-14.990280
nighlok	-14.990280
maharaj	-14.990280
ingeborg	-14.990280
creepier	-14.990280
roomies	-14.990280
diversions	-14.990280
emmeline	-14.990280
pitiable	-14.995031
steffi	-14.995031
traynor	-14.995031
puritans	-14.995031
rattler	-14.995031
olof	-14.995031
taguchi	-14.995031
rivalries	-14.995031
courtland	-14.995031
yolks	-14.995031
resupply	-14.995031
wadi	-14.995031
appropriated	-14.995031
lanny	-14.995031
mikage	-14.995031
pollux	-14.995031
nandi	-14.995031
encyclopaedia	-14.995031
writin	-14.995031
twelvetrees	-14.995031
glandular	-14.995031
faun	-14.995031
predisposed	-14.995031
satyr	-14.995031
celluloid	-14.995031
divatox	-14.995031
spazer	-14.995031
burgos	-14.995031
mertz	-14.995031
miniscule	-14.995031
afghani	-14.995031
lindley	-14.995031
philomena	-14.995031
longstreet	-14.995031
salas	-14.995031
bellyache	-14.995031
adair	-14.995031
punked	-14.995031
hollered	-14.995031
hombres	-14.995031
structurally	-14.995031
hoodoo	-14.995031
defeatist	-14.995031
shuck	-14.995031
maharashtra	-14.995031
anderton	-14.995031
flowerpot	-14.995031
shinsuke	-14.995031
xx	-14.995031
isso	-14.995031
groundwater	-14.995031
barden	-14.995031
toei	-14.995031
waterbed	-14.995031
haywood	-14.995031
youself	-14.995031
primitives	-14.995031
ivanhoe	-14.995031
cardamom	-14.995031
tradesmen	-14.995031
angled	-14.995031
navcom	-14.995031
postmarked	-14.995031
suwa	-14.995031
boel	-14.995031
irradiated	-14.995031
mannion	-14.995031
uchi	-14.995031
bigots	-14.995031
abhorrent	-14.995031
reiden	-14.995031
dinged	-14.995031
hovers	-14.995031
fingerprinted	-14.995031
davison	-14.995031
urethra	-14.995031
beal	-14.995031
turrets	-14.995031
bhuvan	-14.995031
abuelita	-14.995031
cujo	-14.995031
skwisgaar	-14.995031
enviable	-14.995031
proximal	-14.995031
restrictive	-14.995031
chickening	-14.995031
hollowed	-14.995031
bankrupted	-14.995031
lyekka	-14.995031
bau	-14.995031
mcclintock	-14.995031
chuan	-14.995031
beefs	-14.995031
schmucks	-14.999804
encircle	-14.999804
birthed	-14.999804
unrestricted	-14.999804
colluding	-14.999804
destabilize	-14.999804
vittles	-14.999804
rebs	-14.999804
reclamation	-14.999804
kiefer	-14.999804
throb	-14.999804
tamale	-14.999804
transformative	-14.999804
nardo	-14.999804
berlusconi	-14.999804
molesters	-14.999804
bris	-14.999804
smorgasbord	-14.999804
coveralls	-14.999804
hotspot	-14.999804
frack	-14.999804
ramji	-14.999804
ico	-14.999804
amedeo	-14.999804
lightened	-14.999804
laboring	-14.999804
unisex	-14.999804
kawai	-14.999804
rus	-14.999804
crevices	-14.999804
unbelievers	-14.999804
borges	-14.999804
bluebirds	-14.999804
fearlessly	-14.999804
deflated	-14.999804
bans	-14.999804
sabers	-14.999804
sotto	-14.999804
merrin	-14.999804
disproportionate	-14.999804
kolia	-14.999804
traviata	-14.999804
schulz	-14.999804
lindstrom	-14.999804
coraline	-14.999804
morgen	-14.999804
ionic	-14.999804
wellingtons	-14.999804
gujarat	-14.999804
moley	-14.999804
speedometer	-14.999804
prodding	-14.999804
lausanne	-14.999804
fertilizers	-14.999804
termed	-14.999804
botch	-14.999804
bimba	-14.999804
frustrate	-14.999804
salomon	-14.999804
headhunter	-14.999804
tingles	-14.999804
dhoti	-14.999804
hallgrim	-14.999804
wastin	-14.999804
spry	-14.999804
sontag	-14.999804
sprinter	-14.999804
cypher	-14.999804
droughts	-14.999804
philanthropic	-14.999804
discos	-14.999804
sweetened	-14.999804
snobbish	-14.999804
invitational	-14.999804
hanzawa	-14.999804
abysmal	-14.999804
dauntless	-14.999804
scala	-14.999804
antigua	-14.999804
fra	-14.999804
appu	-14.999804
ousted	-14.999804
otsu	-14.999804
hauls	-14.999804
batted	-14.999804
gitmo	-14.999804
spotters	-14.999804
ashita	-14.999804
finches	-14.999804
asphyxiated	-14.999804
hoochie	-14.999804
heighten	-14.999804
bookstores	-14.999804
hoke	-14.999804
hutchins	-14.999804
allocate	-14.999804
gulch	-14.999804
sama	-14.999804
fanaticism	-14.999804
sportsmen	-14.999804
lmagine	-14.999804
eminently	-14.999804
wimsey	-14.999804
bohm	-14.999804
martinelli	-15.004600
aesthetically	-15.004600
bahrain	-15.004600
triumphantly	-15.004600
kmart	-15.004600
pocus	-15.004600
thunderzord	-15.004600
antler	-15.004600
ashcroft	-15.004600
amygdala	-15.004600
shames	-15.004600
thrall	-15.004600
homophobe	-15.004600
gisaeng	-15.004600
dubaku	-15.004600
corsets	-15.004600
ringmaster	-15.004600
sainted	-15.004600
purebred	-15.004600
vivacious	-15.004600
hopi	-15.004600
gabriele	-15.004600
dirtied	-15.004600
kettering	-15.004600
nears	-15.004600
maskell	-15.004600
pillsbury	-15.004600
farmhand	-15.004600
smallhausen	-15.004600
cicada	-15.004600
goad	-15.004600
deign	-15.004600
lisi	-15.004600
chels	-15.004600
canter	-15.004600
kuya	-15.004600
ryung	-15.004600
impostors	-15.004600
maruyama	-15.004600
gymnasts	-15.004600
brokenhearted	-15.004600
sods	-15.004600
ghee	-15.004600
enquirer	-15.004600
erred	-15.004600
varmints	-15.004600
clutched	-15.004600
swishing	-15.004600
puller	-15.004600
sleazebag	-15.004600
petechial	-15.004600
carisi	-15.004600
spluttering	-15.004600
vesta	-15.004600
aggrieved	-15.004600
ericsson	-15.004600
maa	-15.004600
minnelli	-15.004600
malika	-15.004600
redder	-15.004600
tarsus	-15.004600
mustered	-15.004600
dena	-15.004600
maliciously	-15.004600
slugging	-15.004600
solaris	-15.004600
undid	-15.004600
beba	-15.004600
rounder	-15.004600
whereupon	-15.004600
jocko	-15.004600
kaur	-15.004600
guardsmen	-15.004600
tyree	-15.004600
luci	-15.004600
suen	-15.004600
flintstones	-15.004600
sonali	-15.004600
sg	-15.004600
glaser	-15.004600
warbler	-15.004600
perplexing	-15.004600
snicker	-15.004600
dandi	-15.004600
boyka	-15.004600
trigonometry	-15.004600
qb	-15.004600
deary	-15.004600
gynaecologist	-15.004600
counsellors	-15.004600
mussel	-15.004600
edvard	-15.004600
outshine	-15.004600
chaim	-15.004600
keefer	-15.004600
galvan	-15.004600
pylons	-15.004600
gowron	-15.004600
ransome	-15.004600
karpov	-15.004600
truncheon	-15.004600
strata	-15.004600
devising	-15.004600
headlock	-15.009419
unlawfully	-15.009419
sucre	-15.009419
tanking	-15.009419
coyopa	-15.009419
jeannine	-15.009419
armband	-15.009419
shitstorm	-15.009419
favela	-15.009419
tightens	-15.009419
tol	-15.009419
mayu	-15.009419
eclipsed	-15.009419
walid	-15.009419
extricate	-15.009419
epilogue	-15.009419
campaigned	-15.009419
abusers	-15.009419
soco	-15.009419
caustic	-15.009419
chatur	-15.009419
gbs	-15.009419
geysers	-15.009419
yoriko	-15.009419
amazonian	-15.009419
marceline	-15.009419
totality	-15.009419
lk	-15.009419
reuniting	-15.009419
gliders	-15.009419
saget	-15.009419
taverns	-15.009419
quanzhen	-15.009419
methodically	-15.009419
shiba	-15.009419
oyku	-15.009419
fractal	-15.009419
walkout	-15.009419
seafaring	-15.009419
fearfully	-15.009419
surest	-15.009419
mosquitos	-15.009419
proficiency	-15.009419
chieftains	-15.009419
mizoguchi	-15.009419
pecked	-15.009419
fraid	-15.009419
resection	-15.009419
fibbing	-15.009419
boomhauer	-15.009419
confiding	-15.009419
navigators	-15.009419
kagan	-15.009419
steeper	-15.009419
rada	-15.009419
gouging	-15.009419
tts	-15.009419
cystic	-15.009419
nape	-15.009419
torrential	-15.009419
landmines	-15.009419
hunker	-15.009419
surefire	-15.009419
jenga	-15.009419
oversees	-15.009419
musta	-15.009419
marketed	-15.009419
kriss	-15.009419
sudha	-15.009419
boers	-15.009419
tallulah	-15.009419
diagonally	-15.009419
incomes	-15.009419
rasheed	-15.009419
yayoi	-15.009419
asterisk	-15.009419
ifthere	-15.009419
soni	-15.009419
thrt	-15.009419
kursk	-15.009419
managerial	-15.009419
hemmed	-15.009419
phased	-15.009419
yurt	-15.009419
vexing	-15.009419
jolbon	-15.009419
peron	-15.009419
strigoi	-15.009419
passkey	-15.009419
silos	-15.009419
washers	-15.009419
sooo	-15.009419
gonnae	-15.014262
oxymoron	-15.014262
facilitated	-15.014262
manos	-15.014262
brainchild	-15.014262
sitcoms	-15.014262
thunderclaps	-15.014262
sleepwalk	-15.014262
zeeland	-15.014262
datak	-15.014262
shanthi	-15.014262
ecklie	-15.014262
schwarz	-15.014262
colm	-15.014262
dissimilar	-15.014262
sajid	-15.014262
iljimae	-15.014262
perceives	-15.014262
severus	-15.014262
obi	-15.014262
tsubaki	-15.014262
agnostic	-15.014262
chauhan	-15.014262
harrisburg	-15.014262
loggers	-15.014262
yaks	-15.014262
extremity	-15.014262
exoskeleton	-15.014262
unopposed	-15.014262
rumpelstiltskin	-15.014262
wallenberg	-15.014262
spritzer	-15.014262
piped	-15.014262
andiamo	-15.014262
teary	-15.014262
limoges	-15.014262
bodine	-15.014262
omniscient	-15.014262
shoop	-15.014262
dogfight	-15.014262
totals	-15.014262
indivisible	-15.014262
washcloth	-15.014262
uriel	-15.014262
scull	-15.014262
chosun	-15.014262
inundated	-15.014262
elasticity	-15.014262
syndicated	-15.014262
twix	-15.014262
jacek	-15.014262
shona	-15.014262
lif	-15.014262
sizzler	-15.014262
lenders	-15.014262
cemented	-15.014262
leering	-15.014262
leveraged	-15.014262
schofield	-15.014262
pedantic	-15.014262
epithelials	-15.014262
interacted	-15.014262
recognisable	-15.014262
shallots	-15.014262
tasmania	-15.014262
draconian	-15.014262
bleaching	-15.014262
sefton	-15.014262
ponte	-15.014262
squashing	-15.014262
wolfbloods	-15.014262
berthier	-15.014262
cnst	-15.014262
crackdown	-15.014262
bottleneck	-15.014262
revulsion	-15.014262
amoeba	-15.014262
dostoevsky	-15.014262
bloat	-15.014262
layouts	-15.014262
taxidermist	-15.014262
belen	-15.014262
gmos	-15.014262
teardrops	-15.014262
hubot	-15.014262
zeroed	-15.014262
quaking	-15.014262
drina	-15.014262
cull	-15.014262
varicose	-15.014262
kimo	-15.014262
communicators	-15.014262
wowed	-15.014262
jaco	-15.014262
torrio	-15.014262
snorkeling	-15.014262
windbreaker	-15.014262
joshy	-15.014262
droop	-15.014262
rinko	-15.014262
kawashima	-15.014262
maudie	-15.014262
imposes	-15.014262
thins	-15.014262
stretchers	-15.014262
beckon	-15.014262
creasy	-15.014262
retaliated	-15.014262
octagon	-15.014262
bestiality	-15.014262
segundo	-15.014262
wrung	-15.019128
peder	-15.019128
pumpernickel	-15.019128
prudish	-15.019128
pointe	-15.019128
earthbound	-15.019128
zuma	-15.019128
yuichi	-15.019128
settler	-15.019128
wildness	-15.019128
ingles	-15.019128
humanities	-15.019128
sprawled	-15.019128
schiff	-15.019128
charu	-15.019128
koba	-15.019128
inoculation	-15.019128
haskins	-15.019128
tepid	-15.019128
paschal	-15.019128
sacristy	-15.019128
sucka	-15.019128
aborigines	-15.019128
sequels	-15.019128
shanked	-15.019128
jewellers	-15.019128
guzzle	-15.019128
naoto	-15.019128
cvs	-15.019128
indomitable	-15.019128
centred	-15.019128
llc	-15.019128
yor	-15.019128
oska	-15.019128
puto	-15.019128
panini	-15.019128
fortuneteller	-15.019128
evelyne	-15.019128
ub	-15.019128
balled	-15.019128
appraiser	-15.019128
exerting	-15.019128
gimpy	-15.019128
kennish	-15.019128
processors	-15.019128
mahmud	-15.019128
prattle	-15.019128
tachycardia	-15.019128
drexler	-15.019128
thora	-15.019128
andalusia	-15.019128
porkchop	-15.019128
commuting	-15.019128
feuding	-15.019128
nonce	-15.019128
referenced	-15.019128
alise	-15.019128
clerics	-15.019128
runoff	-15.019128
wisp	-15.019128
padawan	-15.019128
whist	-15.019128
llamas	-15.019128
chesterton	-15.019128
bunions	-15.019128
barbosa	-15.019128
eine	-15.019128
aftertaste	-15.019128
lowenstein	-15.019128
clumps	-15.019128
fonder	-15.019128
dilip	-15.019128
sayer	-15.019128
kostas	-15.019128
hirono	-15.019128
halved	-15.019128
dumbfounded	-15.019128
waltzed	-15.019128
fluoride	-15.019128
pussycats	-15.019128
accentuate	-15.019128
woolen	-15.019128
anjou	-15.019128
cindi	-15.019128
apo	-15.019128
lindo	-15.019128
geothermal	-15.019128
chasin	-15.019128
unimaginably	-15.019128
asahina	-15.019128
mummification	-15.019128
tremaine	-15.019128
newberg	-15.019128
regulating	-15.019128
elisha	-15.019128
straights	-15.019128
outrageously	-15.019128
creases	-15.019128
pentothal	-15.019128
slaver	-15.019128
billet	-15.019128
godot	-15.019128
counterproductive	-15.019128
ayahuasca	-15.019128
niners	-15.019128
espada	-15.019128
mandala	-15.019128
shylock	-15.019128
justus	-15.019128
packin	-15.019128
mccauley	-15.024018
vieira	-15.024018
enrichment	-15.024018
kystle	-15.024018
hurries	-15.024018
baklava	-15.024018
verdicts	-15.024018
sheared	-15.024018
ruble	-15.024018
galleria	-15.024018
precipitation	-15.024018
pursuers	-15.024018
bullocks	-15.024018
elysian	-15.024018
infractions	-15.024018
befits	-15.024018
garuda	-15.024018
bigoted	-15.024018
disinfected	-15.024018
whittier	-15.024018
podiatrist	-15.024018
nutritionist	-15.024018
lind	-15.024018
fullback	-15.024018
eew	-15.024018
thataway	-15.024018
duper	-15.024018
hinazuki	-15.024018
lugosi	-15.024018
vaziri	-15.024018
homelessness	-15.024018
walpole	-15.024018
lubbock	-15.024018
sampler	-15.024018
suma	-15.024018
loredana	-15.024018
thumbelina	-15.024018
sundry	-15.024018
stradivarius	-15.024018
anise	-15.024018
brunei	-15.024018
grafted	-15.024018
colonna	-15.024018
biarritz	-15.024018
gaveston	-15.024018
squall	-15.024018
maher	-15.024018
edged	-15.024018
numbnuts	-15.024018
symbiosis	-15.024018
henk	-15.024018
recognizance	-15.024018
chechens	-15.024018
begining	-15.024018
archana	-15.024018
resenting	-15.024018
vicomte	-15.024018
mekong	-15.024018
carola	-15.024018
inshallah	-15.024018
macintyre	-15.024018
electricians	-15.024018
staffers	-15.024018
inseminated	-15.024018
aghh	-15.024018
wazoo	-15.024018
essie	-15.024018
giuliana	-15.024018
appalachian	-15.024018
mandel	-15.024018
fouls	-15.024018
hama	-15.024018
banked	-15.024018
strom	-15.024018
yasur	-15.024018
boulet	-15.024018
cautioned	-15.024018
maroney	-15.024018
reverses	-15.024018
falsone	-15.024018
dcfs	-15.024018
munchausen	-15.024018
vulva	-15.024018
bader	-15.024018
awesomest	-15.024018
narayanan	-15.024018
ravu	-15.024018
zealot	-15.024018
schilling	-15.024018
tiananmen	-15.024018
xv	-15.024018
gregoire	-15.024018
juma	-15.024018
dionysus	-15.024018
boche	-15.024018
symbolized	-15.024018
dreidel	-15.024018
tween	-15.024018
secreted	-15.024018
darkening	-15.024018
kickball	-15.024018
depositing	-15.024018
lelouch	-15.024018
filipinos	-15.024018
bablu	-15.024018
ddt	-15.024018
loyalists	-15.024018
ehrlich	-15.024018
bindiya	-15.024018
flatbed	-15.024018
zafer	-15.024018
messi	-15.024018
underthe	-15.024018
conveniences	-15.024018
relapsed	-15.024018
ef	-15.024018
meep	-15.024018
automaton	-15.024018
murad	-15.024018
tibor	-15.028932
damm	-15.028932
recharging	-15.028932
saroja	-15.028932
adaptations	-15.028932
tessanne	-15.028932
heer	-15.028932
frutti	-15.028932
iib	-15.028932
propofol	-15.028932
zookeeper	-15.028932
beca	-15.028932
sisi	-15.028932
paulus	-15.028932
negate	-15.028932
sorrento	-15.028932
canasta	-15.028932
looping	-15.028932
ganged	-15.028932
yanni	-15.028932
peonies	-15.028932
scarrans	-15.028932
ble	-15.028932
tsurugi	-15.028932
hollers	-15.028932
veered	-15.028932
birgit	-15.028932
damocles	-15.028932
spyder	-15.028932
brightens	-15.028932
galleon	-15.028932
detectable	-15.028932
dimmed	-15.028932
paulinho	-15.028932
beni	-15.028932
almudena	-15.028932
aggro	-15.028932
danner	-15.028932
tula	-15.028932
mikaelson	-15.028932
deceives	-15.028932
criticising	-15.028932
painstakingly	-15.028932
dakara	-15.028932
oompa	-15.028932
spurn	-15.028932
valets	-15.028932
idiom	-15.028932
eth	-15.028932
bairn	-15.028932
arbitrarily	-15.028932
stereos	-15.028932
saad	-15.028932
personals	-15.028932
purposeful	-15.028932
ached	-15.028932
retinue	-15.028932
kilpatrick	-15.028932
bedded	-15.028932
valide	-15.028932
childishness	-15.028932
krakatoa	-15.028932
mannered	-15.028932
laureate	-15.028932
ravn	-15.028932
perjure	-15.028932
hil	-15.028932
heredity	-15.028932
pews	-15.028932
eul	-15.028932
hellcat	-15.028932
devotional	-15.028932
insinuation	-15.028932
donne	-15.028932
bypassing	-15.028932
ream	-15.028932
chook	-15.028932
edmonton	-15.028932
lj	-15.028932
zat	-15.028932
bespoke	-15.028932
surveyors	-15.028932
jeri	-15.028932
swoosh	-15.028932
prabhakar	-15.028932
brinkman	-15.028932
smasher	-15.028932
mezzanine	-15.028932
ventilate	-15.028932
bolshoi	-15.028932
unconcerned	-15.028932
perversions	-15.028932
naacp	-15.028932
ntac	-15.028932
functioned	-15.028932
resell	-15.033870
dangled	-15.033870
boucher	-15.033870
kazuki	-15.033870
rivet	-15.033870
nok	-15.033870
pumice	-15.033870
aleister	-15.033870
preserver	-15.033870
gazes	-15.033870
rewrites	-15.033870
minuet	-15.033870
toshiko	-15.033870
unfocused	-15.033870
brunson	-15.033870
scanlan	-15.033870
eyeful	-15.033870
zumba	-15.033870
vali	-15.033870
entranced	-15.033870
flightless	-15.033870
testes	-15.033870
mimsy	-15.033870
hitchhiked	-15.033870
beekeeper	-15.033870
catfight	-15.033870
annul	-15.033870
criterion	-15.033870
adel	-15.033870
gasses	-15.033870
bagwell	-15.033870
fairyland	-15.033870
reconstructive	-15.033870
boogey	-15.033870
tto	-15.033870
firmness	-15.033870
chema	-15.033870
scuffling	-15.033870
afterthat	-15.033870
dragoons	-15.033870
snipes	-15.033870
ardennes	-15.033870
liaoxi	-15.033870
maudlin	-15.033870
anouk	-15.033870
onizuka	-15.033870
absconded	-15.033870
weet	-15.033870
lonelier	-15.033870
mounties	-15.033870
satanists	-15.033870
pixar	-15.033870
murchison	-15.033870
exley	-15.033870
sideswipe	-15.033870
genii	-15.033870
pundit	-15.033870
disinherited	-15.033870
undeveloped	-15.033870
benin	-15.033870
quills	-15.033870
sourced	-15.033870
vestibule	-15.033870
hegel	-15.033870
wy	-15.033870
ravings	-15.033870
katagiri	-15.033870
wilby	-15.033870
oswin	-15.033870
immovable	-15.033870
hadrt	-15.033870
snivelling	-15.033870
benders	-15.033870
honeymooners	-15.033870
pud	-15.033870
augello	-15.033870
pharisees	-15.033870
nitric	-15.033870
wuthering	-15.033870
hawley	-15.033870
godavari	-15.033870
comlink	-15.033870
dryers	-15.033870
compote	-15.033870
mountaineer	-15.033870
babbitt	-15.033870
yeats	-15.033870
rockfish	-15.033870
advocated	-15.033870
strives	-15.033870
butte	-15.033870
heisman	-15.033870
tl	-15.038833
freebo	-15.038833
counterpoint	-15.038833
newsreels	-15.038833
ilan	-15.038833
escargot	-15.038833
mashiro	-15.038833
mobley	-15.038833
chillies	-15.038833
stroganoff	-15.038833
marathons	-15.038833
gl	-15.038833
jiya	-15.038833
tums	-15.038833
barfed	-15.038833
roughness	-15.038833
cranford	-15.038833
outa	-15.038833
offal	-15.038833
fallacy	-15.038833
permafrost	-15.038833
weatherby	-15.038833
kodiak	-15.038833
dervish	-15.038833
arabela	-15.038833
stomps	-15.038833
necromancer	-15.038833
shravan	-15.038833
redness	-15.038833
legation	-15.038833
schmooze	-15.038833
charmingly	-15.038833
envies	-15.038833
wringing	-15.038833
redman	-15.038833
chumhum	-15.038833
boycotting	-15.038833
desperado	-15.038833
aff	-15.038833
loyalist	-15.038833
anaesthesia	-15.038833
sippy	-15.038833
steinmetz	-15.038833
imogene	-15.038833
ord	-15.038833
fumbled	-15.038833
cus	-15.038833
wicks	-15.038833
tonnie	-15.038833
corresponded	-15.038833
afterthought	-15.038833
whooped	-15.038833
kester	-15.038833
webby	-15.038833
pepita	-15.038833
bared	-15.038833
ic	-15.038833
haphazard	-15.038833
surrealist	-15.038833
kasia	-15.038833
teppei	-15.038833
kirikou	-15.038833
ulrike	-15.038833
yannick	-15.038833
epsom	-15.038833
cw	-15.038833
saith	-15.038833
misogynistic	-15.038833
chapstick	-15.038833
urinated	-15.038833
camellia	-15.038833
superintendant	-15.038833
chutki	-15.038833
angers	-15.038833
lawndale	-15.038833
headshots	-15.038833
jambalaya	-15.038833
servings	-15.038833
wabash	-15.038833
ricochets	-15.038833
grills	-15.038833
straddling	-15.038833
tucci	-15.038833
promicin	-15.038833
boneless	-15.038833
missie	-15.038833
apostrophe	-15.038833
olle	-15.038833
ise	-15.043821
qua	-15.043821
tuco	-15.043821
adulation	-15.043821
deficiencies	-15.043821
xandir	-15.043821
unsuccessfully	-15.043821
jacquou	-15.043821
deutschland	-15.043821
slandering	-15.043821
uav	-15.043821
tanuki	-15.043821
sudo	-15.043821
begotten	-15.043821
dewy	-15.043821
marisha	-15.043821
moaned	-15.043821
resplendent	-15.043821
stockpiling	-15.043821
nakrang	-15.043821
oolong	-15.043821
futari	-15.043821
yipping	-15.043821
forecasts	-15.043821
sanh	-15.043821
brainwave	-15.043821
damnable	-15.043821
lances	-15.043821
instigator	-15.043821
distrustful	-15.043821
everthing	-15.043821
vis	-15.043821
permian	-15.043821
clays	-15.043821
warcraft	-15.043821
egor	-15.043821
ruel	-15.043821
chicka	-15.043821
bowles	-15.043821
kershaw	-15.043821
bihari	-15.043821
septimus	-15.043821
chronological	-15.043821
gloriana	-15.043821
minas	-15.043821
privatization	-15.043821
kegger	-15.043821
frosti	-15.043821
weds	-15.043821
hedvig	-15.043821
dammed	-15.043821
bozer	-15.043821
cheekbone	-15.043821
gloriously	-15.043821
natsume	-15.043821
uuh	-15.043821
butterfingers	-15.043821
elli	-15.043821
huerta	-15.043821
grannie	-15.043821
tashi	-15.043821
zarina	-15.043821
spliced	-15.043821
oakwood	-15.043821
colorless	-15.043821
pugh	-15.043821
jenson	-15.043821
manion	-15.043821
heretical	-15.043821
shaded	-15.043821
slapper	-15.043821
bathsheba	-15.043821
benefiting	-15.043821
ryunosuke	-15.043821
zaf	-15.043821
karishma	-15.043821
harbored	-15.043821
sapling	-15.043821
solidify	-15.043821
hamstring	-15.043821
bluer	-15.043821
silhouettes	-15.043821
mouthed	-15.043821
makis	-15.043821
avanti	-15.043821
fave	-15.043821
handa	-15.043821
montparnasse	-15.043821
knapp	-15.043821
wwii	-15.043821
pricking	-15.043821
proofread	-15.043821
sux	-15.043821
methuselah	-15.043821
camo	-15.043821
dyslexia	-15.043821
mcnab	-15.043821
plannin	-15.043821
lampshade	-15.043821
streetlights	-15.043821
gangotri	-15.043821
dopes	-15.043821
sharpie	-15.043821
galia	-15.043821
denials	-15.043821
songwriters	-15.043821
escudos	-15.043821
montaigne	-15.043821
urns	-15.043821
jorgen	-15.043821
percentile	-15.043821
balder	-15.043821
grump	-15.048833
nonny	-15.048833
zaire	-15.048833
itinerant	-15.048833
rimini	-15.048833
bratva	-15.048833
dayal	-15.048833
tun	-15.048833
pomeroy	-15.048833
peal	-15.048833
kage	-15.048833
murals	-15.048833
dakin	-15.048833
moana	-15.048833
panoramic	-15.048833
gravestones	-15.048833
rickets	-15.048833
cocksucking	-15.048833
trubel	-15.048833
oreo	-15.048833
duets	-15.048833
dahak	-15.048833
brulee	-15.048833
farmington	-15.048833
nauseated	-15.048833
theses	-15.048833
iwas	-15.048833
komsomol	-15.048833
anteater	-15.048833
chipotle	-15.048833
pervs	-15.048833
connally	-15.048833
mumtaz	-15.048833
bbs	-15.048833
midgard	-15.048833
haemosu	-15.048833
humanist	-15.048833
initiates	-15.048833
dere	-15.048833
copulation	-15.048833
yeomieul	-15.048833
chaco	-15.048833
overflows	-15.048833
bunnu	-15.048833
bombarding	-15.048833
barra	-15.048833
caseload	-15.048833
chide	-15.048833
knead	-15.048833
brimmer	-15.048833
sharpshooters	-15.048833
psychotherapist	-15.048833
sayo	-15.048833
immortalized	-15.048833
calla	-15.048833
icecream	-15.048833
mukhtar	-15.048833
latrines	-15.048833
spectra	-15.048833
philanderer	-15.048833
ouzo	-15.048833
sweepers	-15.048833
sont	-15.048833
jatin	-15.048833
narra	-15.048833
throwaway	-15.048833
lnternational	-15.048833
electing	-15.048833
tomek	-15.048833
evaporation	-15.048833
thermals	-15.048833
garish	-15.048833
palatial	-15.048833
sidharth	-15.048833
kuvira	-15.048833
facelift	-15.048833
ashworth	-15.048833
diversified	-15.048833
picketing	-15.048833
innovator	-15.048833
linder	-15.048833
caboodle	-15.048833
yelena	-15.048833
tatyana	-15.048833
venturing	-15.048833
excels	-15.048833
afterall	-15.048833
solon	-15.048833
shinohara	-15.048833
sociological	-15.048833
slanderous	-15.048833
hideko	-15.048833
norrell	-15.048833
charla	-15.048833
torrence	-15.048833
fusses	-15.048833
criss	-15.048833
ghettos	-15.048833
villiers	-15.048833
headlining	-15.048833
radovan	-15.048833
shiatsu	-15.048833
prodded	-15.048833
babyface	-15.048833
mayweather	-15.048833
forme	-15.048833
scrutinized	-15.048833
nikolaj	-15.048833
enlistment	-15.048833
lorazepam	-15.048833
exerted	-15.048833
twisty	-15.048833
resurface	-15.048833
grenada	-15.048833
sheela	-15.048833
distanced	-15.048833
hab	-15.048833
rukh	-15.053871
mochou	-15.053871
lotions	-15.053871
retrovirus	-15.053871
pitchforks	-15.053871
auditors	-15.053871
trespasser	-15.053871
ddd	-15.053871
taffeta	-15.053871
marciano	-15.053871
gaily	-15.053871
acknowledgment	-15.053871
embryonic	-15.053871
bajorans	-15.053871
murali	-15.053871
demographics	-15.053871
northward	-15.053871
breathlessly	-15.053871
sidorov	-15.053871
hoorah	-15.053871
culpability	-15.053871
hossein	-15.053871
berit	-15.053871
roebuck	-15.053871
adaptive	-15.053871
anc	-15.053871
armaan	-15.053871
kanai	-15.053871
malvo	-15.053871
antacid	-15.053871
ib	-15.053871
unwitting	-15.053871
caveat	-15.053871
marginalized	-15.053871
rasping	-15.053871
newhouse	-15.053871
banquo	-15.053871
tangles	-15.053871
boorman	-15.053871
amoral	-15.053871
durai	-15.053871
clermont	-15.053871
loincloth	-15.053871
toshiro	-15.053871
escalates	-15.053871
yaniv	-15.053871
hypothalamus	-15.053871
deflection	-15.053871
underhand	-15.053871
defecate	-15.053871
pritam	-15.053871
daz	-15.053871
berthe	-15.053871
manifesting	-15.053871
onesie	-15.053871
lucienne	-15.053871
marcin	-15.053871
stravinsky	-15.053871
onthe	-15.053871
pensacola	-15.053871
brutalized	-15.053871
arsenio	-15.053871
consigned	-15.053871
nagi	-15.053871
pander	-15.053871
scarran	-15.053871
cataract	-15.053871
gdansk	-15.053871
quicken	-15.053871
uncaring	-15.053871
coolly	-15.053871
stephane	-15.053871
homeys	-15.053871
periphery	-15.053871
yourface	-15.053871
genomex	-15.053871
mahalakshmi	-15.053871
kure	-15.053871
reassign	-15.053871
spoof	-15.053871
nearsighted	-15.053871
professed	-15.053871
queries	-15.053871
ushered	-15.053871
ammu	-15.053871
langly	-15.058934
galya	-15.058934
hangings	-15.058934
treasonous	-15.058934
lapointe	-15.058934
tubular	-15.058934
prae	-15.058934
lemoine	-15.058934
wc	-15.058934
hermaphrodite	-15.058934
shelia	-15.058934
kaneda	-15.058934
warmers	-15.058934
loners	-15.058934
baying	-15.058934
juergens	-15.058934
biden	-15.058934
ferraro	-15.058934
elsbeth	-15.058934
dalmatian	-15.058934
arsonists	-15.058934
ingesting	-15.058934
misshapen	-15.058934
snp	-15.058934
rejuvenated	-15.058934
ident	-15.058934
tagore	-15.058934
squab	-15.058934
hooliganism	-15.058934
wiseass	-15.058934
colonic	-15.058934
sharman	-15.058934
orabeoni	-15.058934
neary	-15.058934
valkyries	-15.058934
speakin	-15.058934
gitano	-15.058934
foxx	-15.058934
lb	-15.058934
pyro	-15.058934
furtive	-15.058934
wisecracks	-15.058934
kakarrot	-15.058934
beaujolais	-15.058934
namibia	-15.058934
attentively	-15.058934
hittites	-15.058934
aldous	-15.058934
hsiang	-15.058934
nagumo	-15.058934
goldfinger	-15.058934
sanctify	-15.058934
mcconaughey	-15.058934
alcazar	-15.058934
hellsing	-15.058934
preclude	-15.058934
woon	-15.058934
yai	-15.058934
gomer	-15.058934
menelaus	-15.058934
sundar	-15.058934
platters	-15.058934
protections	-15.058934
guna	-15.058934
burcu	-15.058934
faltering	-15.058934
kayaking	-15.058934
radiates	-15.058934
implacable	-15.058934
theologians	-15.058934
minstrels	-15.058934
transcontinental	-15.058934
aizu	-15.058934
solloway	-15.058934
halvorsen	-15.058934
yoshiki	-15.058934
exclusivity	-15.058934
quickfire	-15.058934
atheism	-15.058934
incensed	-15.058934
bewildering	-15.058934
buoyant	-15.058934
biodiversity	-15.058934
kp	-15.058934
zorba	-15.058934
bushels	-15.058934
adjuster	-15.058934
goodfellow	-15.058934
jitterbug	-15.058934
rotors	-15.058934
schuster	-15.058934
pyramus	-15.058934
archdeacon	-15.058934
aboutyou	-15.058934
lucilla	-15.058934
manfredi	-15.058934
bluster	-15.058934
avalanches	-15.058934
cheatin	-15.058934
divas	-15.058934
polonium	-15.058934
dishonourable	-15.058934
braggart	-15.058934
consummation	-15.058934
tais	-15.058934
brunel	-15.058934
lene	-15.058934
nickelodeon	-15.058934
twitches	-15.058934
sasa	-15.058934
leviticus	-15.058934
mcdonalds	-15.058934
wintergreen	-15.058934
subcutaneous	-15.058934
muzzy	-15.058934
philandering	-15.058934
vigata	-15.058934
littlejohn	-15.058934
haj	-15.064023
tamarind	-15.064023
vag	-15.064023
vindication	-15.064023
hinkle	-15.064023
grouper	-15.064023
aggressiveness	-15.064023
civics	-15.064023
knocker	-15.064023
lps	-15.064023
dartmoor	-15.064023
hepatic	-15.064023
tobruk	-15.064023
akatsuki	-15.064023
shivaji	-15.064023
magister	-15.064023
smelting	-15.064023
homegirl	-15.064023
glean	-15.064023
junket	-15.064023
thickest	-15.064023
ghoulish	-15.064023
talky	-15.064023
middlemen	-15.064023
interlock	-15.064023
protracted	-15.064023
irresponsibility	-15.064023
carjacked	-15.064023
matsuko	-15.064023
ped	-15.064023
sprocket	-15.064023
piya	-15.064023
hedy	-15.064023
stalwart	-15.064023
immemorial	-15.064023
zohar	-15.064023
rab	-15.064023
disregarding	-15.064023
strasser	-15.064023
deliberating	-15.064023
taja	-15.064023
vitthal	-15.064023
gazillion	-15.064023
trilby	-15.064023
flam	-15.064023
bis	-15.064023
tanikaze	-15.064023
revels	-15.064023
amberson	-15.064023
ringed	-15.064023
reprogramming	-15.064023
sprints	-15.064023
miny	-15.064023
inadequacy	-15.064023
diminishes	-15.064023
edifice	-15.064023
joelle	-15.064023
wr	-15.064023
dorft	-15.064023
hospitalization	-15.064023
stubb	-15.064023
pappi	-15.064023
santosh	-15.064023
sci	-15.064023
piri	-15.064023
azrael	-15.064023
scribbles	-15.064023
nightingales	-15.064023
gatling	-15.064023
unjustified	-15.064023
bivouac	-15.064023
unilateral	-15.064023
mixers	-15.064023
reinventing	-15.064023
spas	-15.064023
whiteness	-15.064023
mellowed	-15.064023
daisaku	-15.064023
nibs	-15.064023
lockbox	-15.064023
huai	-15.064023
pagina	-15.064023
khushi	-15.064023
kurokawa	-15.064023
tariff	-15.064023
gsa	-15.064023
wizardry	-15.064023
tulio	-15.064023
pukes	-15.064023
unexploded	-15.064023
insomniac	-15.064023
arai	-15.064023
cartouche	-15.064023
ishihara	-15.064023
impassioned	-15.064023
bourbons	-15.064023
instructs	-15.069139
benchmark	-15.069139
admirals	-15.069139
astrophysicist	-15.069139
keycard	-15.069139
petrovic	-15.069139
medial	-15.069139
nyc	-15.069139
veracity	-15.069139
cryer	-15.069139
sloping	-15.069139
churro	-15.069139
etch	-15.069139
accredited	-15.069139
oopsie	-15.069139
mcluhan	-15.069139
megalomaniac	-15.069139
rectified	-15.069139
raro	-15.069139
stationmaster	-15.069139
commences	-15.069139
angler	-15.069139
bormann	-15.069139
edgardo	-15.069139
pummel	-15.069139
santillana	-15.069139
gambon	-15.069139
loyally	-15.069139
expended	-15.069139
multitudes	-15.069139
doncaster	-15.069139
igniting	-15.069139
ormond	-15.069139
malena	-15.069139
fallopian	-15.069139
gaya	-15.069139
kneels	-15.069139
overcompensating	-15.069139
shinkichi	-15.069139
spreader	-15.069139
seeps	-15.069139
fending	-15.069139
aether	-15.069139
cratchit	-15.069139
lenka	-15.069139
teepee	-15.069139
rane	-15.069139
rusting	-15.069139
budweiser	-15.069139
berenice	-15.069139
cygnus	-15.069139
saxony	-15.069139
dp	-15.069139
gravitation	-15.069139
dalliance	-15.069139
simulating	-15.069139
feta	-15.069139
egged	-15.069139
cleese	-15.069139
giovannino	-15.069139
personable	-15.069139
brigand	-15.069139
repenting	-15.069139
skateboards	-15.069139
redid	-15.069139
bitterman	-15.069139
ducklings	-15.069139
countin	-15.069139
luego	-15.069139
cloaks	-15.069139
quarries	-15.069139
populate	-15.069139
grata	-15.069139
brightened	-15.069139
minase	-15.069139
unchain	-15.069139
carthaginian	-15.069139
secs	-15.069139
ethos	-15.069139
vicksburg	-15.069139
inhibitors	-15.069139
themed	-15.069139
wiccan	-15.069139
frescoes	-15.069139
dreadlocks	-15.069139
suffragette	-15.069139
deakins	-15.069139
mizushima	-15.069139
wingate	-15.069139
revved	-15.069139
squirted	-15.069139
taper	-15.069139
alpaca	-15.069139
artis	-15.069139
unfreeze	-15.069139
earshot	-15.069139
coloreds	-15.069139
mantua	-15.069139
buffoons	-15.069139
schaefer	-15.069139
hecate	-15.069139
eisuke	-15.069139
pugsley	-15.069139
rosalita	-15.069139
chilies	-15.069139
crystallized	-15.069139
ermine	-15.069139
vehemently	-15.074280
predisposition	-15.074280
shochiku	-15.074280
calibration	-15.074280
mucked	-15.074280
basher	-15.074280
dato	-15.074280
carmelita	-15.074280
borat	-15.074280
jurek	-15.074280
westerly	-15.074280
bruges	-15.074280
glides	-15.074280
kuno	-15.074280
plagiarized	-15.074280
materialized	-15.074280
gauthier	-15.074280
hunks	-15.074280
ino	-15.074280
yoshiwara	-15.074280
scant	-15.074280
worsley	-15.074280
malfeasance	-15.074280
stoplight	-15.074280
ringers	-15.074280
fervour	-15.074280
maren	-15.074280
strode	-15.074280
lojack	-15.074280
raglan	-15.074280
offload	-15.074280
spyware	-15.074280
externally	-15.074280
stuntmen	-15.074280
hairball	-15.074280
marshak	-15.074280
telekinetic	-15.074280
brannan	-15.074280
jumba	-15.074280
morrell	-15.074280
conveys	-15.074280
semesters	-15.074280
guffaws	-15.074280
pinter	-15.074280
jeane	-15.074280
hawes	-15.074280
koharu	-15.074280
deafness	-15.074280
zeuthen	-15.074280
francisca	-15.074280
spacey	-15.074280
valya	-15.074280
aoyagi	-15.074280
southerly	-15.074280
coltrane	-15.074280
batshit	-15.074280
convalescent	-15.074280
lahiri	-15.074280
spiritualist	-15.074280
mayes	-15.074280
spate	-15.074280
tuppy	-15.074280
mcenroe	-15.074280
seger	-15.074280
manipulates	-15.074280
dote	-15.074280
noob	-15.074280
peppa	-15.074280
lanyard	-15.074280
samoan	-15.074280
swines	-15.074280
endearment	-15.074280
showboat	-15.074280
azalea	-15.074280
fastidious	-15.074280
beecham	-15.074280
pickaxe	-15.074280
fx	-15.074280
lowery	-15.074280
oust	-15.074280
abram	-15.074280
steamroller	-15.074280
yuppies	-15.074280
pelicans	-15.074280
imperialists	-15.074280
republics	-15.074280
deficits	-15.074280
unraveled	-15.074280
selam	-15.074280
emphatic	-15.074280
aficionado	-15.074280
irrespective	-15.074280
fede	-15.074280
barneys	-15.074280
forums	-15.074280
rejuvenate	-15.074280
alois	-15.074280
kleist	-15.074280
fanned	-15.074280
barts	-15.074280
diorama	-15.074280
matzo	-15.074280
unicef	-15.074280
dich	-15.074280
frankincense	-15.074280
miya	-15.074280
lovelies	-15.074280
scoliosis	-15.074280
aquinas	-15.074280
reshape	-15.074280
plckman	-15.074280
lakewood	-15.074280
zhivago	-15.074280
pistachios	-15.074280
educators	-15.074280
pitying	-15.074280
volta	-15.074280
unappreciated	-15.074280
flaco	-15.074280
shiraz	-15.074280
hoopla	-15.074280
solarium	-15.074280
pagers	-15.074280
karr	-15.074280
poonam	-15.074280
unpublished	-15.074280
conscription	-15.074280
mahone	-15.079448
manicured	-15.079448
collectibles	-15.079448
playpen	-15.079448
scriptwriter	-15.079448
mergers	-15.079448
lavage	-15.079448
slocum	-15.079448
curiouser	-15.079448
lg	-15.079448
answerphone	-15.079448
prabhu	-15.079448
locale	-15.079448
reconstructing	-15.079448
clunks	-15.079448
kove	-15.079448
relaying	-15.079448
woodcutter	-15.079448
feint	-15.079448
remuneration	-15.079448
orr	-15.079448
snakebite	-15.079448
lainie	-15.079448
haeshin	-15.079448
filament	-15.079448
lusting	-15.079448
durarara	-15.079448
turlough	-15.079448
fisticuffs	-15.079448
hermia	-15.079448
banu	-15.079448
rasgotra	-15.079448
preservatives	-15.079448
whiskies	-15.079448
peoria	-15.079448
assisi	-15.079448
georgi	-15.079448
acrobatic	-15.079448
interminable	-15.079448
trumbull	-15.079448
unhurt	-15.079448
eres	-15.079448
shadwell	-15.079448
solicited	-15.079448
superglue	-15.079448
juha	-15.079448
condescend	-15.079448
neuroses	-15.079448
rl	-15.079448
siphoning	-15.079448
leche	-15.079448
confining	-15.079448
penitence	-15.079448
homunculus	-15.079448
hullabaloo	-15.079448
sunderland	-15.079448
woolworth	-15.079448
manitoba	-15.079448
hernan	-15.079448
dubrovnik	-15.079448
atsushi	-15.079448
adem	-15.079448
advices	-15.079448
cuzco	-15.079448
liberalism	-15.079448
crudely	-15.079448
cristobal	-15.079448
hypnotised	-15.079448
tarik	-15.079448
currencies	-15.079448
maha	-15.079448
articulated	-15.079448
nra	-15.079448
gbh	-15.079448
decapitate	-15.079448
bagley	-15.079448
surnames	-15.079448
aniston	-15.079448
dweller	-15.079448
incontinent	-15.079448
uninspired	-15.079448
lockjaw	-15.079448
een	-15.079448
deen	-15.079448
piao	-15.079448
singularly	-15.079448
nagged	-15.079448
gladness	-15.079448
briony	-15.079448
unromantic	-15.079448
cacophony	-15.079448
nunzio	-15.079448
bando	-15.079448
brags	-15.079448
impeach	-15.079448
fandor	-15.079448
toyotomi	-15.079448
resigns	-15.079448
meddled	-15.079448
doop	-15.079448
bawdy	-15.079448
bumpkins	-15.079448
vaya	-15.079448
evildoers	-15.079448
psychotropic	-15.084643
shaquille	-15.084643
callaway	-15.084643
disenfranchised	-15.084643
repartee	-15.084643
tacked	-15.084643
malti	-15.084643
capitulate	-15.084643
viaduct	-15.084643
repossess	-15.084643
pecos	-15.084643
jubal	-15.084643
grable	-15.084643
yew	-15.084643
servile	-15.084643
aurore	-15.084643
dolby	-15.084643
celebi	-15.084643
bromley	-15.084643
keitel	-15.084643
mopey	-15.084643
chlo	-15.084643
takuma	-15.084643
sukiyaki	-15.084643
pleiades	-15.084643
pouches	-15.084643
rache	-15.084643
tuckered	-15.084643
suzhou	-15.084643
soapbox	-15.084643
fil	-15.084643
ender	-15.084643
expansive	-15.084643
dropouts	-15.084643
collingwood	-15.084643
giri	-15.084643
dearborn	-15.084643
clapper	-15.084643
appeased	-15.084643
wombat	-15.084643
buccaneers	-15.084643
mcmurphy	-15.084643
officiate	-15.084643
wilcock	-15.084643
yitzhak	-15.084643
matata	-15.084643
grooving	-15.084643
dependents	-15.084643
caramelized	-15.084643
predicated	-15.084643
bodhisattva	-15.084643
herewith	-15.084643
jabberwocky	-15.084643
solidified	-15.084643
amamiya	-15.084643
olin	-15.084643
lagann	-15.084643
floundering	-15.084643
viscous	-15.084643
druggist	-15.084643
pseudo	-15.084643
pradhan	-15.084643
kwak	-15.084643
jolyon	-15.084643
repealed	-15.084643
encino	-15.084643
velez	-15.084643
orjust	-15.084643
stabilised	-15.084643
oneness	-15.084643
deflate	-15.084643
moccasins	-15.084643
greengrocer	-15.084643
shamus	-15.084643
jolson	-15.084643
chol	-15.084643
depletion	-15.084643
impersonated	-15.084643
unos	-15.084643
compilation	-15.084643
smackers	-15.084643
effected	-15.084643
reims	-15.084643
fairplay	-15.084643
tanto	-15.084643
beauteous	-15.084643
pullover	-15.084643
dipesto	-15.084643
longmire	-15.084643
maelstrom	-15.084643
loulou	-15.084643
braved	-15.084643
trespassed	-15.084643
panna	-15.084643
thornfield	-15.084643
posthumously	-15.084643
ices	-15.084643
joakim	-15.084643
holosuite	-15.084643
rehan	-15.084643
yegor	-15.084643
whey	-15.084643
adolphe	-15.084643
sepp	-15.084643
stricter	-15.084643
sauteed	-15.084643
liane	-15.084643
lacquer	-15.084643
morey	-15.084643
lobbied	-15.084643
conversely	-15.089865
tortellini	-15.089865
yearbooks	-15.089865
pigments	-15.089865
deceptively	-15.089865
lunchroom	-15.089865
counterfeiter	-15.089865
originates	-15.089865
oldham	-15.089865
dimas	-15.089865
footstep	-15.089865
vayu	-15.089865
bigmouth	-15.089865
honeycutt	-15.089865
indelicate	-15.089865
ung	-15.089865
conveying	-15.089865
extramarital	-15.089865
basha	-15.089865
nicholls	-15.089865
buller	-15.089865
harbouring	-15.089865
soothsayer	-15.089865
prosthesis	-15.089865
nooks	-15.089865
stringent	-15.089865
coolio	-15.089865
hackman	-15.089865
benedetto	-15.089865
choirboy	-15.089865
ather	-15.089865
norbac	-15.089865
settee	-15.089865
lionheart	-15.089865
kima	-15.089865
paracelsus	-15.089865
svengali	-15.089865
backache	-15.089865
ngs	-15.089865
stix	-15.089865
tenets	-15.089865
constituted	-15.089865
bergerac	-15.089865
maiko	-15.089865
brokeback	-15.089865
nadezhda	-15.089865
lancers	-15.089865
bast	-15.089865
jahan	-15.089865
pernod	-15.089865
manohar	-15.089865
reenact	-15.089865
uninterested	-15.089865
coattails	-15.089865
warbles	-15.089865
thet	-15.089865
chastise	-15.089865
handsy	-15.089865
stoller	-15.089865
dookie	-15.089865
griddle	-15.089865
pocketful	-15.089865
suhani	-15.089865
burgeoning	-15.089865
moulds	-15.089865
wrenches	-15.089865
grecian	-15.089865
yhe	-15.089865
alhambra	-15.089865
mariette	-15.089865
moolah	-15.089865
littleton	-15.089865
trashcan	-15.089865
typhoons	-15.089865
upshot	-15.089865
courtier	-15.089865
lacs	-15.089865
landmine	-15.089865
cartwheel	-15.089865
burka	-15.089865
supermassive	-15.089865
spotlights	-15.089865
canoeing	-15.089865
impetus	-15.089865
semyon	-15.089865
daemon	-15.089865
staffer	-15.089865
vova	-15.089865
ripened	-15.089865
roge	-15.089865
thermodynamics	-15.089865
efendi	-15.089865
fetishes	-15.089865
zin	-15.089865
titti	-15.089865
retracing	-15.089865
fairmont	-15.089865
jinny	-15.089865
nimah	-15.089865
loring	-15.089865
sweltering	-15.089865
indentured	-15.089865
blackbirds	-15.089865
wilmot	-15.089865
anto	-15.089865
perimortem	-15.089865
chanted	-15.089865
biographies	-15.089865
rerouting	-15.089865
asswipe	-15.089865
darkie	-15.089865
ostia	-15.089865
critiques	-15.089865
garroway	-15.089865
subtleties	-15.089865
shri	-15.089865
irrevocably	-15.095114
heckling	-15.095114
hydrangeas	-15.095114
quantify	-15.095114
tailpipe	-15.095114
alle	-15.095114
lowen	-15.095114
blurring	-15.095114
castes	-15.095114
biochemist	-15.095114
occupancy	-15.095114
macdougall	-15.095114
pirouette	-15.095114
mnemonic	-15.095114
berber	-15.095114
steinar	-15.095114
wolcott	-15.095114
weighty	-15.095114
righ	-15.095114
benzene	-15.095114
lathrop	-15.095114
hemant	-15.095114
grohl	-15.095114
mcclain	-15.095114
fumigated	-15.095114
whatchamacallit	-15.095114
fatties	-15.095114
behinds	-15.095114
murata	-15.095114
koizumi	-15.095114
pooled	-15.095114
skjern	-15.095114
radiohead	-15.095114
foray	-15.095114
lcd	-15.095114
needlework	-15.095114
erinn	-15.095114
referrals	-15.095114
huer	-15.095114
eps	-15.095114
footfalls	-15.095114
hagar	-15.095114
ashlee	-15.095114
whistleblower	-15.095114
facsimile	-15.095114
unpatriotic	-15.095114
airfare	-15.095114
yuda	-15.095114
tormentor	-15.095114
greenbacks	-15.095114
ott	-15.095114
bartok	-15.095114
panhandle	-15.095114
monterrey	-15.095114
pezuela	-15.095114
greaves	-15.095114
zeek	-15.095114
mclaughlin	-15.095114
balli	-15.095114
unbuttoned	-15.095114
theora	-15.095114
equine	-15.095114
huygens	-15.095114
falsify	-15.095114
velour	-15.095114
disapproving	-15.095114
kobol	-15.095114
zinger	-15.095114
batons	-15.095114
myocardial	-15.095114
scolds	-15.095114
bluey	-15.095114
ciara	-15.095114
dren	-15.095114
draculaura	-15.095114
punky	-15.095114
darkly	-15.095114
dob	-15.095114
dissension	-15.095114
duplicitous	-15.095114
lathe	-15.095114
eleonora	-15.095114
sss	-15.095114
riffs	-15.095114
ebert	-15.095114
mccallum	-15.095114
oyama	-15.095114
hyunto	-15.095114
selflessly	-15.095114
compasses	-15.095114
nastiness	-15.095114
persistently	-15.095114
ruda	-15.095114
vindaloo	-15.095114
encroaching	-15.095114
twyla	-15.095114
sugi	-15.095114
heralds	-15.095114
oder	-15.095114
trafficked	-15.095114
highlighting	-15.095114
monolith	-15.095114
tenzin	-15.095114
nads	-15.095114
cobblers	-15.095114
ataru	-15.095114
nubia	-15.095114
brita	-15.095114
goverment	-15.100391
darkseid	-15.100391
sheepdog	-15.100391
fein	-15.100391
quaid	-15.100391
sio	-15.100391
clotilde	-15.100391
infeld	-15.100391
albertine	-15.100391
luxan	-15.100391
mh	-15.100391
katey	-15.100391
krupp	-15.100391
kofi	-15.100391
mendes	-15.100391
roundhouse	-15.100391
birdcage	-15.100391
burdett	-15.100391
gustaf	-15.100391
referees	-15.100391
bap	-15.100391
addendum	-15.100391
atoll	-15.100391
caked	-15.100391
edgehill	-15.100391
shamefully	-15.100391
simo	-15.100391
rescuer	-15.100391
searcher	-15.100391
earmarked	-15.100391
shimon	-15.100391
milestones	-15.100391
meldrick	-15.100391
vani	-15.100391
fatigues	-15.100391
shrubbery	-15.100391
needlepoint	-15.100391
wyndham	-15.100391
basins	-15.100391
lech	-15.100391
shod	-15.100391
counseled	-15.100391
aurelia	-15.100391
nightdress	-15.100391
evidentiary	-15.100391
alsace	-15.100391
measurable	-15.100391
shinhwa	-15.100391
nsc	-15.100391
bequest	-15.100391
witchy	-15.100391
cowan	-15.100391
disinformation	-15.100391
publicized	-15.100391
yamaha	-15.100391
hom	-15.100391
tootin	-15.100391
outsourcing	-15.100391
brandishing	-15.100391
polina	-15.100391
cregg	-15.100391
masahiro	-15.100391
inoculated	-15.100391
brocade	-15.100391
arastoo	-15.100391
wane	-15.100391
schafer	-15.100391
jessy	-15.100391
vishwamitra	-15.100391
plexus	-15.100391
minimise	-15.100391
anda	-15.100391
vaca	-15.100391
minster	-15.100391
pedrosa	-15.100391
beguiling	-15.100391
liddell	-15.100391
selene	-15.100391
meisner	-15.100391
constantin	-15.100391
reheat	-15.100391
granary	-15.100391
notting	-15.100391
bridey	-15.100391
teamsters	-15.100391
freefall	-15.100391
thejob	-15.100391
abominations	-15.100391
parabolic	-15.100391
jono	-15.100391
josefa	-15.100391
harrogate	-15.100391
tumblers	-15.100391
renton	-15.100391
muk	-15.100391
closeted	-15.100391
messaged	-15.100391
deac	-15.105696
botulism	-15.105696
magali	-15.105696
heaped	-15.105696
trawl	-15.105696
mimes	-15.105696
saipan	-15.105696
ayers	-15.105696
townie	-15.105696
cert	-15.105696
suzaku	-15.105696
synagogues	-15.105696
soe	-15.105696
clough	-15.105696
thurber	-15.105696
carny	-15.105696
pippy	-15.105696
cathouse	-15.105696
recast	-15.105696
lusts	-15.105696
burble	-15.105696
descriptive	-15.105696
rumblings	-15.105696
gooch	-15.105696
meldrum	-15.105696
refilled	-15.105696
vestal	-15.105696
antares	-15.105696
oakes	-15.105696
schrute	-15.105696
cheltenham	-15.105696
pranked	-15.105696
gramercy	-15.105696
sculptors	-15.105696
mallika	-15.105696
hoodies	-15.105696
wiryegung	-15.105696
clumsiness	-15.105696
lysander	-15.105696
paradoxes	-15.105696
scabies	-15.105696
steckler	-15.105696
ostend	-15.105696
reddick	-15.105696
radek	-15.105696
carm	-15.105696
simmi	-15.105696
civvies	-15.105696
gravest	-15.105696
psoriasis	-15.105696
tutsi	-15.105696
wojtek	-15.105696
teaspoons	-15.105696
seeding	-15.105696
ullman	-15.105696
amphitheater	-15.105696
quatermain	-15.105696
hardheaded	-15.105696
schlep	-15.105696
pyromaniac	-15.105696
rancor	-15.105696
harebrained	-15.105696
orthe	-15.105696
minkus	-15.105696
ily	-15.105696
loaner	-15.105696
saran	-15.105696
stiffness	-15.105696
espenson	-15.105696
petitioner	-15.105696
inertial	-15.105696
heis	-15.105696
worldview	-15.105696
motta	-15.105696
quinton	-15.105696
litigator	-15.105696
baffles	-15.105696
housekeepers	-15.105696
mellon	-15.105696
neuron	-15.105696
servo	-15.105696
atelier	-15.105696
meddlesome	-15.105696
hooli	-15.105696
carpentier	-15.105696
hydroelectric	-15.105696
corinna	-15.105696
zandra	-15.105696
grands	-15.105696
drazi	-15.105696
attrition	-15.105696
bullshitter	-15.105696
overextended	-15.105696
pinup	-15.105696
bollinger	-15.105696
cased	-15.105696
commemorating	-15.105696
achim	-15.105696
theron	-15.105696
altimeter	-15.105696
mired	-15.105696
gendarmerie	-15.105696
parolee	-15.105696
heng	-15.105696
margrethe	-15.105696
caron	-15.105696
sanya	-15.105696
criminality	-15.105696
denzil	-15.105696
doctrines	-15.105696
edging	-15.105696
buckling	-15.111029
janu	-15.111029
stakeouts	-15.111029
irvin	-15.111029
fina	-15.111029
shill	-15.111029
lakebottom	-15.111029
recurrence	-15.111029
moyer	-15.111029
pallets	-15.111029
counterterrorism	-15.111029
buccaneer	-15.111029
duchamp	-15.111029
narcolepsy	-15.111029
udder	-15.111029
ricco	-15.111029
novotny	-15.111029
leutnant	-15.111029
cree	-15.111029
willin	-15.111029
cargill	-15.111029
cadiz	-15.111029
amaru	-15.111029
supervisory	-15.111029
disrobe	-15.111029
savonarola	-15.111029
millisecond	-15.111029
illusionist	-15.111029
undershirt	-15.111029
mackintosh	-15.111029
vespers	-15.111029
gretch	-15.111029
hoarsely	-15.111029
pickets	-15.111029
indio	-15.111029
sasi	-15.111029
hypo	-15.111029
jacobo	-15.111029
togashi	-15.111029
neelu	-15.111029
dockers	-15.111029
randhir	-15.111029
cheeta	-15.111029
rawley	-15.111029
bluffed	-15.111029
manoel	-15.111029
peddlers	-15.111029
tawney	-15.111029
decisively	-15.111029
whiner	-15.111029
massing	-15.111029
offs	-15.111029
misrepresented	-15.111029
orchestras	-15.111029
gcpd	-15.111029
howled	-15.111029
soaks	-15.111029
guzzling	-15.111029
mikko	-15.111029
coronado	-15.111029
biro	-15.111029
jammin	-15.111029
ceylon	-15.111029
kiowa	-15.111029
inflating	-15.111029
subsidiaries	-15.111029
beastmaster	-15.111029
zamora	-15.111029
ambu	-15.111029
bitcoins	-15.111029
gizmos	-15.111029
demoralized	-15.111029
lefts	-15.111029
malo	-15.111029
stirrup	-15.111029
cooperates	-15.111029
dippy	-15.111029
oso	-15.111029
mungo	-15.111029
lucretia	-15.111029
pulverize	-15.111029
monotone	-15.111029
likeyou	-15.111029
aphids	-15.111029
banta	-15.111029
jasna	-15.111029
cq	-15.111029
scapula	-15.111029
greys	-15.111029
larsan	-15.111029
forcible	-15.111029
chatswin	-15.111029
hermie	-15.111029
ragtag	-15.111029
katsura	-15.111029
tomfoolery	-15.111029
grunkle	-15.111029
cabrera	-15.111029
busload	-15.111029
guardo	-15.111029
gentlest	-15.111029
rosaura	-15.111029
ineffectual	-15.111029
reconnecting	-15.111029
lvpd	-15.111029
pra	-15.111029
propagation	-15.111029
newberry	-15.111029
sneering	-15.111029
maligned	-15.111029
unfurled	-15.111029
forwhat	-15.111029
preventative	-15.111029
eastward	-15.111029
trafford	-15.111029
multinationals	-15.111029
monami	-15.111029
lycra	-15.111029
wearable	-15.111029
barbies	-15.111029
endangers	-15.111029
churned	-15.116391
rossum	-15.116391
caters	-15.116391
masson	-15.116391
ihop	-15.116391
shingen	-15.116391
coccyx	-15.116391
jairo	-15.116391
marsala	-15.116391
handfuls	-15.116391
cobblepot	-15.116391
kannada	-15.116391
boosts	-15.116391
eaves	-15.116391
oc	-15.116391
cheuk	-15.116391
stipulation	-15.116391
ov	-15.116391
sommelier	-15.116391
tubman	-15.116391
pounder	-15.116391
calzone	-15.116391
reis	-15.116391
yosuke	-15.116391
kimba	-15.116391
scholastic	-15.116391
catskills	-15.116391
lhc	-15.116391
cycled	-15.116391
nonnatus	-15.116391
natal	-15.116391
trifled	-15.116391
masseria	-15.116391
sturm	-15.116391
preet	-15.116391
alleges	-15.116391
accolades	-15.116391
reassembled	-15.116391
ide	-15.116391
rungs	-15.116391
crossrail	-15.116391
pedes	-15.116391
rhodesia	-15.116391
hotheaded	-15.116391
comebacks	-15.116391
dbs	-15.116391
expertly	-15.116391
peeved	-15.116391
kerri	-15.116391
hallmarks	-15.116391
stax	-15.116391
kauai	-15.116391
millington	-15.116391
jackrabbit	-15.116391
tarun	-15.116391
kashiwagi	-15.116391
softens	-15.116391
culminating	-15.116391
someway	-15.116391
unsealed	-15.116391
shozo	-15.116391
yancy	-15.116391
transverse	-15.116391
jareau	-15.116391
ui	-15.116391
winstone	-15.116391
noriega	-15.116391
unimpressed	-15.116391
satoko	-15.116391
exsanguination	-15.116391
spritz	-15.116391
rutles	-15.116391
sarsaparilla	-15.116391
arora	-15.116391
bmo	-15.116391
subsidize	-15.116391
bab	-15.116391
schnabel	-15.116391
ido	-15.116391
escher	-15.116391
isthe	-15.116391
jarring	-15.116391
radiated	-15.116391
setter	-15.116391
darpa	-15.116391
carthaginians	-15.116391
minwoo	-15.116391
kickass	-15.116391
mitzvahs	-15.116391
hissy	-15.116391
cavaliere	-15.116391
pcs	-15.116391
coffeemaker	-15.116391
mato	-15.116391
jip	-15.116391
disillusion	-15.116391
barak	-15.116391
wendigo	-15.116391
treblinka	-15.116391
defectors	-15.116391
grosse	-15.116391
pedersen	-15.116391
spiller	-15.116391
croats	-15.116391
polonius	-15.116391
unadulterated	-15.116391
humphreys	-15.116391
sashay	-15.116391
bookshelves	-15.116391
groundless	-15.116391
gua	-15.116391
leyden	-15.116391
scrubber	-15.116391
dyad	-15.121782
janusz	-15.121782
kuku	-15.121782
kindaichi	-15.121782
tye	-15.121782
rears	-15.121782
fabiola	-15.121782
lompoc	-15.121782
diversionary	-15.121782
quieres	-15.121782
howser	-15.121782
disrupts	-15.121782
lefebvre	-15.121782
harmonizing	-15.121782
rian	-15.121782
shahid	-15.121782
raincoats	-15.121782
aggregate	-15.121782
disparaging	-15.121782
specialises	-15.121782
didyou	-15.121782
chanced	-15.121782
lumbering	-15.121782
sitch	-15.121782
beeped	-15.121782
perumal	-15.121782
phoebus	-15.121782
prednisone	-15.121782
strang	-15.121782
ivor	-15.121782
warder	-15.121782
lunged	-15.121782
nuked	-15.121782
auctioning	-15.121782
boxey	-15.121782
maldonado	-15.121782
tizzy	-15.121782
tapestries	-15.121782
poofs	-15.121782
velociraptor	-15.121782
sharps	-15.121782
graviton	-15.121782
sews	-15.121782
jozef	-15.121782
aramaic	-15.121782
pauley	-15.121782
briefcases	-15.121782
neeko	-15.121782
blizzards	-15.121782
reynold	-15.121782
unblemished	-15.121782
fop	-15.121782
foucault	-15.121782
ashura	-15.121782
boko	-15.121782
dales	-15.121782
beaulieu	-15.121782
iy	-15.121782
baronet	-15.121782
strenght	-15.121782
nishida	-15.121782
minaj	-15.121782
soc	-15.121782
calculates	-15.121782
fukuoka	-15.121782
earthforce	-15.121782
bridie	-15.121782
tullius	-15.121782
sandwiched	-15.121782
embroiled	-15.121782
aey	-15.121782
hunan	-15.121782
cadillacs	-15.121782
boggles	-15.121782
coons	-15.121782
cruickshank	-15.121782
forgettable	-15.121782
muntz	-15.121782
oberst	-15.121782
peppered	-15.121782
galway	-15.121782
demille	-15.121782
mitral	-15.121782
wove	-15.121782
interchange	-15.121782
alls	-15.121782
nakanishi	-15.121782
bacall	-15.121782
twiddling	-15.121782
reynaldo	-15.121782
fjords	-15.121782
emojis	-15.121782
cacti	-15.121782
zuri	-15.121782
shruthi	-15.121782
inefficiency	-15.121782
disparity	-15.121782
swoops	-15.121782
freezers	-15.121782
shinagawa	-15.121782
subdivision	-15.121782
timeshare	-15.121782
unwillingly	-15.121782
sortie	-15.121782
affiliates	-15.127202
pressman	-15.127202
restructure	-15.127202
kemper	-15.127202
murillo	-15.127202
mang	-15.127202
diminutive	-15.127202
pitstop	-15.127202
lodgers	-15.127202
togusa	-15.127202
cann	-15.127202
cooch	-15.127202
vicap	-15.127202
masayuki	-15.127202
emaciated	-15.127202
bl	-15.127202
kurosaki	-15.127202
aviva	-15.127202
asakusa	-15.127202
birdbrain	-15.127202
cattleman	-15.127202
glastonbury	-15.127202
gregorian	-15.127202
betrayals	-15.127202
oscillator	-15.127202
pausing	-15.127202
kwanzaa	-15.127202
maclaren	-15.127202
dingus	-15.127202
analogue	-15.127202
regulates	-15.127202
destabilizing	-15.127202
unleashes	-15.127202
doy	-15.127202
shawshank	-15.127202
gayer	-15.127202
mabuse	-15.127202
denote	-15.127202
ponytails	-15.127202
pillaged	-15.127202
cezanne	-15.127202
bernini	-15.127202
huberman	-15.127202
horsie	-15.127202
vasile	-15.127202
trapp	-15.127202
tandang	-15.127202
devika	-15.127202
bouillon	-15.127202
capita	-15.127202
litany	-15.127202
varg	-15.127202
brasil	-15.127202
alucard	-15.127202
hongkong	-15.127202
truscott	-15.127202
dollop	-15.127202
cruisin	-15.127202
gib	-15.127202
roary	-15.127202
retort	-15.127202
hathorne	-15.127202
cordless	-15.127202
rolando	-15.127202
canaveral	-15.127202
thorazine	-15.127202
earthworms	-15.127202
seahorse	-15.127202
biodegradable	-15.127202
loong	-15.127202
lambo	-15.127202
makeovers	-15.127202
cylindrical	-15.127202
suiting	-15.127202
hardening	-15.127202
mya	-15.127202
coddling	-15.127202
cis	-15.127202
parachuted	-15.127202
sacraments	-15.127202
sikhs	-15.127202
agrarian	-15.127202
muncie	-15.127202
imi	-15.127202
dickerson	-15.127202
riveted	-15.127202
twayne	-15.127202
beav	-15.127202
protester	-15.127202
wilber	-15.127202
fetuses	-15.127202
comptroller	-15.127202
delish	-15.127202
toine	-15.127202
repulsion	-15.127202
homerun	-15.127202
cept	-15.127202
kathmandu	-15.127202
fibonacci	-15.127202
levelled	-15.127202
reclining	-15.127202
floris	-15.127202
overstayed	-15.127202
sketchbook	-15.127202
gonads	-15.127202
flik	-15.127202
vocally	-15.127202
manderley	-15.127202
perverting	-15.127202
taz	-15.127202
vapid	-15.127202
quelle	-15.127202
aaaaaaah	-15.127202
cobble	-15.127202
tetch	-15.127202
ausa	-15.127202
langton	-15.127202
clop	-15.127202
scrupulous	-15.132652
cybill	-15.132652
varrick	-15.132652
aqualad	-15.132652
goda	-15.132652
amman	-15.132652
genders	-15.132652
jinks	-15.132652
silene	-15.132652
calogero	-15.132652
banksy	-15.132652
hikes	-15.132652
comers	-15.132652
cascading	-15.132652
bonneville	-15.132652
avni	-15.132652
hideouts	-15.132652
riche	-15.132652
fah	-15.132652
cutthroats	-15.132652
frs	-15.132652
protectorate	-15.132652
astrologers	-15.132652
mainline	-15.132652
victimless	-15.132652
ona	-15.132652
thallium	-15.132652
matchstick	-15.132652
fline	-15.132652
emasculated	-15.132652
ides	-15.132652
kovak	-15.132652
youjust	-15.132652
finalised	-15.132652
visionaries	-15.132652
yeehaw	-15.132652
remotest	-15.132652
sendai	-15.132652
handcrafted	-15.132652
playthings	-15.132652
resale	-15.132652
fidgety	-15.132652
myriam	-15.132652
contractual	-15.132652
oflove	-15.132652
passin	-15.132652
hisashi	-15.132652
manette	-15.132652
hydration	-15.132652
happ	-15.132652
kansuke	-15.132652
additives	-15.132652
kaidu	-15.132652
arras	-15.132652
dominik	-15.132652
bryony	-15.132652
madalena	-15.132652
marrakesh	-15.132652
miguelito	-15.132652
squinting	-15.132652
bidders	-15.132652
abramoff	-15.132652
unsophisticated	-15.132652
kaley	-15.132652
firs	-15.132652
bhopal	-15.132652
wheres	-15.132652
triumphal	-15.132652
christabel	-15.132652
thurgood	-15.132652
centerpieces	-15.132652
pileup	-15.132652
stunningly	-15.132652
pampers	-15.132652
luffy	-15.132652
froning	-15.132652
darwyn	-15.132652
solana	-15.132652
cristiano	-15.132652
sufferer	-15.132652
impale	-15.132652
elam	-15.132652
soldering	-15.132652
hydrocarbons	-15.132652
cerebellum	-15.132652
pacer	-15.132652
springboard	-15.132652
krispy	-15.132652
narcs	-15.132652
harland	-15.132652
robeson	-15.132652
viability	-15.132652
deuterium	-15.132652
coasting	-15.132652
messalina	-15.132652
sambar	-15.132652
puddin	-15.132652
margery	-15.132652
pummeled	-15.132652
streamline	-15.132652
lakhan	-15.132652
methanol	-15.132652
wolfsbane	-15.132652
awed	-15.132652
edwardian	-15.132652
egbert	-15.132652
mctavish	-15.132652
seventeenth	-15.132652
winkie	-15.132652
referencing	-15.132652
klunk	-15.132652
teetering	-15.132652
snook	-15.132652
plethora	-15.132652
paradoxical	-15.132652
stephie	-15.132652
forefinger	-15.132652
gye	-15.132652
leeza	-15.132652
brownsville	-15.132652
billingsley	-15.132652
demolitions	-15.132652
deepened	-15.132652
elbe	-15.132652
kinko	-15.132652
dunhill	-15.132652
zag	-15.132652
glob	-15.132652
selflessness	-15.132652
gotto	-15.132652
gardenias	-15.138131
regenerating	-15.138131
hansson	-15.138131
manassas	-15.138131
soonest	-15.138131
mortifying	-15.138131
castel	-15.138131
warfield	-15.138131
shinpei	-15.138131
despot	-15.138131
achy	-15.138131
shadowhunters	-15.138131
lopevi	-15.138131
hubcaps	-15.138131
gimbert	-15.138131
darwinian	-15.138131
babban	-15.138131
baldie	-15.138131
massoud	-15.138131
aggressors	-15.138131
depictions	-15.138131
floren	-15.138131
norbit	-15.138131
ursus	-15.138131
imposters	-15.138131
angad	-15.138131
inorganic	-15.138131
erogenous	-15.138131
collectible	-15.138131
loos	-15.138131
kyeongseong	-15.138131
snored	-15.138131
hoc	-15.138131
hookah	-15.138131
globetrotters	-15.138131
frere	-15.138131
wegener	-15.138131
tengu	-15.138131
unsustainable	-15.138131
avast	-15.138131
blarney	-15.138131
housemates	-15.138131
bootie	-15.138131
pusan	-15.138131
santy	-15.138131
bana	-15.138131
sherpas	-15.138131
cigs	-15.138131
sala	-15.138131
chronicler	-15.138131
nagel	-15.138131
domini	-15.138131
irregularity	-15.138131
battersea	-15.138131
downturn	-15.138131
knell	-15.138131
tajima	-15.138131
supermen	-15.138131
alak	-15.138131
thay	-15.138131
gallstones	-15.138131
radiators	-15.138131
telephoto	-15.138131
nanjo	-15.138131
transcended	-15.138131
milburn	-15.138131
omnipresent	-15.138131
yello	-15.138131
elgar	-15.138131
blockheads	-15.138131
pyare	-15.138131
staffing	-15.138131
nicolette	-15.138131
reliably	-15.138131
backto	-15.138131
cuteness	-15.138131
vladimirovich	-15.138131
yokoyama	-15.138131
smarmy	-15.138131
implausible	-15.138131
distinguishes	-15.138131
resourcefulness	-15.138131
cuatro	-15.138131
iooked	-15.138131
spivey	-15.138131
nava	-15.138131
brest	-15.138131
intensifying	-15.138131
seacrest	-15.138131
misadventure	-15.138131
sot	-15.138131
purist	-15.138131
catapults	-15.138131
gaussian	-15.138131
chichi	-15.138131
masato	-15.138131
youngblood	-15.138131
salient	-15.138131
songyang	-15.138131
bernardes	-15.138131
jonjo	-15.138131
anais	-15.138131
parsa	-15.138131
herbalife	-15.138131
zita	-15.138131
flue	-15.138131
kranz	-15.138131
amantha	-15.138131
smoothing	-15.138131
beeplng	-15.138131
beefcake	-15.138131
carbonara	-15.138131
zloty	-15.138131
regenerated	-15.138131
brainwaves	-15.138131
gerty	-15.138131
madcap	-15.138131
agora	-15.138131
priss	-15.138131
honnold	-15.138131
dhanraj	-15.138131
broome	-15.138131
thundercats	-15.138131
impulsively	-15.138131
basia	-15.138131
majorly	-15.138131
himanshu	-15.138131
kow	-15.138131
wmd	-15.138131
aberrant	-15.138131
kibby	-15.138131
outlining	-15.138131
ignasi	-15.138131
facials	-15.143641
plonk	-15.143641
phrased	-15.143641
liberators	-15.143641
vassily	-15.143641
suffrage	-15.143641
deepens	-15.143641
mantrid	-15.143641
skivvies	-15.143641
scotches	-15.143641
betwixt	-15.143641
ragnarok	-15.143641
exhibitionist	-15.143641
napster	-15.143641
unhelpful	-15.143641
delle	-15.143641
sotheby	-15.143641
harmonium	-15.143641
grandstanding	-15.143641
brack	-15.143641
reeked	-15.143641
prospectors	-15.143641
mountaineering	-15.143641
anglais	-15.143641
mim	-15.143641
emitters	-15.143641
paradine	-15.143641
kean	-15.143641
pershing	-15.143641
uly	-15.143641
antagonistic	-15.143641
fundamentalists	-15.143641
ruthlessness	-15.143641
tweek	-15.143641
saskatchewan	-15.143641
brewers	-15.143641
reaped	-15.143641
insinuated	-15.143641
gaynor	-15.143641
wilk	-15.143641
ridiculing	-15.143641
cobweb	-15.143641
ribcage	-15.143641
nitwits	-15.143641
preconceived	-15.143641
dutta	-15.143641
cannonballs	-15.143641
lightfoot	-15.143641
corning	-15.143641
algy	-15.143641
apprehending	-15.143641
imelda	-15.143641
migrations	-15.143641
bicarb	-15.143641
webbing	-15.143641
barristers	-15.143641
mombasa	-15.143641
saleem	-15.143641
bhangra	-15.143641
sahir	-15.143641
busses	-15.143641
charing	-15.143641
inbreeding	-15.143641
takechi	-15.143641
okeydoke	-15.143641
dorfman	-15.143641
parkour	-15.143641
imprints	-15.143641
fujimoto	-15.143641
tollbooth	-15.143641
bedpans	-15.143641
trawling	-15.143641
braced	-15.143641
janki	-15.143641
rockland	-15.143641
macaulay	-15.143641
exchequer	-15.143641
yeshiva	-15.143641
pornographer	-15.143641
fondled	-15.143641
thoughtfully	-15.143641
fierro	-15.143641
tomoe	-15.143641
heeded	-15.143641
unrestrained	-15.143641
cardiomyopathy	-15.143641
sponging	-15.143641
ajusshi	-15.143641
goddamit	-15.143641
paltrow	-15.143641
eggheads	-15.143641
bromide	-15.143641
klinkerhoffen	-15.143641
baggies	-15.143641
abra	-15.143641
linkage	-15.143641
koen	-15.143641
colum	-15.143641
someth	-15.143641
cinzia	-15.143641
branwell	-15.143641
saigo	-15.143641
gis	-15.143641
reappears	-15.143641
replaying	-15.143641
wilfrid	-15.143641
philosophically	-15.143641
candidly	-15.143641
fraternities	-15.143641
neetu	-15.143641
freeloaders	-15.143641
uncommonly	-15.143641
reciprocated	-15.143641
ug	-15.143641
tupper	-15.143641
bruckner	-15.143641
fusing	-15.143641
charon	-15.143641
woodford	-15.143641
monger	-15.143641
bludgeon	-15.143641
lait	-15.143641
fizzing	-15.143641
btw	-15.143641
raga	-15.143641
chlorophyll	-15.143641
aswell	-15.143641
prefectural	-15.143641
ony	-15.143641
revolts	-15.143641
waxy	-15.143641
stiffy	-15.143641
kersey	-15.143641
kooks	-15.143641
ofjustice	-15.143641
snuggling	-15.143641
cracow	-15.143641
slippin	-15.143641
pfff	-15.143641
hovered	-15.149181
pillai	-15.149181
flavoured	-15.149181
tele	-15.149181
sauvage	-15.149181
bulldoze	-15.149181
gordana	-15.149181
individualism	-15.149181
chale	-15.149181
brayden	-15.149181
massager	-15.149181
lorde	-15.149181
editorials	-15.149181
tassel	-15.149181
robbo	-15.149181
rumbled	-15.149181
quel	-15.149181
catarina	-15.149181
flasher	-15.149181
amass	-15.149181
imploded	-15.149181
timeframe	-15.149181
ranbir	-15.149181
jalapeno	-15.149181
sportscaster	-15.149181
zarek	-15.149181
condon	-15.149181
jiggly	-15.149181
maca	-15.149181
tolerates	-15.149181
sniffle	-15.149181
cassiopeia	-15.149181
corneas	-15.149181
hanji	-15.149181
varner	-15.149181
galicia	-15.149181
forints	-15.149181
siggy	-15.149181
ashish	-15.149181
raben	-15.149181
avant	-15.149181
goners	-15.149181
assassinating	-15.149181
viju	-15.149181
portwenn	-15.149181
klimt	-15.149181
jedediah	-15.149181
microns	-15.149181
vodkas	-15.149181
buffett	-15.149181
folksy	-15.149181
changin	-15.149181
marce	-15.149181
omelettes	-15.149181
cutesy	-15.149181
minimalist	-15.149181
oryou	-15.149181
honeydew	-15.149181
madhavan	-15.149181
keppel	-15.149181
surrealism	-15.149181
champollion	-15.149181
peterman	-15.149181
metaphysics	-15.149181
ishtar	-15.149181
burak	-15.149181
dowdy	-15.149181
shostakovich	-15.149181
unease	-15.149181
tyrion	-15.149181
conferring	-15.149181
veena	-15.149181
fuhrman	-15.149181
ajin	-15.149181
koe	-15.149181
archivist	-15.149181
wilmer	-15.149181
bluish	-15.149181
bmx	-15.149181
taters	-15.149181
dirtbags	-15.149181
alway	-15.149181
blithe	-15.149181
modi	-15.149181
crochet	-15.149181
hairstyles	-15.149181
dormitories	-15.149181
razia	-15.149181
wracked	-15.149181
selleck	-15.149181
giordino	-15.149181
bittoo	-15.149181
mobilise	-15.149181
victini	-15.149181
wheaties	-15.149181
inari	-15.149181
dibble	-15.149181
eroding	-15.149181
kovach	-15.149181
kombat	-15.149181
kirsch	-15.149181
sahiba	-15.149181
alsatian	-15.149181
animus	-15.149181
marquess	-15.149181
rigoletto	-15.149181
fronted	-15.149181
sparkler	-15.149181
sem	-15.149181
khalifa	-15.149181
capote	-15.149181
facetime	-15.149181
crozier	-15.149181
dessie	-15.149181
noogie	-15.149181
highbrow	-15.149181
twosome	-15.149181
grindr	-15.149181
drooping	-15.149181
stonewalling	-15.149181
okamoto	-15.149181
spurious	-15.149181
revelry	-15.149181
nihaal	-15.149181
wheeljack	-15.149181
onyx	-15.149181
appy	-15.154752
safa	-15.154752
glub	-15.154752
bru	-15.154752
koalas	-15.154752
emergent	-15.154752
bish	-15.154752
liveth	-15.154752
nyx	-15.154752
deadlier	-15.154752
longhorn	-15.154752
airspeed	-15.154752
theyjust	-15.154752
friendliest	-15.154752
kenshiro	-15.154752
vonda	-15.154752
ncic	-15.154752
birger	-15.154752
beeline	-15.154752
tumult	-15.154752
peaky	-15.154752
rathod	-15.154752
eagleton	-15.154752
dixieland	-15.154752
cesium	-15.154752
stoick	-15.154752
douchebags	-15.154752
shindou	-15.154752
minecraft	-15.154752
jellies	-15.154752
lawmakers	-15.154752
tailings	-15.154752
fernandes	-15.154752
pathologists	-15.154752
toge	-15.154752
darting	-15.154752
selwyn	-15.154752
cin	-15.154752
dependant	-15.154752
wiry	-15.154752
subclavian	-15.154752
mcd	-15.154752
defaced	-15.154752
aizawa	-15.154752
dente	-15.154752
venerated	-15.154752
snags	-15.154752
gorges	-15.154752
bellagio	-15.154752
shorting	-15.154752
jedikiah	-15.154752
darkies	-15.154752
asexual	-15.154752
barbecuing	-15.154752
dooby	-15.154752
hollows	-15.154752
saucepan	-15.154752
estes	-15.154752
kingly	-15.154752
precede	-15.154752
jogged	-15.154752
choon	-15.154752
absorbent	-15.154752
invests	-15.154752
marly	-15.154752
checkups	-15.154752
greasing	-15.154752
murari	-15.154752
cuervo	-15.154752
mucous	-15.154752
spreadsheets	-15.154752
danko	-15.154752
ribbentrop	-15.154752
detainment	-15.154752
lichen	-15.154752
mangle	-15.154752
moneylender	-15.154752
ious	-15.154752
thais	-15.154752
bounded	-15.154752
nimbus	-15.154752
treme	-15.154752
planters	-15.154752
layne	-15.154752
kir	-15.154752
algo	-15.154752
segawa	-15.154752
valise	-15.154752
harmonize	-15.154752
wiggum	-15.154752
orale	-15.154752
satanist	-15.154752
aglow	-15.154752
dacha	-15.154752
gestation	-15.154752
evicting	-15.154752
cancellations	-15.154752
nima	-15.154752
valente	-15.154752
nondescript	-15.154752
balle	-15.154752
pammi	-15.154752
lambeth	-15.154752
spiny	-15.154752
contrite	-15.154752
quash	-15.154752
bobble	-15.154752
bighorn	-15.154752
coddled	-15.154752
messala	-15.154752
baran	-15.154752
lisping	-15.154752
quesadilla	-15.154752
oozes	-15.154752
sacs	-15.154752
plying	-15.154752
rajjo	-15.154752
starves	-15.154752
temujin	-15.154752
domicile	-15.154752
thoroughfare	-15.154752
vil	-15.154752
compadres	-15.154752
kido	-15.154752
tottenham	-15.154752
anythin	-15.154752
gilchrist	-15.154752
miscavige	-15.154752
mestre	-15.160355
opulent	-15.160355
stache	-15.160355
hanadarko	-15.160355
youd	-15.160355
straddle	-15.160355
stoning	-15.160355
whrt	-15.160355
speculators	-15.160355
razer	-15.160355
pattie	-15.160355
trellis	-15.160355
jtp	-15.160355
nari	-15.160355
solidly	-15.160355
quai	-15.160355
belker	-15.160355
synthetics	-15.160355
youngpo	-15.160355
kusanagi	-15.160355
gyul	-15.160355
gobs	-15.160355
wristbands	-15.160355
houseguests	-15.160355
starched	-15.160355
unsullied	-15.160355
lve	-15.160355
proliferation	-15.160355
earlobes	-15.160355
weenies	-15.160355
gamby	-15.160355
oto	-15.160355
predates	-15.160355
rebecka	-15.160355
sherm	-15.160355
janitorial	-15.160355
melton	-15.160355
grabby	-15.160355
monologues	-15.160355
sugu	-15.160355
asphyxia	-15.160355
anglo	-15.160355
muskrat	-15.160355
emphasise	-15.160355
tincture	-15.160355
capa	-15.160355
loup	-15.160355
pere	-15.160355
baumann	-15.160355
belittled	-15.160355
rino	-15.160355
poorhouse	-15.160355
augmented	-15.160355
cersei	-15.160355
bandra	-15.160355
gruelling	-15.160355
wickets	-15.160355
doktor	-15.160355
agonies	-15.160355
psychically	-15.160355
additive	-15.160355
overton	-15.160355
snoot	-15.160355
overacting	-15.160355
newsworthy	-15.160355
watchdogs	-15.160355
olsson	-15.160355
madelyn	-15.160355
twiddle	-15.160355
gath	-15.160355
wawa	-15.160355
lohengrin	-15.160355
zpm	-15.160355
aba	-15.160355
tadd	-15.160355
probert	-15.160355
vetoed	-15.160355
decorators	-15.160355
endeavours	-15.160355
rhymed	-15.160355
mn	-15.160355
sone	-15.160355
troels	-15.160355
parochial	-15.160355
maples	-15.160355
kettles	-15.160355
neeson	-15.160355
carting	-15.160355
injectors	-15.160355
nri	-15.160355
verena	-15.160355
lancia	-15.160355
harps	-15.160355
tibetans	-15.160355
lucerne	-15.160355
applegate	-15.160355
questionnaires	-15.160355
singe	-15.160355
diagnoses	-15.160355
dic	-15.160355
principally	-15.160355
vespasian	-15.160355
leathery	-15.160355
kardashians	-15.160355
crimean	-15.160355
premieres	-15.160355
casks	-15.160355
recitation	-15.160355
amtrak	-15.160355
discernible	-15.160355
geishas	-15.160355
wpc	-15.160355
orchestration	-15.160355
graciela	-15.160355
croon	-15.160355
bloomberg	-15.160355
ehi	-15.160355
addis	-15.160355
anny	-15.165988
discus	-15.165988
tightest	-15.165988
squiggly	-15.165988
vyvyan	-15.165988
clotted	-15.165988
butterball	-15.165988
lewicki	-15.165988
flotsam	-15.165988
carissa	-15.165988
fidget	-15.165988
transcendence	-15.165988
kernels	-15.165988
safehouse	-15.165988
brophy	-15.165988
whitworth	-15.165988
chucks	-15.165988
gopala	-15.165988
gianluca	-15.165988
resetting	-15.165988
shuster	-15.165988
problema	-15.165988
ulster	-15.165988
spinoza	-15.165988
perspiring	-15.165988
knud	-15.165988
skewered	-15.165988
hakuna	-15.165988
teletype	-15.165988
rondo	-15.165988
amassing	-15.165988
gibb	-15.165988
ourjob	-15.165988
shropshire	-15.165988
tommorow	-15.165988
ranching	-15.165988
geranium	-15.165988
zis	-15.165988
jonno	-15.165988
kisaragi	-15.165988
username	-15.165988
brom	-15.165988
yod	-15.165988
flinching	-15.165988
noirish	-15.165988
lemming	-15.165988
pigskin	-15.165988
alloys	-15.165988
neath	-15.165988
sloop	-15.165988
constrictor	-15.165988
despairing	-15.165988
kagome	-15.165988
reuse	-15.165988
frenchies	-15.165988
yana	-15.165988
shrewsbury	-15.165988
lyell	-15.165988
mccrae	-15.165988
keng	-15.165988
schmitt	-15.165988
chandru	-15.165988
speckled	-15.165988
miscreants	-15.165988
incandescent	-15.165988
havel	-15.165988
tulsi	-15.165988
indulgences	-15.165988
rinsed	-15.165988
shapeshifter	-15.165988
colley	-15.165988
prideful	-15.165988
participates	-15.165988
hagrid	-15.165988
situ	-15.165988
seurat	-15.165988
evoked	-15.165988
blore	-15.165988
bizarrely	-15.165988
karna	-15.165988
shearing	-15.165988
johnathan	-15.165988
piak	-15.165988
chernov	-15.165988
waterford	-15.165988
mosfilm	-15.165988
supermax	-15.165988
amparo	-15.165988
nightstick	-15.165988
hofer	-15.165988
tramping	-15.165988
bayard	-15.165988
argit	-15.165988
sevilla	-15.165988
freighters	-15.165988
cosplay	-15.165988
versatility	-15.165988
jammy	-15.165988
warblers	-15.165988
venetians	-15.165988
huron	-15.165988
roti	-15.165988
johnstone	-15.165988
lnternet	-15.165988
sofi	-15.165988
belden	-15.165988
stiffen	-15.165988
pujol	-15.165988
contrasts	-15.165988
buckman	-15.165988
tuo	-15.165988
woodlands	-15.165988
herbivores	-15.165988
ingestion	-15.165988
displace	-15.165988
forsyth	-15.165988
annexed	-15.165988
egoist	-15.165988
priam	-15.165988
flanked	-15.165988
adulteress	-15.165988
disconnecting	-15.165988
gawk	-15.165988
matsushima	-15.165988
luan	-15.165988
sharat	-15.165988
thorgy	-15.165988
wouidn	-15.165988
onscreen	-15.165988
pyrotechnics	-15.165988
safeguarding	-15.165988
amenhotep	-15.165988
fixable	-15.165988
tamiya	-15.165988
mercado	-15.165988
capillaries	-15.165988
chocolat	-15.165988
hamm	-15.165988
meer	-15.165988
incantations	-15.165988
agnese	-15.165988
congenial	-15.165988
bip	-15.165988
patently	-15.165988
doot	-15.165988
lozano	-15.171654
alack	-15.171654
behaviours	-15.171654
haves	-15.171654
kozue	-15.171654
tesoro	-15.171654
tsukamoto	-15.171654
kamla	-15.171654
miliband	-15.171654
bolingbroke	-15.171654
reacquainted	-15.171654
mightily	-15.171654
fayeed	-15.171654
allegro	-15.171654
slicer	-15.171654
burbs	-15.171654
scrapings	-15.171654
ambushes	-15.171654
ensue	-15.171654
hacer	-15.171654
prendergast	-15.171654
bowlers	-15.171654
amnesiac	-15.171654
garwood	-15.171654
londoners	-15.171654
marsten	-15.171654
aligning	-15.171654
dhabi	-15.171654
mores	-15.171654
modular	-15.171654
tremblay	-15.171654
ons	-15.171654
flinched	-15.171654
searchlight	-15.171654
pliable	-15.171654
condense	-15.171654
anthropological	-15.171654
prudhoe	-15.171654
bromance	-15.171654
shamu	-15.171654
tinsley	-15.171654
chromium	-15.171654
hunh	-15.171654
figurative	-15.171654
derbyshire	-15.171654
soriano	-15.171654
tarragon	-15.171654
taran	-15.171654
lce	-15.171654
crackpots	-15.171654
poontang	-15.171654
predictive	-15.171654
budderball	-15.171654
resonant	-15.171654
transistors	-15.171654
belleville	-15.171654
seashell	-15.171654
sfpd	-15.171654
forthem	-15.171654
asuna	-15.171654
peaking	-15.171654
rickard	-15.171654
naivety	-15.171654
carleton	-15.171654
duality	-15.171654
louganis	-15.171654
hydroponic	-15.171654
didnae	-15.171654
nastier	-15.171654
spaceport	-15.171654
blazers	-15.171654
fauntleroy	-15.171654
condoning	-15.171654
onassis	-15.171654
secretion	-15.171654
whelp	-15.171654
deathtrap	-15.171654
shoplift	-15.171654
searchlights	-15.171654
duras	-15.171654
constraint	-15.171654
berate	-15.171654
debauched	-15.171654
toon	-15.171654
butane	-15.171654
nebuchadnezzar	-15.171654
yuwen	-15.171654
townshend	-15.171654
polytechnic	-15.171654
archenemy	-15.171654
reorganization	-15.171654
chartreuse	-15.171654
qt	-15.171654
entomologist	-15.171654
fudd	-15.171654
annuity	-15.171654
airbrush	-15.171654
prohibiting	-15.171654
reelected	-15.171654
classier	-15.171654
blacksmiths	-15.171654
vinton	-15.171654
plod	-15.171654
kojiro	-15.171654
scathing	-15.171654
starfighter	-15.171654
caballero	-15.171654
centrifugal	-15.171654
nightmarish	-15.171654
ngai	-15.171654
frothy	-15.171654
instrumentation	-15.171654
sectioned	-15.171654
unreadable	-15.171654
nagato	-15.171654
abberline	-15.171654
tej	-15.171654
yolo	-15.171654
lamented	-15.177352
allot	-15.177352
purty	-15.177352
pertain	-15.177352
bedpost	-15.177352
fixit	-15.177352
shinto	-15.177352
entertains	-15.177352
woefully	-15.177352
menthe	-15.177352
debussy	-15.177352
canker	-15.177352
widdle	-15.177352
affable	-15.177352
morell	-15.177352
mervyn	-15.177352
pickford	-15.177352
wickedly	-15.177352
krav	-15.177352
fullerton	-15.177352
kintaro	-15.177352
sru	-15.177352
bladders	-15.177352
witten	-15.177352
dh	-15.177352
nen	-15.177352
slitting	-15.177352
yahweh	-15.177352
machiavellian	-15.177352
bestows	-15.177352
chapin	-15.177352
roofied	-15.177352
oversleep	-15.177352
backstrom	-15.177352
dredged	-15.177352
footballs	-15.177352
bellyaching	-15.177352
costumed	-15.177352
panes	-15.177352
zandt	-15.177352
nid	-15.177352
wads	-15.177352
amano	-15.177352
sommer	-15.177352
conceiving	-15.177352
misspoke	-15.177352
haemorrhaging	-15.177352
dressy	-15.177352
oyabun	-15.177352
instigating	-15.177352
waterhole	-15.177352
evaporating	-15.177352
vibrato	-15.177352
kerim	-15.177352
efficacy	-15.177352
palomares	-15.177352
pilaf	-15.177352
oooo	-15.177352
spore	-15.177352
flavio	-15.177352
sakina	-15.177352
rote	-15.177352
yuta	-15.177352
leafs	-15.177352
bloodsucking	-15.177352
tso	-15.177352
swirly	-15.177352
imai	-15.177352
whatare	-15.177352
goodson	-15.177352
grandparent	-15.177352
jeffords	-15.177352
manicures	-15.177352
shipbuilding	-15.177352
cellmates	-15.177352
boyar	-15.177352
saleh	-15.177352
escalators	-15.177352
mab	-15.177352
lippy	-15.177352
prayin	-15.177352
kaminsky	-15.177352
eastenders	-15.177352
pissarro	-15.177352
goi	-15.177352
manhandled	-15.177352
ilaria	-15.177352
parsnip	-15.177352
thermometers	-15.177352
harbours	-15.177352
nicklas	-15.177352
hidalgo	-15.177352
rhib	-15.177352
puritanical	-15.177352
brumby	-15.177352
vlog	-15.177352
suffocates	-15.177352
dandridge	-15.177352
angiogram	-15.177352
strapless	-15.177352
xl	-15.177352
icc	-15.177352
zosia	-15.177352
defrauded	-15.177352
kojirou	-15.177352
rupali	-15.177352
thompkins	-15.177352
neighbourhoods	-15.177352
wobbles	-15.177352
crisscross	-15.177352
ner	-15.177352
phelan	-15.177352
legacies	-15.177352
rosaria	-15.177352
pixy	-15.177352
duque	-15.177352
wog	-15.177352
luminol	-15.177352
tics	-15.177352
racehorses	-15.177352
arlena	-15.177352
benvolio	-15.177352
overshot	-15.177352
herders	-15.177352
needto	-15.177352
minuscule	-15.177352
deviants	-15.177352
disheveled	-15.177352
eradication	-15.183083
golding	-15.183083
oftime	-15.183083
rapido	-15.183083
vere	-15.183083
yasha	-15.183083
tumbles	-15.183083
swarthy	-15.183083
gorgonzola	-15.183083
aiyo	-15.183083
barreling	-15.183083
whateveryou	-15.183083
keeled	-15.183083
dribbles	-15.183083
spittin	-15.183083
climatic	-15.183083
gumshoe	-15.183083
aphasia	-15.183083
paunch	-15.183083
resided	-15.183083
greely	-15.183083
bagger	-15.183083
wasim	-15.183083
reve	-15.183083
sohn	-15.183083
squelch	-15.183083
susu	-15.183083
bungling	-15.183083
impressionism	-15.183083
kazu	-15.183083
conk	-15.183083
hahahaha	-15.183083
fagan	-15.183083
ard	-15.183083
excellently	-15.183083
rosalinda	-15.183083
microorganisms	-15.183083
prompter	-15.183083
amex	-15.183083
abbreviation	-15.183083
cancan	-15.183083
torvald	-15.183083
accountancy	-15.183083
raindrop	-15.183083
phonebook	-15.183083
loofah	-15.183083
studebaker	-15.183083
exude	-15.183083
boink	-15.183083
neuter	-15.183083
gizzard	-15.183083
pelosi	-15.183083
lafite	-15.183083
mur	-15.183083
widmore	-15.183083
revisited	-15.183083
hrt	-15.183083
holl	-15.183083
emre	-15.183083
omnibus	-15.183083
exhilaration	-15.183083
kleptomaniac	-15.183083
chomps	-15.183083
alkaline	-15.183083
torrey	-15.183083
anabel	-15.183083
lieber	-15.183083
sawaki	-15.183083
scopolamine	-15.183083
osten	-15.183083
broncos	-15.183083
categorize	-15.183083
neurotoxin	-15.183083
oddity	-15.183083
ashwini	-15.183083
stuckey	-15.183083
darian	-15.183083
overthrowing	-15.183083
kif	-15.183083
jogs	-15.183083
milla	-15.183083
boastful	-15.183083
swatches	-15.183083
hojo	-15.183083
lothar	-15.183083
artois	-15.183083
bex	-15.183083
kannan	-15.183083
ofwhat	-15.183083
bhaiyya	-15.183083
vincey	-15.183083
yugoslavian	-15.183083
synopsis	-15.183083
depots	-15.183083
spassky	-15.183083
jain	-15.183083
transpo	-15.183083
maleficent	-15.183083
extraneous	-15.183083
diogo	-15.183083
royston	-15.183083
augment	-15.183083
repatriation	-15.183083
overtures	-15.183083
phoenician	-15.183083
blighted	-15.183083
repopulate	-15.183083
flyboy	-15.183083
morin	-15.183083
heitor	-15.183083
probative	-15.183083
mughal	-15.183083
friendliness	-15.183083
weems	-15.183083
toti	-15.183083
sugita	-15.183083
zarkon	-15.183083
lesbos	-15.183083
kingsbridge	-15.183083
dyle	-15.183083
interlocking	-15.183083
resound	-15.183083
gagnon	-15.183083
timepiece	-15.183083
oppressing	-15.188846
fairgrounds	-15.188846
tiers	-15.188846
thattaboy	-15.188846
scalpels	-15.188846
wrongdoings	-15.188846
hayek	-15.188846
trang	-15.188846
stashing	-15.188846
aarav	-15.188846
lucci	-15.188846
torquay	-15.188846
groat	-15.188846
charo	-15.188846
glazing	-15.188846
lodi	-15.188846
zany	-15.188846
tuft	-15.188846
mulling	-15.188846
poldi	-15.188846
preparedness	-15.188846
feli	-15.188846
bootlegging	-15.188846
elysium	-15.188846
knowthe	-15.188846
grosvenor	-15.188846
bullfrog	-15.188846
tinge	-15.188846
neruda	-15.188846
heared	-15.188846
fuckwit	-15.188846
shizuo	-15.188846
dmz	-15.188846
inspite	-15.188846
olmedo	-15.188846
compactor	-15.188846
menzies	-15.188846
voicemails	-15.188846
yarmulke	-15.188846
oom	-15.188846
uriah	-15.188846
beachhead	-15.188846
touma	-15.188846
insofar	-15.188846
dodson	-15.188846
gdp	-15.188846
genaro	-15.188846
xiaoyi	-15.188846
licences	-15.188846
steamers	-15.188846
subjecting	-15.188846
artworks	-15.188846
scheherazade	-15.188846
asu	-15.188846
azaleas	-15.188846
interrogators	-15.188846
overthrew	-15.188846
motherboard	-15.188846
flim	-15.188846
thawing	-15.188846
nerv	-15.188846
yesterdays	-15.188846
jesu	-15.188846
leant	-15.188846
jellicle	-15.188846
creel	-15.188846
moneypenny	-15.188846
broiled	-15.188846
unknowable	-15.188846
malawi	-15.188846
zoological	-15.188846
lechery	-15.188846
prominently	-15.188846
lamentable	-15.188846
maksim	-15.188846
lawyering	-15.188846
suga	-15.188846
contemptuous	-15.188846
colter	-15.188846
mariska	-15.188846
arvo	-15.188846
splattering	-15.188846
bayram	-15.188846
babysat	-15.188846
beatnik	-15.188846
nowyou	-15.188846
modigliani	-15.188846
deformities	-15.188846
napoleonic	-15.188846
gallup	-15.188846
arav	-15.188846
tantalising	-15.188846
heartaches	-15.188846
dispossessed	-15.188846
jellybeans	-15.188846
charlottesville	-15.188846
condenser	-15.188846
lindberg	-15.188846
shephard	-15.188846
redesigned	-15.188846
orkney	-15.188846
kalyan	-15.188846
quietest	-15.188846
adaptability	-15.188846
jut	-15.188846
suu	-15.188846
larks	-15.188846
delos	-15.188846
fishnet	-15.188846
nutella	-15.188846
downgraded	-15.188846
altars	-15.188846
giuliani	-15.188846
belli	-15.188846
hildegard	-15.188846
coughlin	-15.188846
permanence	-15.188846
betide	-15.188846
shamar	-15.188846
rewinds	-15.188846
bratislava	-15.188846
threaded	-15.188846
px	-15.188846
gondo	-15.188846
nyada	-15.188846
rammer	-15.188846
jewess	-15.188846
searchers	-15.188846
koontz	-15.188846
nagavalli	-15.188846
pattaya	-15.194644
bismillah	-15.194644
frocks	-15.194644
paterno	-15.194644
arsene	-15.194644
hammett	-15.194644
kinsella	-15.194644
hebrides	-15.194644
sacko	-15.194644
uprisings	-15.194644
snowplow	-15.194644
thessaloniki	-15.194644
birdseed	-15.194644
szabo	-15.194644
hitoshi	-15.194644
inhumanity	-15.194644
roasts	-15.194644
crunched	-15.194644
scobie	-15.194644
southpaw	-15.194644
eeyo	-15.194644
liebe	-15.194644
linde	-15.194644
jellybean	-15.194644
academies	-15.194644
laborious	-15.194644
lifesaving	-15.194644
waya	-15.194644
witching	-15.194644
nosedive	-15.194644
harshness	-15.194644
tigre	-15.194644
fosse	-15.194644
quads	-15.194644
negra	-15.194644
tibi	-15.194644
sixers	-15.194644
yangjung	-15.194644
hypothermic	-15.194644
malka	-15.194644
partials	-15.194644
humiliations	-15.194644
jibun	-15.194644
xiaoyu	-15.194644
lincolnshire	-15.194644
autobahn	-15.194644
tulley	-15.194644
pease	-15.194644
headpiece	-15.194644
subjugated	-15.194644
seiko	-15.194644
renner	-15.194644
cosmological	-15.194644
buttonhole	-15.194644
zoloft	-15.194644
crossfit	-15.194644
graziano	-15.194644
bossed	-15.194644
dynasties	-15.194644
hinduism	-15.194644
orgasmic	-15.194644
theandromeda	-15.194644
resonating	-15.194644
dulled	-15.194644
revenged	-15.194644
grabber	-15.194644
bogeys	-15.194644
quincey	-15.194644
emotionless	-15.194644
flitting	-15.194644
wafting	-15.194644
ska	-15.194644
maarten	-15.194644
outfield	-15.194644
nassar	-15.194644
catalano	-15.194644
yulia	-15.194644
kuzmich	-15.194644
artemus	-15.194644
artisanal	-15.194644
fontainebleau	-15.194644
cavorting	-15.194644
akai	-15.194644
biometrics	-15.194644
uppsala	-15.194644
lavery	-15.194644
morphing	-15.194644
fermentation	-15.194644
paisa	-15.194644
frits	-15.194644
plaintive	-15.194644
ophthalmologist	-15.194644
beckoned	-15.194644
hanyang	-15.194644
inaction	-15.194644
prager	-15.194644
faggy	-15.194644
thespian	-15.194644
flickers	-15.194644
glick	-15.194644
funfair	-15.194644
computation	-15.194644
fagot	-15.194644
cumulative	-15.194644
racoon	-15.194644
waterhouse	-15.194644
tobacconist	-15.194644
porsches	-15.194644
teenie	-15.194644
mehdi	-15.194644
dado	-15.194644
suru	-15.194644
medicate	-15.194644
grunwald	-15.194644
phosphorous	-15.194644
adhered	-15.194644
sufi	-15.194644
pigpen	-15.194644
baldev	-15.194644
undaunted	-15.194644
gleaned	-15.194644
egging	-15.194644
humiliates	-15.194644
pix	-15.194644
liquored	-15.194644
ume	-15.194644
syndicates	-15.194644
belphegor	-15.194644
egocentric	-15.194644
standout	-15.194644
barbs	-15.194644
shivas	-15.194644
riles	-15.194644
seedling	-15.194644
lov	-15.194644
cuando	-15.194644
narasimha	-15.194644
joubert	-15.194644
bloop	-15.194644
summa	-15.194644
overqualified	-15.194644
comprise	-15.194644
defne	-15.194644
flange	-15.194644
erode	-15.194644
guddi	-15.194644
usda	-15.194644
parishioner	-15.194644
dreadnought	-15.194644
perce	-15.194644
jarndyce	-15.200475
lucidity	-15.200475
sanson	-15.200475
kierkegaard	-15.200475
tuitions	-15.200475
ingots	-15.200475
binders	-15.200475
seaplane	-15.200475
kaul	-15.200475
claptrap	-15.200475
nikolay	-15.200475
leathers	-15.200475
anarkali	-15.200475
lookalike	-15.200475
yaw	-15.200475
cabron	-15.200475
physiotherapy	-15.200475
dour	-15.200475
pucci	-15.200475
wrenched	-15.200475
maz	-15.200475
torching	-15.200475
okie	-15.200475
leandro	-15.200475
skeffington	-15.200475
fincher	-15.200475
fukuda	-15.200475
livable	-15.200475
menorah	-15.200475
confidences	-15.200475
cursory	-15.200475
congestive	-15.200475
noooooo	-15.200475
skyrocketed	-15.200475
interred	-15.200475
compressing	-15.200475
trajectories	-15.200475
deluding	-15.200475
manuelo	-15.200475
catched	-15.200475
rehash	-15.200475
pickwick	-15.200475
preconceptions	-15.200475
opposable	-15.200475
engrave	-15.200475
sediments	-15.200475
monopolize	-15.200475
peeta	-15.200475
asim	-15.200475
consonants	-15.200475
daniken	-15.200475
amphora	-15.200475
visualizing	-15.200475
nco	-15.200475
eurasian	-15.200475
igarashi	-15.200475
moai	-15.200475
integrating	-15.200475
fizzle	-15.200475
singham	-15.200475
bronzed	-15.200475
hocked	-15.200475
marianas	-15.200475
swerving	-15.200475
mulrooney	-15.200475
fraiser	-15.200475
fet	-15.200475
paler	-15.200475
matterhorn	-15.200475
nametag	-15.200475
maroni	-15.200475
garrido	-15.200475
shiho	-15.200475
tolson	-15.200475
indoctrination	-15.200475
dobbin	-15.200475
quickens	-15.200475
jamestown	-15.200475
unskilled	-15.200475
seaport	-15.200475
idealized	-15.200475
undergoes	-15.200475
hornstock	-15.200475
liquefied	-15.200475
gunga	-15.200475
nightshirt	-15.200475
burbuja	-15.200475
ayanami	-15.200475
glassware	-15.200475
whys	-15.200475
repressing	-15.200475
wealthier	-15.200475
orbiter	-15.200475
istvan	-15.200475
militarily	-15.200475
cluny	-15.200475
stina	-15.200475
lapped	-15.200475
kindled	-15.200475
harakiri	-15.200475
falconetti	-15.200475
worrier	-15.200475
propositions	-15.200475
heavies	-15.200475
rotisserie	-15.200475
roseanna	-15.200475
cuesta	-15.200475
kuki	-15.200475
uhn	-15.200475
jealously	-15.200475
furnishing	-15.200475
impurity	-15.200475
bassoon	-15.200475
thwack	-15.200475
petitioning	-15.200475
northman	-15.200475
udders	-15.200475
droppin	-15.200475
whaler	-15.200475
gornt	-15.200475
rekindled	-15.200475
pastis	-15.200475
hmmph	-15.200475
heartthrob	-15.200475
minato	-15.200475
brynn	-15.206340
buffers	-15.206340
afew	-15.206340
marchese	-15.206340
deegan	-15.206340
inhabitant	-15.206340
airtime	-15.206340
uli	-15.206340
brunhilde	-15.206340
iyer	-15.206340
treetop	-15.206340
potters	-15.206340
lockheed	-15.206340
buggery	-15.206340
yr	-15.206340
clovers	-15.206340
reimbursement	-15.206340
ballu	-15.206340
curia	-15.206340
cubicles	-15.206340
dimitris	-15.206340
counterclockwise	-15.206340
excommunication	-15.206340
fissures	-15.206340
regenerative	-15.206340
hussars	-15.206340
lichtenstein	-15.206340
wining	-15.206340
angy	-15.206340
earlobe	-15.206340
snakeskin	-15.206340
biatch	-15.206340
overtly	-15.206340
youn	-15.206340
roadway	-15.206340
engravings	-15.206340
smartness	-15.206340
kenton	-15.206340
rushworth	-15.206340
vaishali	-15.206340
faustus	-15.206340
embezzler	-15.206340
ballin	-15.206340
ifield	-15.206340
tort	-15.206340
unsecured	-15.206340
archived	-15.206340
ods	-15.206340
quito	-15.206340
fiore	-15.206340
kurita	-15.206340
marauding	-15.206340
furrow	-15.206340
liechtenstein	-15.206340
molehill	-15.206340
valter	-15.206340
blitzed	-15.206340
overpopulation	-15.206340
depressions	-15.206340
wiki	-15.206340
syed	-15.206340
spinnin	-15.206340
iliad	-15.206340
electromagnetism	-15.206340
caius	-15.206340
chhotu	-15.206340
chagas	-15.206340
conni	-15.206340
memorised	-15.206340
dvorak	-15.206340
pani	-15.206340
sindhu	-15.206340
kash	-15.206340
jessop	-15.206340
fracas	-15.206340
yabe	-15.206340
wilf	-15.206340
peritta	-15.206340
sabes	-15.206340
kisha	-15.206340
walken	-15.206340
jaggery	-15.206340
wheal	-15.206340
vx	-15.206340
hirayama	-15.206340
waked	-15.206340
lattice	-15.206340
elissa	-15.206340
dcs	-15.206340
sprechen	-15.206340
adri	-15.206340
mcmann	-15.206340
danby	-15.206340
wherewithal	-15.206340
ageless	-15.206340
cuties	-15.206340
louella	-15.206340
wiretapping	-15.206340
pst	-15.206340
campari	-15.206340
wiggy	-15.206340
bosse	-15.206340
parolees	-15.206340
railly	-15.206340
asad	-15.206340
emmie	-15.206340
piu	-15.206340
pietje	-15.206340
blowhole	-15.206340
divisive	-15.206340
gummer	-15.206340
aikawa	-15.206340
marais	-15.206340
otsuka	-15.206340
vid	-15.206340
pinochle	-15.206340
pompadour	-15.206340
attendees	-15.206340
tropicana	-15.206340
lakeshore	-15.206340
brantley	-15.206340
babylonians	-15.206340
paquita	-15.206340
tutelage	-15.206340
aihara	-15.206340
aromatherapy	-15.206340
meechum	-15.206340
erling	-15.206340
undertow	-15.206340
boykewich	-15.206340
wiseguy	-15.206340
razzle	-15.206340
mentored	-15.206340
cairns	-15.206340
waded	-15.206340
gaydar	-15.206340
rayne	-15.206340
mainsail	-15.206340
nonviolence	-15.206340
colostomy	-15.206340
bizzy	-15.206340
screenplays	-15.206340
creeks	-15.206340
pyjama	-15.206340
hsing	-15.206340
yorick	-15.212239
sheehan	-15.212239
farfetched	-15.212239
kenyan	-15.212239
noma	-15.212239
speeded	-15.212239
whereof	-15.212239
desoto	-15.212239
patchouli	-15.212239
knobhead	-15.212239
vico	-15.212239
refocus	-15.212239
beej	-15.212239
bier	-15.212239
snufkin	-15.212239
boylan	-15.212239
cham	-15.212239
huw	-15.212239
hardwicke	-15.212239
ingrates	-15.212239
monkfish	-15.212239
skirting	-15.212239
dalrymple	-15.212239
okano	-15.212239
smoothest	-15.212239
welt	-15.212239
tumours	-15.212239
subbed	-15.212239
islamist	-15.212239
compensations	-15.212239
cpt	-15.212239
attractiveness	-15.212239
orthodoxy	-15.212239
bergdorf	-15.212239
phosphate	-15.212239
purim	-15.212239
livvie	-15.212239
culled	-15.212239
amun	-15.212239
tightness	-15.212239
dint	-15.212239
neater	-15.212239
geir	-15.212239
mitochondrial	-15.212239
euston	-15.212239
bassist	-15.212239
filibuster	-15.212239
wrangling	-15.212239
salgado	-15.212239
sterility	-15.212239
shinwell	-15.212239
sawant	-15.212239
finchley	-15.212239
celebs	-15.212239
dembe	-15.212239
provocateur	-15.212239
cirinna	-15.212239
solver	-15.212239
shizuku	-15.212239
nisse	-15.212239
vassili	-15.212239
doubtfire	-15.212239
daan	-15.212239
panditji	-15.212239
periwinkle	-15.212239
asserted	-15.212239
mase	-15.212239
izumo	-15.212239
splicing	-15.212239
rasp	-15.212239
visualise	-15.212239
hallow	-15.212239
khai	-15.212239
vincente	-15.212239
querida	-15.212239
decrypted	-15.212239
mintz	-15.212239
orbison	-15.212239
eby	-15.212239
lumberjacks	-15.212239
steelers	-15.212239
redial	-15.212239
quieten	-15.212239
disobeys	-15.212239
amply	-15.212239
heatwave	-15.212239
datsun	-15.212239
edits	-15.212239
unappealing	-15.212239
skydiver	-15.212239
frivolity	-15.212239
wonton	-15.212239
jarro	-15.212239
subscribed	-15.212239
pronoun	-15.212239
ngan	-15.212239
promos	-15.212239
tyne	-15.212239
cra	-15.212239
transplantation	-15.212239
oratory	-15.212239
handstand	-15.212239
goten	-15.212239
moulded	-15.212239
saitama	-15.212239
frequents	-15.212239
hospitalised	-15.212239
switcheroo	-15.212239
languish	-15.212239
kak	-15.212239
ryosuke	-15.212239
corelli	-15.212239
etchings	-15.212239
koz	-15.212239
etty	-15.212239
whittling	-15.212239
tach	-15.212239
stormfly	-15.212239
rhinestones	-15.212239
centralized	-15.212239
comped	-15.212239
loath	-15.212239
fiddled	-15.212239
bellefleur	-15.212239
riyadh	-15.212239
machinations	-15.212239
villeneuve	-15.212239
dander	-15.212239
galvanized	-15.212239
tarred	-15.212239
rawdon	-15.212239
dominos	-15.212239
manganese	-15.212239
fragrances	-15.212239
mangroves	-15.212239
iku	-15.212239
sarina	-15.212239
ern	-15.212239
lovelorn	-15.212239
pimento	-15.212239
sayu	-15.212239
tamayo	-15.212239
hippodrome	-15.212239
hirata	-15.218174
hiruma	-15.218174
chancery	-15.218174
joji	-15.218174
yuntabal	-15.218174
flophouse	-15.218174
julieta	-15.218174
viviana	-15.218174
reprieved	-15.218174
starin	-15.218174
anemone	-15.218174
lassen	-15.218174
apostolic	-15.218174
miserly	-15.218174
qatar	-15.218174
banshees	-15.218174
chaperon	-15.218174
hostels	-15.218174
candi	-15.218174
curare	-15.218174
jal	-15.218174
ruan	-15.218174
rasa	-15.218174
soundwave	-15.218174
domains	-15.218174
jastrow	-15.218174
columbian	-15.218174
usury	-15.218174
ahana	-15.218174
oxnard	-15.218174
showoff	-15.218174
pezzini	-15.218174
whyte	-15.218174
paedophiles	-15.218174
vallarta	-15.218174
guffawing	-15.218174
frantz	-15.218174
burkett	-15.218174
pithy	-15.218174
chamois	-15.218174
usagi	-15.218174
stretchy	-15.218174
zoologist	-15.218174
pericardium	-15.218174
skoda	-15.218174
seaworthy	-15.218174
iwaki	-15.218174
thingie	-15.218174
falmouth	-15.218174
pineal	-15.218174
wilts	-15.218174
ikebukuro	-15.218174
emme	-15.218174
discusses	-15.218174
moldavia	-15.218174
parentheses	-15.218174
anthropologists	-15.218174
hamoudi	-15.218174
madero	-15.218174
unconnected	-15.218174
shilpa	-15.218174
rodders	-15.218174
solveig	-15.218174
umar	-15.218174
marlborough	-15.218174
reacher	-15.218174
tiggers	-15.218174
aol	-15.218174
muhammed	-15.218174
haveyou	-15.218174
skitter	-15.218174
pronouns	-15.218174
congeniality	-15.218174
chiyoko	-15.218174
brandeis	-15.218174
lukey	-15.218174
giardello	-15.218174
fett	-15.218174
hie	-15.218174
phan	-15.218174
potentials	-15.218174
baracus	-15.218174
expend	-15.218174
ventriloquism	-15.218174
shortbread	-15.218174
savaii	-15.218174
euphrates	-15.218174
canto	-15.218174
sethi	-15.218174
wilsons	-15.218174
drea	-15.218174
grenouille	-15.218174
millimetres	-15.218174
mimmo	-15.218174
readjust	-15.218174
proffer	-15.218174
koothrappali	-15.218174
capsize	-15.218174
salacious	-15.218174
usd	-15.218174
backyards	-15.218174
evos	-15.218174
eamonn	-15.218174
brandies	-15.218174
meehan	-15.218174
grizz	-15.218174
bracknell	-15.218174
vette	-15.218174
swamiji	-15.218174
cocoons	-15.218174
velvety	-15.218174
arghh	-15.218174
fredrick	-15.218174
caledonia	-15.218174
scamper	-15.218174
anathema	-15.218174
carpaccio	-15.218174
riesling	-15.218174
stuyvesant	-15.218174
noora	-15.218174
reichsfuhrer	-15.218174
weng	-15.218174
argent	-15.218174
shekhawat	-15.224144
daiquiris	-15.224144
anette	-15.224144
marigny	-15.224144
scoping	-15.224144
anbu	-15.224144
antagonism	-15.224144
ranged	-15.224144
copyrighted	-15.224144
hittite	-15.224144
aborting	-15.224144
ieds	-15.224144
deplore	-15.224144
inexorably	-15.224144
kirstie	-15.224144
downy	-15.224144
dono	-15.224144
enslavement	-15.224144
darwinism	-15.224144
yellin	-15.224144
inconsistency	-15.224144
odorless	-15.224144
faxing	-15.224144
emigrants	-15.224144
rachmaninoff	-15.224144
frohike	-15.224144
clenching	-15.224144
flasks	-15.224144
hyperbole	-15.224144
heckler	-15.224144
lollypop	-15.224144
virge	-15.224144
jaridians	-15.224144
francais	-15.224144
timelines	-15.224144
heaviness	-15.224144
bookseller	-15.224144
frighteningly	-15.224144
rossetti	-15.224144
shizuma	-15.224144
precipitate	-15.224144
fievel	-15.224144
sharath	-15.224144
indeterminate	-15.224144
psychobabble	-15.224144
shouldnt	-15.224144
marvelously	-15.224144
izmir	-15.224144
jef	-15.224144
acreage	-15.224144
mujinju	-15.224144
andrade	-15.224144
shadowhunter	-15.224144
shum	-15.224144
executes	-15.224144
distancing	-15.224144
hitmen	-15.224144
okabe	-15.224144
sainthood	-15.224144
samovar	-15.224144
sugarplum	-15.224144
naonka	-15.224144
forfeiture	-15.224144
uptake	-15.224144
morbidly	-15.224144
anthea	-15.224144
jinlun	-15.224144
grafting	-15.224144
slags	-15.224144
chaddha	-15.224144
personification	-15.224144
constancy	-15.224144
sequential	-15.224144
acetylene	-15.224144
reuven	-15.224144
lineman	-15.224144
harlon	-15.224144
snively	-15.224144
barris	-15.224144
liquidity	-15.224144
puerta	-15.224144
decanter	-15.224144
countered	-15.224144
palomino	-15.224144
hypotenuse	-15.224144
shanxi	-15.224144
marksmen	-15.224144
dengue	-15.224144
nigar	-15.224144
numbering	-15.224144
utica	-15.224144
watari	-15.224144
lubrication	-15.224144
seahawk	-15.224144
industrialized	-15.224144
mammogram	-15.224144
unshakable	-15.224144
boyars	-15.224144
tulle	-15.224144
cessation	-15.224144
ceviche	-15.224144
crumple	-15.224144
filaments	-15.224144
respondent	-15.224144
ceaseless	-15.224144
gizmoduck	-15.224144
twang	-15.224144
lucho	-15.224144
wardroom	-15.224144
fulham	-15.224144
geta	-15.224144
deputized	-15.224144
deandre	-15.224144
excepted	-15.224144
pliny	-15.224144
iow	-15.224144
desna	-15.224144
nige	-15.224144
stencil	-15.224144
rotator	-15.224144
dorinda	-15.224144
highsmith	-15.224144
banku	-15.224144
memorials	-15.224144
cawdor	-15.224144
norval	-15.224144
hazelwood	-15.224144
embittered	-15.224144
wirt	-15.230150
saban	-15.230150
baseballs	-15.230150
howards	-15.230150
skelton	-15.230150
scalping	-15.230150
convening	-15.230150
nitrates	-15.230150
vivan	-15.230150
menendez	-15.230150
kazuhiko	-15.230150
rejoined	-15.230150
reams	-15.230150
copulate	-15.230150
handoff	-15.230150
zamboni	-15.230150
mcrae	-15.230150
conjures	-15.230150
parapet	-15.230150
appropriation	-15.230150
pulleys	-15.230150
flashpoint	-15.230150
woodbury	-15.230150
slurry	-15.230150
haben	-15.230150
overwatch	-15.230150
draga	-15.230150
atsuko	-15.230150
tiago	-15.230150
gyroscope	-15.230150
zapatera	-15.230150
prefrontal	-15.230150
bahar	-15.230150
docker	-15.230150
lafleur	-15.230150
kotoba	-15.230150
rigidity	-15.230150
harun	-15.230150
effusion	-15.230150
mariam	-15.230150
martens	-15.230150
concussed	-15.230150
locomotives	-15.230150
flossie	-15.230150
afteryou	-15.230150
venky	-15.230150
balderdash	-15.230150
complying	-15.230150
rukia	-15.230150
rework	-15.230150
skied	-15.230150
macaroon	-15.230150
blipping	-15.230150
tactically	-15.230150
acl	-15.230150
seperate	-15.230150
klepto	-15.230150
misconstrued	-15.230150
basalt	-15.230150
macfarlane	-15.230150
inclinations	-15.230150
footlocker	-15.230150
capella	-15.230150
nuno	-15.230150
backstabber	-15.230150
toting	-15.230150
gelding	-15.230150
distributes	-15.230150
pawel	-15.230150
osprey	-15.230150
sandstrom	-15.230150
shizuru	-15.230150
andonof	-15.230150
stargazer	-15.230150
exasperating	-15.230150
calisthenics	-15.230150
benadryl	-15.230150
banality	-15.230150
comely	-15.230150
irises	-15.230150
poitiers	-15.230150
landslides	-15.230150
lulled	-15.230150
interning	-15.230150
silla	-15.230150
abstraction	-15.230150
quirt	-15.230150
hooke	-15.230150
loosens	-15.230150
gunboat	-15.230150
savile	-15.230150
scrolling	-15.230150
kiryu	-15.230150
alaykum	-15.230150
ruination	-15.230150
grenoble	-15.230150
stiffer	-15.230150
bootleggers	-15.230150
ficus	-15.230150
sweatin	-15.230150
lannisters	-15.230150
stemming	-15.230150
franta	-15.230150
disapproves	-15.230150
shere	-15.230150
pikes	-15.230150
vlasta	-15.230150
legitimize	-15.230150
dilate	-15.230150
matrices	-15.230150
needful	-15.230150
disembarked	-15.230150
nou	-15.230150
hexenbiest	-15.230150
sanding	-15.230150
entertainments	-15.230150
mywife	-15.230150
fritzi	-15.230150
amalfi	-15.230150
uglies	-15.230150
mayuri	-15.230150
hutu	-15.230150
asi	-15.230150
jubilation	-15.236193
mckeever	-15.236193
vez	-15.236193
semis	-15.236193
skelter	-15.236193
meteoric	-15.236193
coaxing	-15.236193
lockout	-15.236193
takuto	-15.236193
sammie	-15.236193
farik	-15.236193
kishida	-15.236193
sickos	-15.236193
backhoe	-15.236193
blushes	-15.236193
gisburne	-15.236193
animator	-15.236193
glutes	-15.236193
polynesia	-15.236193
pupkin	-15.236193
symphonies	-15.236193
tane	-15.236193
louts	-15.236193
itsy	-15.236193
charcot	-15.236193
paolino	-15.236193
kor	-15.236193
samcro	-15.236193
turnstile	-15.236193
ardor	-15.236193
matchup	-15.236193
swatting	-15.236193
convicting	-15.236193
winfrey	-15.236193
alyona	-15.236193
burk	-15.236193
strikingly	-15.236193
marchers	-15.236193
supernovas	-15.236193
stranglehold	-15.236193
mosul	-15.236193
stepladder	-15.236193
rechecked	-15.236193
elevating	-15.236193
testimonials	-15.236193
hus	-15.236193
dayna	-15.236193
talismans	-15.236193
seasickness	-15.236193
volm	-15.236193
tempts	-15.236193
kagami	-15.236193
jarle	-15.236193
proctologist	-15.236193
extractor	-15.236193
ahmadi	-15.236193
untying	-15.236193
hoofs	-15.236193
mitigation	-15.236193
layaway	-15.236193
shreya	-15.236193
phnom	-15.236193
yourfriend	-15.236193
inhibition	-15.236193
wholesalers	-15.236193
coronal	-15.236193
macha	-15.236193
optimization	-15.236193
bisbee	-15.236193
strongarm	-15.236193
parachuting	-15.236193
abut	-15.236193
isabela	-15.236193
padilla	-15.236193
flaubert	-15.236193
matson	-15.236193
rorschach	-15.236193
yami	-15.236193
savoury	-15.236193
implicates	-15.236193
noteworthy	-15.236193
nox	-15.236193
lagertha	-15.236193
emanuelle	-15.236193
reformers	-15.236193
raisa	-15.236193
intendant	-15.236193
vaccinate	-15.236193
lipsticks	-15.236193
whalen	-15.236193
portrays	-15.236193
tracheotomy	-15.236193
incan	-15.236193
blume	-15.236193
rikard	-15.236193
mathai	-15.236193
blackballed	-15.236193
untalented	-15.236193
savio	-15.236193
reverie	-15.236193
winehouse	-15.236193
menachem	-15.236193
tgs	-15.236193
freshening	-15.236193
sagara	-15.236193
ayhan	-15.236193
subjugate	-15.236193
nogales	-15.236193
jaridian	-15.236193
peop	-15.236193
devo	-15.236193
tipton	-15.236193
sadists	-15.236193
ferrous	-15.236193
yesteryear	-15.236193
sharpens	-15.236193
joyriding	-15.236193
colorblind	-15.236193
boffin	-15.236193
humoring	-15.236193
baddies	-15.236193
giblets	-15.236193
vorenus	-15.236193
deandra	-15.236193
vanities	-15.236193
kalashnikov	-15.236193
calamities	-15.236193
gangbusters	-15.236193
gulab	-15.236193
bodywork	-15.236193
raji	-15.236193
hino	-15.236193
mousey	-15.236193
intricacies	-15.236193
locus	-15.236193
haneda	-15.236193
elms	-15.236193
sweetums	-15.236193
workspace	-15.236193
emmit	-15.236193
watermark	-15.236193
steerage	-15.236193
tamiko	-15.236193
battista	-15.236193
kronk	-15.236193
icac	-15.236193
pasqualino	-15.236193
hotpot	-15.236193
plantain	-15.242272
oogie	-15.242272
goldfarb	-15.242272
tremayne	-15.242272
helpings	-15.242272
gaffigan	-15.242272
saplings	-15.242272
slouching	-15.242272
ometepe	-15.242272
cede	-15.242272
shapeless	-15.242272
orchestrating	-15.242272
shakuntala	-15.242272
malu	-15.242272
gorski	-15.242272
clincher	-15.242272
eggy	-15.242272
warble	-15.242272
summing	-15.242272
algonquin	-15.242272
pinker	-15.242272
raah	-15.242272
cloistered	-15.242272
pca	-15.242272
chegwidden	-15.242272
reticent	-15.242272
semiautomatic	-15.242272
contortionist	-15.242272
eliminations	-15.242272
clavo	-15.242272
suppository	-15.242272
revisiting	-15.242272
enceladus	-15.242272
bonaventure	-15.242272
assent	-15.242272
acker	-15.242272
painlessly	-15.242272
leapfrog	-15.242272
franciscan	-15.242272
nc	-15.242272
gk	-15.242272
closures	-15.242272
inglewood	-15.242272
regress	-15.242272
incalculable	-15.242272
zucker	-15.242272
genial	-15.242272
shikha	-15.242272
virginian	-15.242272
stratagem	-15.242272
tunney	-15.242272
rhe	-15.242272
chopstick	-15.242272
dunkin	-15.242272
honza	-15.242272
rearden	-15.242272
refurbished	-15.242272
gape	-15.242272
shoud	-15.242272
ravish	-15.242272
madigan	-15.242272
paypal	-15.242272
drazen	-15.242272
orm	-15.242272
pecans	-15.242272
lenora	-15.242272
gangplank	-15.242272
diggy	-15.242272
saijo	-15.242272
meditative	-15.242272
buchman	-15.242272
christmassy	-15.242272
haydn	-15.242272
sacco	-15.242272
riaz	-15.242272
janvier	-15.242272
plows	-15.242272
rebate	-15.242272
sippin	-15.242272
peons	-15.242272
resynced	-15.242272
aver	-15.242272
iman	-15.242272
jihadists	-15.242272
oohs	-15.242272
overrides	-15.242272
gautier	-15.242272
kirkpatrick	-15.242272
belittling	-15.242272
fri	-15.242272
eto	-15.242272
reintroduce	-15.242272
morg	-15.242272
greggs	-15.242272
holier	-15.242272
steen	-15.242272
spittle	-15.242272
countermeasure	-15.242272
maar	-15.242272
koryn	-15.242272
babli	-15.242272
forges	-15.242272
takeru	-15.242272
longworth	-15.242272
aftershock	-15.242272
coefficient	-15.242272
appraise	-15.242272
aja	-15.242272
crain	-15.242272
kida	-15.242272
aristide	-15.242272
reformer	-15.242272
grossest	-15.242272
osteoporosis	-15.242272
felonious	-15.242272
sharpness	-15.242272
resuscitated	-15.242272
urals	-15.242272
pasties	-15.242272
nuanced	-15.242272
rebellions	-15.242272
windward	-15.242272
feckless	-15.242272
ballinger	-15.242272
servalan	-15.242272
facilitator	-15.242272
concerted	-15.242272
kujo	-15.242272
scarecrows	-15.242272
ectoplasm	-15.242272
cairn	-15.242272
recruiters	-15.248388
ayres	-15.248388
storytellers	-15.248388
neb	-15.248388
doofenshmirtz	-15.248388
mirren	-15.248388
burris	-15.248388
sheepskin	-15.248388
wetback	-15.248388
depositors	-15.248388
toth	-15.248388
herbalist	-15.248388
valparaiso	-15.248388
grisham	-15.248388
ruzek	-15.248388
unequivocal	-15.248388
scapegoats	-15.248388
sesterces	-15.248388
goomer	-15.248388
interacts	-15.248388
hideki	-15.248388
ravenna	-15.248388
rutabaga	-15.248388
meacham	-15.248388
hitori	-15.248388
burkhart	-15.248388
hin	-15.248388
helter	-15.248388
ritzy	-15.248388
supervillain	-15.248388
gormley	-15.248388
skewers	-15.248388
pamplona	-15.248388
tiene	-15.248388
obliges	-15.248388
srivastav	-15.248388
chinamen	-15.248388
doubters	-15.248388
hadron	-15.248388
quips	-15.248388
rustom	-15.248388
bueller	-15.248388
benjie	-15.248388
cabled	-15.248388
blaisdel	-15.248388
daow	-15.248388
widener	-15.248388
yeohwa	-15.248388
eller	-15.248388
assuage	-15.248388
obediently	-15.248388
ceausescu	-15.248388
vasa	-15.248388
interposing	-15.248388
pincer	-15.248388
disassembled	-15.248388
writhe	-15.248388
gennosuke	-15.248388
shenandoah	-15.248388
differing	-15.248388
incisors	-15.248388
nez	-15.248388
schon	-15.248388
impeccably	-15.248388
incapacitate	-15.248388
sacrosanct	-15.248388
spork	-15.248388
crasher	-15.248388
topsoil	-15.248388
misconceptions	-15.248388
synchronicity	-15.248388
bratton	-15.248388
empanadas	-15.248388
akasaka	-15.248388
heatstroke	-15.248388
pleats	-15.248388
fishies	-15.248388
punjabis	-15.248388
inopportune	-15.248388
hatchlings	-15.248388
degenerated	-15.248388
rahm	-15.248388
dickwad	-15.248388
trier	-15.248388
beefsteak	-15.248388
marne	-15.248388
inasmuch	-15.248388
hazama	-15.248388
berwick	-15.248388
beanpole	-15.248388
snooper	-15.248388
ata	-15.248388
reposition	-15.248388
yoshimura	-15.248388
hootie	-15.248388
lemel	-15.248388
deepening	-15.248388
moonbeams	-15.248388
nanosecond	-15.248388
heres	-15.248388
karamazov	-15.248388
fillets	-15.248388
donati	-15.248388
caroll	-15.248388
carbury	-15.248388
vert	-15.248388
sawa	-15.248388
inexorable	-15.248388
jollies	-15.248388
hodor	-15.248388
smackdown	-15.248388
narang	-15.248388
deft	-15.248388
persevered	-15.248388
culling	-15.248388
kristoffer	-15.248388
gilgamesh	-15.248388
paraphrase	-15.248388
airbender	-15.248388
landru	-15.248388
unnerved	-15.248388
brun	-15.248388
hesselboe	-15.248388
uninformed	-15.248388
volkov	-15.248388
campanella	-15.248388
microcosm	-15.248388
dramamine	-15.248388
inspirations	-15.248388
idolize	-15.254542
unblock	-15.254542
niceness	-15.254542
lauder	-15.254542
amory	-15.254542
boozy	-15.254542
yehuda	-15.254542
transfered	-15.254542
mardle	-15.254542
bonbon	-15.254542
tamponade	-15.254542
immutable	-15.254542
zayday	-15.254542
gmo	-15.254542
appeasement	-15.254542
teela	-15.254542
coachella	-15.254542
bellyful	-15.254542
jardine	-15.254542
quicksilver	-15.254542
annexation	-15.254542
siv	-15.254542
casimir	-15.254542
tachycardic	-15.254542
sciuto	-15.254542
sinaloa	-15.254542
bathwater	-15.254542
swindon	-15.254542
sump	-15.254542
overbooked	-15.254542
aomori	-15.254542
cana	-15.254542
hablo	-15.254542
terracotta	-15.254542
dubenko	-15.254542
liverwurst	-15.254542
aplenty	-15.254542
adonai	-15.254542
edelstein	-15.254542
remedied	-15.254542
celeb	-15.254542
tua	-15.254542
immensity	-15.254542
plimpton	-15.254542
modulator	-15.254542
ferociously	-15.254542
nol	-15.254542
cortina	-15.254542
broadside	-15.254542
josefine	-15.254542
callas	-15.254542
muto	-15.254542
judgy	-15.254542
mitten	-15.254542
czechoslovak	-15.254542
doubloons	-15.254542
caramels	-15.254542
kawamura	-15.254542
modernize	-15.254542
foodie	-15.254542
wigwam	-15.254542
dalal	-15.254542
bolting	-15.254542
incontrovertible	-15.254542
stipe	-15.254542
krispies	-15.254542
valco	-15.254542
dilettante	-15.254542
odi	-15.254542
halitosis	-15.254542
jetpack	-15.254542
mopalmo	-15.254542
demerits	-15.254542
malvina	-15.254542
dustpan	-15.254542
rivka	-15.254542
lethargy	-15.254542
perishing	-15.254542
tallied	-15.254542
gabbana	-15.254542
ransacking	-15.254542
womanizing	-15.254542
jaffar	-15.254542
libertarian	-15.254542
arsed	-15.254542
varda	-15.254542
talkers	-15.254542
duplicity	-15.254542
fossilised	-15.254542
chuggington	-15.254542
malaise	-15.254542
inextricably	-15.254542
indentations	-15.254542
etomidate	-15.254542
haris	-15.254542
optometrist	-15.254542
sheaves	-15.254542
peered	-15.254542
centurions	-15.254542
satch	-15.254542
immobilize	-15.254542
phoenicians	-15.254542
stanislaw	-15.254542
biosphere	-15.254542
teito	-15.254542
twitchell	-15.254542
minefields	-15.254542
ruger	-15.254542
photonic	-15.254542
newgate	-15.254542
businesslike	-15.254542
hoa	-15.254542
yasin	-15.254542
boof	-15.254542
pera	-15.254542
rito	-15.254542
lumbago	-15.254542
cherubs	-15.254542
castellan	-15.254542
placard	-15.254542
myer	-15.254542
ewell	-15.254542
camptown	-15.254542
gantu	-15.254542
tailspin	-15.254542
okatsu	-15.254542
posies	-15.254542
twiggy	-15.254542
antonov	-15.254542
negros	-15.254542
enriching	-15.254542
stoners	-15.254542
hikmet	-15.254542
kabbalah	-15.254542
netted	-15.260734
ambushing	-15.260734
desiccated	-15.260734
spiros	-15.260734
bes	-15.260734
yens	-15.260734
yucca	-15.260734
nordmann	-15.260734
litton	-15.260734
loosed	-15.260734
westerner	-15.260734
fume	-15.260734
bollock	-15.260734
yashiro	-15.260734
shrouds	-15.260734
milkha	-15.260734
carburettor	-15.260734
lustig	-15.260734
prosaic	-15.260734
sahab	-15.260734
conscripted	-15.260734
portobello	-15.260734
prearranged	-15.260734
buggies	-15.260734
outgrew	-15.260734
mongoloid	-15.260734
gora	-15.260734
beeman	-15.260734
homeopathic	-15.260734
khaleesi	-15.260734
scatters	-15.260734
normandie	-15.260734
wescott	-15.260734
mcnair	-15.260734
flynt	-15.260734
irishmen	-15.260734
pictorial	-15.260734
mirek	-15.260734
hothouse	-15.260734
gales	-15.260734
ipads	-15.260734
merriman	-15.260734
schizophrenics	-15.260734
thoughtyou	-15.260734
dally	-15.260734
paparazzo	-15.260734
ssi	-15.260734
kaleel	-15.260734
multiplex	-15.260734
chairperson	-15.260734
wadsworth	-15.260734
owie	-15.260734
fogarty	-15.260734
keck	-15.260734
senta	-15.260734
believin	-15.260734
fingertip	-15.260734
butjust	-15.260734
tenements	-15.260734
mortensen	-15.260734
sarasota	-15.260734
yasuo	-15.260734
copacetic	-15.260734
concretely	-15.260734
quasar	-15.260734
dashes	-15.260734
hertfordshire	-15.260734
bathtubs	-15.260734
erudite	-15.260734
tardes	-15.260734
horseplay	-15.260734
contraptions	-15.260734
arapaho	-15.260734
northumbria	-15.260734
leyland	-15.260734
sunburst	-15.260734
senility	-15.260734
shimako	-15.260734
masai	-15.260734
cauterize	-15.260734
weightlessness	-15.260734
crustaceans	-15.260734
naosuke	-15.260734
sinestro	-15.260734
grimsby	-15.260734
theologian	-15.260734
zambrano	-15.260734
conveyance	-15.260734
jaimie	-15.260734
kijima	-15.260734
dorotea	-15.260734
jurisdictional	-15.260734
overstating	-15.260734
gravitas	-15.260734
nakai	-15.260734
limbic	-15.260734
tira	-15.260734
mowbray	-15.260734
tourney	-15.260734
antihistamine	-15.260734
alai	-15.260734
stipulates	-15.260734
restorative	-15.260734
unzipped	-15.260734
slays	-15.260734
darzac	-15.260734
sarkar	-15.260734
bungle	-15.260734
jumpsuits	-15.260734
exempted	-15.260734
ofus	-15.260734
shelved	-15.260734
himura	-15.260734
innovate	-15.260734
ramaa	-15.260734
infiltrators	-15.260734
rishabh	-15.260734
pinche	-15.260734
steffen	-15.260734
theywere	-15.260734
doily	-15.260734
seychelles	-15.260734
oktoberfest	-15.260734
chirpy	-15.260734
devaki	-15.260734
endemic	-15.260734
sprague	-15.260734
rocca	-15.260734
lachie	-15.260734
turbot	-15.260734
zbornak	-15.260734
dimming	-15.260734
compatriot	-15.260734
tangos	-15.260734
overblown	-15.260734
ringle	-15.260734
seiya	-15.260734
yosef	-15.266964
outmoded	-15.266964
gor	-15.266964
exterminators	-15.266964
weeny	-15.266964
breastplate	-15.266964
obit	-15.266964
practicality	-15.266964
teleporting	-15.266964
egil	-15.266964
trog	-15.266964
tigris	-15.266964
summits	-15.266964
hafiz	-15.266964
lats	-15.266964
inducted	-15.266964
cotta	-15.266964
himalaya	-15.266964
iscariot	-15.266964
newfangled	-15.266964
renege	-15.266964
quilts	-15.266964
rikke	-15.266964
mykonos	-15.266964
twixt	-15.266964
gujarati	-15.266964
buchenwald	-15.266964
greaser	-15.266964
elks	-15.266964
fs	-15.266964
grays	-15.266964
fsa	-15.266964
hedwig	-15.266964
stubbed	-15.266964
deterred	-15.266964
frag	-15.266964
superheated	-15.266964
hayami	-15.266964
unfashionable	-15.266964
ber	-15.266964
starsk	-15.266964
duarte	-15.266964
epoxy	-15.266964
bur	-15.266964
scion	-15.266964
mcneal	-15.266964
jabez	-15.266964
cici	-15.266964
kotoko	-15.266964
thawne	-15.266964
dissonance	-15.266964
td	-15.266964
surmised	-15.266964
pasting	-15.266964
aylin	-15.266964
malted	-15.266964
prig	-15.266964
mogadishu	-15.266964
ignoble	-15.266964
accorded	-15.266964
shaeffer	-15.266964
pilfering	-15.266964
erkki	-15.266964
titch	-15.266964
rooker	-15.266964
saddlebags	-15.266964
wagstaff	-15.266964
gilfoyle	-15.266964
kiley	-15.266964
mealtime	-15.266964
cubits	-15.266964
diller	-15.266964
riskier	-15.266964
biloxi	-15.266964
villette	-15.266964
hh	-15.266964
eligibility	-15.266964
socialise	-15.266964
adopts	-15.266964
padlocked	-15.266964
beleaguered	-15.266964
tootie	-15.266964
pimpin	-15.266964
recessed	-15.266964
bethel	-15.266964
karat	-15.266964
magnifico	-15.266964
menage	-15.266964
kaku	-15.266964
oflife	-15.266964
storekeeper	-15.266964
brer	-15.266964
scientologist	-15.266964
takigawa	-15.266964
amundsen	-15.266964
kawahara	-15.266964
jostle	-15.266964
menswear	-15.266964
bouchard	-15.266964
earwig	-15.266964
croup	-15.266964
accommodated	-15.266964
himawari	-15.266964
semple	-15.266964
mieko	-15.266964
gra	-15.266964
burbage	-15.266964
crustacean	-15.266964
seve	-15.266964
grossing	-15.266964
hairpiece	-15.266964
olympiad	-15.266964
tacs	-15.266964
nobuo	-15.266964
personage	-15.266964
rucker	-15.266964
innovators	-15.266964
adina	-15.266964
fundraisers	-15.266964
dampening	-15.266964
spics	-15.266964
corben	-15.266964
gypsum	-15.266964
loic	-15.266964
wyxchari	-15.266964
catharsis	-15.266964
baldur	-15.266964
aqueducts	-15.266964
signage	-15.266964
eph	-15.266964
bresson	-15.266964
gatwick	-15.266964
dignitary	-15.266964
bedsheets	-15.266964
bodnar	-15.266964
sesh	-15.266964
parlance	-15.266964
matsumura	-15.266964
realtors	-15.266964
loder	-15.266964
patrolmen	-15.266964
interpreters	-15.266964
zweig	-15.266964
babineaux	-15.266964
patchy	-15.266964
sooraj	-15.266964
exorcisms	-15.266964
jurisprudence	-15.266964
chickpeas	-15.266964
xylophone	-15.266964
irrationally	-15.266964
clamping	-15.266964
zamani	-15.266964
irritability	-15.266964
deville	-15.266964
inroads	-15.266964
projectors	-15.266964
scratcher	-15.266964
jihadi	-15.266964
metas	-15.266964
jacobite	-15.266964
wreaked	-15.266964
staines	-15.266964
bink	-15.266964
petronius	-15.266964
thiago	-15.266964
chantry	-15.266964
betadine	-15.266964
clo	-15.266964
laminate	-15.266964
soyuz	-15.273234
farmyard	-15.273234
staircases	-15.273234
reapply	-15.273234
clausen	-15.273234
ghraib	-15.273234
belter	-15.273234
vour	-15.273234
estevez	-15.273234
demeanour	-15.273234
stabbings	-15.273234
expiry	-15.273234
basal	-15.273234
okuda	-15.273234
sated	-15.273234
aright	-15.273234
unmoved	-15.273234
gored	-15.273234
tweaker	-15.273234
trickles	-15.273234
sirrah	-15.273234
wallice	-15.273234
uneasiness	-15.273234
safecracker	-15.273234
junie	-15.273234
yoru	-15.273234
riend	-15.273234
hearn	-15.273234
stedman	-15.273234
shanghaied	-15.273234
outpouring	-15.273234
trumpeter	-15.273234
linchpin	-15.273234
cheveley	-15.273234
rcmp	-15.273234
independents	-15.273234
saffy	-15.273234
sholto	-15.273234
borrowers	-15.273234
creaky	-15.273234
thunderbolts	-15.273234
hove	-15.273234
communique	-15.273234
touchstone	-15.273234
bendix	-15.273234
eod	-15.273234
hollingsworth	-15.273234
palos	-15.273234
unpredictability	-15.273234
headstones	-15.273234
quitted	-15.273234
envelops	-15.273234
vented	-15.273234
fini	-15.273234
redefined	-15.273234
crooner	-15.273234
hitotsu	-15.273234
alarmingly	-15.273234
belting	-15.273234
stylings	-15.273234
wackos	-15.273234
arjuna	-15.273234
nichol	-15.273234
secrete	-15.273234
koreatown	-15.273234
culminated	-15.273234
cornucopia	-15.273234
bloodletting	-15.273234
koyuki	-15.273234
distaste	-15.273234
ramada	-15.273234
conquistador	-15.273234
fleeced	-15.273234
indigent	-15.273234
organics	-15.273234
taskmaster	-15.273234
ludie	-15.273234
teemu	-15.273234
jamey	-15.273234
chronically	-15.273234
sorata	-15.273234
oodles	-15.273234
overflowed	-15.273234
physicality	-15.273234
menstruating	-15.273234
lingam	-15.273234
grovy	-15.273234
odum	-15.273234
karuta	-15.273234
frisked	-15.273234
oligarchs	-15.273234
draupadi	-15.273234
westley	-15.273234
ery	-15.273234
dishonorably	-15.273234
interloper	-15.273234
coker	-15.273234
tus	-15.273234
jordans	-15.273234
unicycle	-15.273234
aaru	-15.273234
mati	-15.273234
pericardial	-15.273234
rolli	-15.273234
redline	-15.273234
pho	-15.273234
